Date,Open,High,Low,Close,Volume
2009-01-03 00:00:00+00:00,0.0,0.0,0.0,0.0,0.0
2009-01-04 00:00:00+00:00,0.0,0.0,0.0,0.0,0.0
2009-01-05 00:00:00+00:00,0.0,0.0,0.0,0.0,0.0
2009-01-06 00:00:00+00:00,0.0,0.0,0.0,0.0,0.0
2009-01-07 00:00:00+00:00,0.0,0.0,0.0,0.0,0.0
2009-01-08 00:00:00+00:00,0.0,0.0,0.0,0.0,0.0
2009-01-09 00:00:00+00:00,0.0,0.0,0.0,0.0,0.0
2009-01-10 00:00:00+00:00,0.0,0.0,0.0,0.0,0.0
2009-01-11 00:00:00+00:00,0.0,0.0,0.0,0.0,0.0
2009-01-12 00:00:00+00:00,0.0,0.0,0.0,0.0,0.0
2009-01-13 00:00:00+00:00,0.0,0.0,0.0,0.0,0.0
2009-01-14 00:00:00+00:00,0.0,0.0,0.0,0.0,0.0
2009-01-15 00:00:00+00:00,0.0,0.0,0.0,0.0,0.0
2009-01-16 00:00:00+00:00,0.0,0.0,0.0,0.0,0.0
2009-01-17 00:00:00+00:00,0.0,0.0,0.0,0.0,0.0
2009-01-18 00:00:00+00:00,0.0,0.0,0.0,0.0,0.0
2009-01-19 00:00:00+00:00,0.0,0.0,0.0,0.0,0.0
2009-01-20 00:00:00+00:00,0.0,0.0,0.0,0.0,0.0
2009-01-21 00:00:00+00:00,0.0,0.0,0.0,0.0,0.0
2009-01-22 00:00:00+00:00,0.0,0.0,0.0,0.0,0.0
2009-01-23 00:00:00+00:00,0.0,0.0,0.0,0.0,0.0
2009-01-24 00:00:00+00:00,0.0,0.0,0.0,0.0,0.0
2009-01-25 00:00:00+00:00,0.0,0.0,0.0,0.0,0.0
2009-01-26 00:00:00+00:00,0.0,0.0,0.0,0.0,0.0
2009-01-27 00:00:00+00:00,0.0,0.0,0.0,0.0,0.0
2009-01-28 00:00:00+00:00,0.0,0.0,0.0,0.0,0.0
2009-01-29 00:00:00+00:00,0.0,0.0,0.0,0.0,0.0
2009-01-30 00:00:00+00:00,0.0,0.0,0.0,0.0,0.0
2009-01-31 00:00:00+00:00,0.0,0.0,0.0,0.0,0.0
2009-02-01 00:00:00+00:00,0.0,0.0,0.0,0.0,0.0
2009-02-02 00:00:00+00:00,0.0,0.0,0.0,0.0,0.0
2009-02-03 00:00:00+00:00,0.0,0.0,0.0,0.0,0.0
2009-02-04 00:00:00+00:00,0.0,0.0,0.0,0.0,0.0
2009-02-05 00:00:00+00:00,0.0,0.0,0.0,0.0,0.0
2009-02-06 00:00:00+00:00,0.0,0.0,0.0,0.0,0.0
2009-02-07 00:00:00+00:00,0.0,0.0,0.0,0.0,0.0
2009-02-08 00:00:00+00:00,0.0,0.0,0.0,0.0,0.0
2009-02-09 00:00:00+00:00,0.0,0.0,0.0,0.0,0.0
2009-02-10 00:00:00+00:00,0.0,0.0,0.0,0.0,0.0
2009-02-11 00:00:00+00:00,0.0,0.0,0.0,0.0,0.0
2009-02-12 00:00:00+00:00,0.0,0.0,0.0,0.0,0.0
2009-02-13 00:00:00+00:00,0.0,0.0,0.0,0.0,0.0
2009-02-14 00:00:00+00:00,0.0,0.0,0.0,0.0,0.0
2009-02-15 00:00:00+00:00,0.0,0.0,0.0,0.0,0.0
2009-02-16 00:00:00+00:00,0.0,0.0,0.0,0.0,0.0
2009-02-17 00:00:00+00:00,0.0,0.0,0.0,0.0,0.0
2009-02-18 00:00:00+00:00,0.0,0.0,0.0,0.0,0.0
2009-02-19 00:00:00+00:00,0.0,0.0,0.0,0.0,0.0
2009-02-20 00:00:00+00:00,0.0,0.0,0.0,0.0,0.0
2009-02-21 00:00:00+00:00,0.0,0.0,0.0,0.0,0.0
2009-02-22 00:00:00+00:00,0.0,0.0,0.0,0.0,0.0
2009-02-23 00:00:00+00:00,0.0,0.0,0.0,0.0,0.0
2009-02-24 00:00:00+00:00,0.0,0.0,0.0,0.0,0.0
2009-02-25 00:00:00+00:00,0.0,0.0,0.0,0.0,0.0
2009-02-26 00:00:00+00:00,0.0,0.0,0.0,0.0,0.0
2009-02-27 00:00:00+00:00,0.0,0.0,0.0,0.0,0.0
2009-02-28 00:00:00+00:00,0.0,0.0,0.0,0.0,0.0
2009-03-01 00:00:00+00:00,0.0,0.0,0.0,0.0,0.0
2009-03-02 00:00:00+00:00,0.0,0.0,0.0,0.0,0.0
2009-03-03 00:00:00+00:00,0.0,0.0,0.0,0.0,0.0
2009-03-04 00:00:00+00:00,0.0,0.0,0.0,0.0,0.0
2009-03-05 00:00:00+00:00,0.0,0.0,0.0,0.0,0.0
2009-03-06 00:00:00+00:00,0.0,0.0,0.0,0.0,0.0
2009-03-07 00:00:00+00:00,0.0,0.0,0.0,0.0,0.0
2009-03-08 00:00:00+00:00,0.0,0.0,0.0,0.0,0.0
2009-03-09 00:00:00+00:00,0.0,0.0,0.0,0.0,0.0
2009-03-10 00:00:00+00:00,0.0,0.0,0.0,0.0,0.0
2009-03-11 00:00:00+00:00,0.0,0.0,0.0,0.0,0.0
2009-03-12 00:00:00+00:00,0.0,0.0,0.0,0.0,0.0
2009-03-13 00:00:00+00:00,0.0,0.0,0.0,0.0,0.0
2009-03-14 00:00:00+00:00,0.0,0.0,0.0,0.0,0.0
2009-03-15 00:00:00+00:00,0.0,0.0,0.0,0.0,0.0
2009-03-16 00:00:00+00:00,0.0,0.0,0.0,0.0,0.0
2009-03-17 00:00:00+00:00,0.0,0.0,0.0,0.0,0.0
2009-03-18 00:00:00+00:00,0.0,0.0,0.0,0.0,0.0
2009-03-19 00:00:00+00:00,0.0,0.0,0.0,0.0,0.0
2009-03-20 00:00:00+00:00,0.0,0.0,0.0,0.0,0.0
2009-03-21 00:00:00+00:00,0.0,0.0,0.0,0.0,0.0
2009-03-22 00:00:00+00:00,0.0,0.0,0.0,0.0,0.0
2009-03-23 00:00:00+00:00,0.0,0.0,0.0,0.0,0.0
2009-03-24 00:00:00+00:00,0.0,0.0,0.0,0.0,0.0
2009-03-25 00:00:00+00:00,0.0,0.0,0.0,0.0,0.0
2009-03-26 00:00:00+00:00,0.0,0.0,0.0,0.0,0.0
2009-03-27 00:00:00+00:00,0.0,0.0,0.0,0.0,0.0
2009-03-28 00:00:00+00:00,0.0,0.0,0.0,0.0,0.0
2009-03-29 00:00:00+00:00,0.0,0.0,0.0,0.0,0.0
2009-03-30 00:00:00+00:00,0.0,0.0,0.0,0.0,0.0
2009-03-31 00:00:00+00:00,0.0,0.0,0.0,0.0,0.0
2009-04-01 00:00:00+00:00,0.0,0.0,0.0,0.0,0.0
2009-04-02 00:00:00+00:00,0.0,0.0,0.0,0.0,0.0
2009-04-03 00:00:00+00:00,0.0,0.0,0.0,0.0,0.0
2009-04-04 00:00:00+00:00,0.0,0.0,0.0,0.0,0.0
2009-04-05 00:00:00+00:00,0.0,0.0,0.0,0.0,0.0
2009-04-06 00:00:00+00:00,0.0,0.0,0.0,0.0,0.0
2009-04-07 00:00:00+00:00,0.0,0.0,0.0,0.0,0.0
2009-04-08 00:00:00+00:00,0.0,0.0,0.0,0.0,0.0
2009-04-09 00:00:00+00:00,0.0,0.0,0.0,0.0,0.0
2009-04-10 00:00:00+00:00,0.0,0.0,0.0,0.0,0.0
2009-04-11 00:00:00+00:00,0.0,0.0,0.0,0.0,0.0
2009-04-12 00:00:00+00:00,0.0,0.0,0.0,0.0,0.0
2009-04-13 00:00:00+00:00,0.0,0.0,0.0,0.0,0.0
2009-04-14 00:00:00+00:00,0.0,0.0,0.0,0.0,0.0
2009-04-15 00:00:00+00:00,0.0,0.0,0.0,0.0,0.0
2009-04-16 00:00:00+00:00,0.0,0.0,0.0,0.0,0.0
2009-04-17 00:00:00+00:00,0.0,0.0,0.0,0.0,0.0
2009-04-18 00:00:00+00:00,0.0,0.0,0.0,0.0,0.0
2009-04-19 00:00:00+00:00,0.0,0.0,0.0,0.0,0.0
2009-04-20 00:00:00+00:00,0.0,0.0,0.0,0.0,0.0
2009-04-21 00:00:00+00:00,0.0,0.0,0.0,0.0,0.0
2009-04-22 00:00:00+00:00,0.0,0.0,0.0,0.0,0.0
2009-04-23 00:00:00+00:00,0.0,0.0,0.0,0.0,0.0
2009-04-24 00:00:00+00:00,0.0,0.0,0.0,0.0,0.0
2009-04-25 00:00:00+00:00,0.0,0.0,0.0,0.0,0.0
2009-04-26 00:00:00+00:00,0.0,0.0,0.0,0.0,0.0
2009-04-27 00:00:00+00:00,0.0,0.0,0.0,0.0,0.0
2009-04-28 00:00:00+00:00,0.0,0.0,0.0,0.0,0.0
2009-04-29 00:00:00+00:00,0.0,0.0,0.0,0.0,0.0
2009-04-30 00:00:00+00:00,0.0,0.0,0.0,0.0,0.0
2009-05-01 00:00:00+00:00,0.0,0.0,0.0,0.0,0.0
2009-05-02 00:00:00+00:00,0.0,0.0,0.0,0.0,0.0
2009-05-03 00:00:00+00:00,0.0,0.0,0.0,0.0,0.0
2009-05-04 00:00:00+00:00,0.0,0.0,0.0,0.0,0.0
2009-05-05 00:00:00+00:00,0.0,0.0,0.0,0.0,0.0
2009-05-06 00:00:00+00:00,0.0,0.0,0.0,0.0,0.0
2009-05-07 00:00:00+00:00,0.0,0.0,0.0,0.0,0.0
2009-05-08 00:00:00+00:00,0.0,0.0,0.0,0.0,0.0
2009-05-09 00:00:00+00:00,0.0,0.0,0.0,0.0,0.0
2009-05-10 00:00:00+00:00,0.0,0.0,0.0,0.0,0.0
2009-05-11 00:00:00+00:00,0.0,0.0,0.0,0.0,0.0
2009-05-12 00:00:00+00:00,0.0,0.0,0.0,0.0,0.0
2009-05-13 00:00:00+00:00,0.0,0.0,0.0,0.0,0.0
2009-05-14 00:00:00+00:00,0.0,0.0,0.0,0.0,0.0
2009-05-15 00:00:00+00:00,0.0,0.0,0.0,0.0,0.0
2009-05-16 00:00:00+00:00,0.0,0.0,0.0,0.0,0.0
2009-05-17 00:00:00+00:00,0.0,0.0,0.0,0.0,0.0
2009-05-18 00:00:00+00:00,0.0,0.0,0.0,0.0,0.0
2009-05-19 00:00:00+00:00,0.0,0.0,0.0,0.0,0.0
2009-05-20 00:00:00+00:00,0.0,0.0,0.0,0.0,0.0
2009-05-21 00:00:00+00:00,0.0,0.0,0.0,0.0,0.0
2009-05-22 00:00:00+00:00,0.0,0.0,0.0,0.0,0.0
2009-05-23 00:00:00+00:00,0.0,0.0,0.0,0.0,0.0
2009-05-24 00:00:00+00:00,0.0,0.0,0.0,0.0,0.0
2009-05-25 00:00:00+00:00,0.0,0.0,0.0,0.0,0.0
2009-05-26 00:00:00+00:00,0.0,0.0,0.0,0.0,0.0
2009-05-27 00:00:00+00:00,0.0,0.0,0.0,0.0,0.0
2009-05-28 00:00:00+00:00,0.0,0.0,0.0,0.0,0.0
2009-05-29 00:00:00+00:00,0.0,0.0,0.0,0.0,0.0
2009-05-30 00:00:00+00:00,0.0,0.0,0.0,0.0,0.0
2009-05-31 00:00:00+00:00,0.0,0.0,0.0,0.0,0.0
2009-06-01 00:00:00+00:00,0.0,0.0,0.0,0.0,0.0
2009-06-02 00:00:00+00:00,0.0,0.0,0.0,0.0,0.0
2009-06-03 00:00:00+00:00,0.0,0.0,0.0,0.0,0.0
2009-06-04 00:00:00+00:00,0.0,0.0,0.0,0.0,0.0
2009-06-05 00:00:00+00:00,0.0,0.0,0.0,0.0,0.0
2009-06-06 00:00:00+00:00,0.0,0.0,0.0,0.0,0.0
2009-06-07 00:00:00+00:00,0.0,0.0,0.0,0.0,0.0
2009-06-08 00:00:00+00:00,0.0,0.0,0.0,0.0,0.0
2009-06-09 00:00:00+00:00,0.0,0.0,0.0,0.0,0.0
2009-06-10 00:00:00+00:00,0.0,0.0,0.0,0.0,0.0
2009-06-11 00:00:00+00:00,0.0,0.0,0.0,0.0,0.0
2009-06-12 00:00:00+00:00,0.0,0.0,0.0,0.0,0.0
2009-06-13 00:00:00+00:00,0.0,0.0,0.0,0.0,0.0
2009-06-14 00:00:00+00:00,0.0,0.0,0.0,0.0,0.0
2009-06-15 00:00:00+00:00,0.0,0.0,0.0,0.0,0.0
2009-06-16 00:00:00+00:00,0.0,0.0,0.0,0.0,0.0
2009-06-17 00:00:00+00:00,0.0,0.0,0.0,0.0,0.0
2009-06-18 00:00:00+00:00,0.0,0.0,0.0,0.0,0.0
2009-06-19 00:00:00+00:00,0.0,0.0,0.0,0.0,0.0
2009-06-20 00:00:00+00:00,0.0,0.0,0.0,0.0,0.0
2009-06-21 00:00:00+00:00,0.0,0.0,0.0,0.0,0.0
2009-06-22 00:00:00+00:00,0.0,0.0,0.0,0.0,0.0
2009-06-23 00:00:00+00:00,0.0,0.0,0.0,0.0,0.0
2009-06-24 00:00:00+00:00,0.0,0.0,0.0,0.0,0.0
2009-06-25 00:00:00+00:00,0.0,0.0,0.0,0.0,0.0
2009-06-26 00:00:00+00:00,0.0,0.0,0.0,0.0,0.0
2009-06-27 00:00:00+00:00,0.0,0.0,0.0,0.0,0.0
2009-06-28 00:00:00+00:00,0.0,0.0,0.0,0.0,0.0
2009-06-29 00:00:00+00:00,0.0,0.0,0.0,0.0,0.0
2009-06-30 00:00:00+00:00,0.0,0.0,0.0,0.0,0.0
2009-07-01 00:00:00+00:00,0.0,0.0,0.0,0.0,0.0
2009-07-02 00:00:00+00:00,0.0,0.0,0.0,0.0,0.0
2009-07-03 00:00:00+00:00,0.0,0.0,0.0,0.0,0.0
2009-07-04 00:00:00+00:00,0.0,0.0,0.0,0.0,0.0
2009-07-05 00:00:00+00:00,0.0,0.0,0.0,0.0,0.0
2009-07-06 00:00:00+00:00,0.0,0.0,0.0,0.0,0.0
2009-07-07 00:00:00+00:00,0.0,0.0,0.0,0.0,0.0
2009-07-08 00:00:00+00:00,0.0,0.0,0.0,0.0,0.0
2009-07-09 00:00:00+00:00,0.0,0.0,0.0,0.0,0.0
2009-07-10 00:00:00+00:00,0.0,0.0,0.0,0.0,0.0
2009-07-11 00:00:00+00:00,0.0,0.0,0.0,0.0,0.0
2009-07-12 00:00:00+00:00,0.0,0.0,0.0,0.0,0.0
2009-07-13 00:00:00+00:00,0.0,0.0,0.0,0.0,0.0
2009-07-14 00:00:00+00:00,0.0,0.0,0.0,0.0,0.0
2009-07-15 00:00:00+00:00,0.0,0.0,0.0,0.0,0.0
2009-07-16 00:00:00+00:00,0.0,0.0,0.0,0.0,0.0
2009-07-17 00:00:00+00:00,0.0,0.0,0.0,0.0,0.0
2009-07-18 00:00:00+00:00,0.0,0.0,0.0,0.0,0.0
2009-07-19 00:00:00+00:00,0.0,0.0,0.0,0.0,0.0
2009-07-20 00:00:00+00:00,0.0,0.0,0.0,0.0,0.0
2009-07-21 00:00:00+00:00,0.0,0.0,0.0,0.0,0.0
2009-07-22 00:00:00+00:00,0.0,0.0,0.0,0.0,0.0
2009-07-23 00:00:00+00:00,0.0,0.0,0.0,0.0,0.0
2009-07-24 00:00:00+00:00,0.0,0.0,0.0,0.0,0.0
2009-07-25 00:00:00+00:00,0.0,0.0,0.0,0.0,0.0
2009-07-26 00:00:00+00:00,0.0,0.0,0.0,0.0,0.0
2009-07-27 00:00:00+00:00,0.0,0.0,0.0,0.0,0.0
2009-07-28 00:00:00+00:00,0.0,0.0,0.0,0.0,0.0
2009-07-29 00:00:00+00:00,0.0,0.0,0.0,0.0,0.0
2009-07-30 00:00:00+00:00,0.0,0.0,0.0,0.0,0.0
2009-07-31 00:00:00+00:00,0.0,0.0,0.0,0.0,0.0
2009-08-01 00:00:00+00:00,0.0,0.0,0.0,0.0,0.0
2009-08-02 00:00:00+00:00,0.0,0.0,0.0,0.0,0.0
2009-08-03 00:00:00+00:00,0.0,0.0,0.0,0.0,0.0
2009-08-04 00:00:00+00:00,0.0,0.0,0.0,0.0,0.0
2009-08-05 00:00:00+00:00,0.0,0.0,0.0,0.0,0.0
2009-08-06 00:00:00+00:00,0.0,0.0,0.0,0.0,0.0
2009-08-07 00:00:00+00:00,0.0,0.0,0.0,0.0,0.0
2009-08-08 00:00:00+00:00,0.0,0.0,0.0,0.0,0.0
2009-08-09 00:00:00+00:00,0.0,0.0,0.0,0.0,0.0
2009-08-10 00:00:00+00:00,0.0,0.0,0.0,0.0,0.0
2009-08-11 00:00:00+00:00,0.0,0.0,0.0,0.0,0.0
2009-08-12 00:00:00+00:00,0.0,0.0,0.0,0.0,0.0
2009-08-13 00:00:00+00:00,0.0,0.0,0.0,0.0,0.0
2009-08-14 00:00:00+00:00,0.0,0.0,0.0,0.0,0.0
2009-08-15 00:00:00+00:00,0.0,0.0,0.0,0.0,0.0
2009-08-16 00:00:00+00:00,0.0,0.0,0.0,0.0,0.0
2009-08-17 00:00:00+00:00,0.0,0.0,0.0,0.0,0.0
2009-08-18 00:00:00+00:00,0.0,0.0,0.0,0.0,0.0
2009-08-19 00:00:00+00:00,0.0,0.0,0.0,0.0,0.0
2009-08-20 00:00:00+00:00,0.0,0.0,0.0,0.0,0.0
2009-08-21 00:00:00+00:00,0.0,0.0,0.0,0.0,0.0
2009-08-22 00:00:00+00:00,0.0,0.0,0.0,0.0,0.0
2009-08-23 00:00:00+00:00,0.0,0.0,0.0,0.0,0.0
2009-08-24 00:00:00+00:00,0.0,0.0,0.0,0.0,0.0
2009-08-25 00:00:00+00:00,0.0,0.0,0.0,0.0,0.0
2009-08-26 00:00:00+00:00,0.0,0.0,0.0,0.0,0.0
2009-08-27 00:00:00+00:00,0.0,0.0,0.0,0.0,0.0
2009-08-28 00:00:00+00:00,0.0,0.0,0.0,0.0,0.0
2009-08-29 00:00:00+00:00,0.0,0.0,0.0,0.0,0.0
2009-08-30 00:00:00+00:00,0.0,0.0,0.0,0.0,0.0
2009-08-31 00:00:00+00:00,0.0,0.0,0.0,0.0,0.0
2009-09-01 00:00:00+00:00,0.0,0.0,0.0,0.0,0.0
2009-09-02 00:00:00+00:00,0.0,0.0,0.0,0.0,0.0
2009-09-03 00:00:00+00:00,0.0,0.0,0.0,0.0,0.0
2009-09-04 00:00:00+00:00,0.0,0.0,0.0,0.0,0.0
2009-09-05 00:00:00+00:00,0.0,0.0,0.0,0.0,0.0
2009-09-06 00:00:00+00:00,0.0,0.0,0.0,0.0,0.0
2009-09-07 00:00:00+00:00,0.0,0.0,0.0,0.0,0.0
2009-09-08 00:00:00+00:00,0.0,0.0,0.0,0.0,0.0
2009-09-09 00:00:00+00:00,0.0,0.0,0.0,0.0,0.0
2009-09-10 00:00:00+00:00,0.0,0.0,0.0,0.0,0.0
2009-09-11 00:00:00+00:00,0.0,0.0,0.0,0.0,0.0
2009-09-12 00:00:00+00:00,0.0,0.0,0.0,0.0,0.0
2009-09-13 00:00:00+00:00,0.0,0.0,0.0,0.0,0.0
2009-09-14 00:00:00+00:00,0.0,0.0,0.0,0.0,0.0
2009-09-15 00:00:00+00:00,0.0,0.0,0.0,0.0,0.0
2009-09-16 00:00:00+00:00,0.0,0.0,0.0,0.0,0.0
2009-09-17 00:00:00+00:00,0.0,0.0,0.0,0.0,0.0
2009-09-18 00:00:00+00:00,0.0,0.0,0.0,0.0,0.0
2009-09-19 00:00:00+00:00,0.0,0.0,0.0,0.0,0.0
2009-09-20 00:00:00+00:00,0.0,0.0,0.0,0.0,0.0
2009-09-21 00:00:00+00:00,0.0,0.0,0.0,0.0,0.0
2009-09-22 00:00:00+00:00,0.0,0.0,0.0,0.0,0.0
2009-09-23 00:00:00+00:00,0.0,0.0,0.0,0.0,0.0
2009-09-24 00:00:00+00:00,0.0,0.0,0.0,0.0,0.0
2009-09-25 00:00:00+00:00,0.0,0.0,0.0,0.0,0.0
2009-09-26 00:00:00+00:00,0.0,0.0,0.0,0.0,0.0
2009-09-27 00:00:00+00:00,0.0,0.0,0.0,0.0,0.0
2009-09-28 00:00:00+00:00,0.0,0.0,0.0,0.0,0.0
2009-09-29 00:00:00+00:00,0.0,0.0,0.0,0.0,0.0
2009-09-30 00:00:00+00:00,0.0,0.0,0.0,0.0,0.0
2009-10-01 00:00:00+00:00,0.0,0.0,0.0,0.0,0.0
2009-10-02 00:00:00+00:00,0.0,0.0,0.0,0.0,0.0
2009-10-03 00:00:00+00:00,0.0,0.0,0.0,0.0,0.0
2009-10-04 00:00:00+00:00,0.0,0.0,0.0,0.0,0.0
2009-10-05 00:00:00+00:00,0.0,0.0,0.0,0.0,0.0
2009-10-06 00:00:00+00:00,0.0,0.0,0.0,0.0,0.0
2009-10-07 00:00:00+00:00,0.0,0.0,0.0,0.0,0.0
2009-10-08 00:00:00+00:00,0.0,0.0,0.0,0.0,0.0
2009-10-09 00:00:00+00:00,0.0,0.0,0.0,0.0,0.0
2009-10-10 00:00:00+00:00,0.0,0.0,0.0,0.0,0.0
2009-10-11 00:00:00+00:00,0.0,0.0,0.0,0.0,0.0
2009-10-12 00:00:00+00:00,0.0,0.0,0.0,0.0,0.0
2009-10-13 00:00:00+00:00,0.0,0.0,0.0,0.0,0.0
2009-10-14 00:00:00+00:00,0.0,0.0,0.0,0.0,0.0
2009-10-15 00:00:00+00:00,0.0,0.0,0.0,0.0,0.0
2009-10-16 00:00:00+00:00,0.0,0.0,0.0,0.0,0.0
2009-10-17 00:00:00+00:00,0.0,0.0,0.0,0.0,0.0
2009-10-18 00:00:00+00:00,0.0,0.0,0.0,0.0,0.0
2009-10-19 00:00:00+00:00,0.0,0.0,0.0,0.0,0.0
2009-10-20 00:00:00+00:00,0.0,0.0,0.0,0.0,0.0
2009-10-21 00:00:00+00:00,0.0,0.0,0.0,0.0,0.0
2009-10-22 00:00:00+00:00,0.0,0.0,0.0,0.0,0.0
2009-10-23 00:00:00+00:00,0.0,0.0,0.0,0.0,0.0
2009-10-24 00:00:00+00:00,0.0,0.0,0.0,0.0,0.0
2009-10-25 00:00:00+00:00,0.0,0.0,0.0,0.0,0.0
2009-10-26 00:00:00+00:00,0.0,0.0,0.0,0.0,0.0
2009-10-27 00:00:00+00:00,0.0,0.0,0.0,0.0,0.0
2009-10-28 00:00:00+00:00,0.0,0.0,0.0,0.0,0.0
2009-10-29 00:00:00+00:00,0.0,0.0,0.0,0.0,0.0
2009-10-30 00:00:00+00:00,0.0,0.0,0.0,0.0,0.0
2009-10-31 00:00:00+00:00,0.0,0.0,0.0,0.0,0.0
2009-11-01 00:00:00+00:00,0.0,0.0,0.0,0.0,0.0
2009-11-02 00:00:00+00:00,0.0,0.0,0.0,0.0,0.0
2009-11-03 00:00:00+00:00,0.0,0.0,0.0,0.0,0.0
2009-11-04 00:00:00+00:00,0.0,0.0,0.0,0.0,0.0
2009-11-05 00:00:00+00:00,0.0,0.0,0.0,0.0,0.0
2009-11-06 00:00:00+00:00,0.0,0.0,0.0,0.0,0.0
2009-11-07 00:00:00+00:00,0.0,0.0,0.0,0.0,0.0
2009-11-08 00:00:00+00:00,0.0,0.0,0.0,0.0,0.0
2009-11-09 00:00:00+00:00,0.0,0.0,0.0,0.0,0.0
2009-11-10 00:00:00+00:00,0.0,0.0,0.0,0.0,0.0
2009-11-11 00:00:00+00:00,0.0,0.0,0.0,0.0,0.0
2009-11-12 00:00:00+00:00,0.0,0.0,0.0,0.0,0.0
2009-11-13 00:00:00+00:00,0.0,0.0,0.0,0.0,0.0
2009-11-14 00:00:00+00:00,0.0,0.0,0.0,0.0,0.0
2009-11-15 00:00:00+00:00,0.0,0.0,0.0,0.0,0.0
2009-11-16 00:00:00+00:00,0.0,0.0,0.0,0.0,0.0
2009-11-17 00:00:00+00:00,0.0,0.0,0.0,0.0,0.0
2009-11-18 00:00:00+00:00,0.0,0.0,0.0,0.0,0.0
2009-11-19 00:00:00+00:00,0.0,0.0,0.0,0.0,0.0
2009-11-20 00:00:00+00:00,0.0,0.0,0.0,0.0,0.0
2009-11-21 00:00:00+00:00,0.0,0.0,0.0,0.0,0.0
2009-11-22 00:00:00+00:00,0.0,0.0,0.0,0.0,0.0
2009-11-23 00:00:00+00:00,0.0,0.0,0.0,0.0,0.0
2009-11-24 00:00:00+00:00,0.0,0.0,0.0,0.0,0.0
2009-11-25 00:00:00+00:00,0.0,0.0,0.0,0.0,0.0
2009-11-26 00:00:00+00:00,0.0,0.0,0.0,0.0,0.0
2009-11-27 00:00:00+00:00,0.0,0.0,0.0,0.0,0.0
2009-11-28 00:00:00+00:00,0.0,0.0,0.0,0.0,0.0
2009-11-29 00:00:00+00:00,0.0,0.0,0.0,0.0,0.0
2009-11-30 00:00:00+00:00,0.0,0.0,0.0,0.0,0.0
2009-12-01 00:00:00+00:00,0.0,0.0,0.0,0.0,0.0
2009-12-02 00:00:00+00:00,0.0,0.0,0.0,0.0,0.0
2009-12-03 00:00:00+00:00,0.0,0.0,0.0,0.0,0.0
2009-12-04 00:00:00+00:00,0.0,0.0,0.0,0.0,0.0
2009-12-05 00:00:00+00:00,0.0,0.0,0.0,0.0,0.0
2009-12-06 00:00:00+00:00,0.0,0.0,0.0,0.0,0.0
2009-12-07 00:00:00+00:00,0.0,0.0,0.0,0.0,0.0
2009-12-08 00:00:00+00:00,0.0,0.0,0.0,0.0,0.0
2009-12-09 00:00:00+00:00,0.0,0.0,0.0,0.0,0.0
2009-12-10 00:00:00+00:00,0.0,0.0,0.0,0.0,0.0
2009-12-11 00:00:00+00:00,0.0,0.0,0.0,0.0,0.0
2009-12-12 00:00:00+00:00,0.0,0.0,0.0,0.0,0.0
2009-12-13 00:00:00+00:00,0.0,0.0,0.0,0.0,0.0
2009-12-14 00:00:00+00:00,0.0,0.0,0.0,0.0,0.0
2009-12-15 00:00:00+00:00,0.0,0.0,0.0,0.0,0.0
2009-12-16 00:00:00+00:00,0.0,0.0,0.0,0.0,0.0
2009-12-17 00:00:00+00:00,0.0,0.0,0.0,0.0,0.0
2009-12-18 00:00:00+00:00,0.0,0.0,0.0,0.0,0.0
2009-12-19 00:00:00+00:00,0.0,0.0,0.0,0.0,0.0
2009-12-20 00:00:00+00:00,0.0,0.0,0.0,0.0,0.0
2009-12-21 00:00:00+00:00,0.0,0.0,0.0,0.0,0.0
2009-12-22 00:00:00+00:00,0.0,0.0,0.0,0.0,0.0
2009-12-23 00:00:00+00:00,0.0,0.0,0.0,0.0,0.0
2009-12-24 00:00:00+00:00,0.0,0.0,0.0,0.0,0.0
2009-12-25 00:00:00+00:00,0.0,0.0,0.0,0.0,0.0
2009-12-26 00:00:00+00:00,0.0,0.0,0.0,0.0,0.0
2009-12-27 00:00:00+00:00,0.0,0.0,0.0,0.0,0.0
2009-12-28 00:00:00+00:00,0.0,0.0,0.0,0.0,0.0
2009-12-29 00:00:00+00:00,0.0,0.0,0.0,0.0,0.0
2009-12-30 00:00:00+00:00,0.0,0.0,0.0,0.0,0.0
2009-12-31 00:00:00+00:00,0.0,0.0,0.0,0.0,0.0
2010-01-01 00:00:00+00:00,0.0,0.0,0.0,0.0,0.0
2010-01-02 00:00:00+00:00,0.0,0.0,0.0,0.0,0.0
2010-01-03 00:00:00+00:00,0.0,0.0,0.0,0.0,0.0
2010-01-04 00:00:00+00:00,0.0,0.0,0.0,0.0,0.0
2010-01-05 00:00:00+00:00,0.0,0.0,0.0,0.0,0.0
2010-01-06 00:00:00+00:00,0.0,0.0,0.0,0.0,0.0
2010-01-07 00:00:00+00:00,0.0,0.0,0.0,0.0,0.0
2010-01-08 00:00:00+00:00,0.0,0.0,0.0,0.0,0.0
2010-01-09 00:00:00+00:00,0.0,0.0,0.0,0.0,0.0
2010-01-10 00:00:00+00:00,0.0,0.0,0.0,0.0,0.0
2010-01-11 00:00:00+00:00,0.0,0.0,0.0,0.0,0.0
2010-01-12 00:00:00+00:00,0.0,0.0,0.0,0.0,0.0
2010-01-13 00:00:00+00:00,0.0,0.0,0.0,0.0,0.0
2010-01-14 00:00:00+00:00,0.0,0.0,0.0,0.0,0.0
2010-01-15 00:00:00+00:00,0.0,0.0,0.0,0.0,0.0
2010-01-16 00:00:00+00:00,0.0,0.0,0.0,0.0,0.0
2010-01-17 00:00:00+00:00,0.0,0.0,0.0,0.0,0.0
2010-01-18 00:00:00+00:00,0.0,0.0,0.0,0.0,0.0
2010-01-19 00:00:00+00:00,0.0,0.0,0.0,0.0,0.0
2010-01-20 00:00:00+00:00,0.0,0.0,0.0,0.0,0.0
2010-01-21 00:00:00+00:00,0.0,0.0,0.0,0.0,0.0
2010-01-22 00:00:00+00:00,0.0,0.0,0.0,0.0,0.0
2010-01-23 00:00:00+00:00,0.0,0.0,0.0,0.0,0.0
2010-01-24 00:00:00+00:00,0.0,0.0,0.0,0.0,0.0
2010-01-25 00:00:00+00:00,0.0,0.0,0.0,0.0,0.0
2010-01-26 00:00:00+00:00,0.0,0.0,0.0,0.0,0.0
2010-01-27 00:00:00+00:00,0.0,0.0,0.0,0.0,0.0
2010-01-28 00:00:00+00:00,0.0,0.0,0.0,0.0,0.0
2010-01-29 00:00:00+00:00,0.0,0.0,0.0,0.0,0.0
2010-01-30 00:00:00+00:00,0.0,0.0,0.0,0.0,0.0
2010-01-31 00:00:00+00:00,0.0,0.0,0.0,0.0,0.0
2010-02-01 00:00:00+00:00,0.0,0.0,0.0,0.0,0.0
2010-02-02 00:00:00+00:00,0.0,0.0,0.0,0.0,0.0
2010-02-03 00:00:00+00:00,0.0,0.0,0.0,0.0,0.0
2010-02-04 00:00:00+00:00,0.0,0.0,0.0,0.0,0.0
2010-02-05 00:00:00+00:00,0.0,0.0,0.0,0.0,0.0
2010-02-06 00:00:00+00:00,0.0,0.0,0.0,0.0,0.0
2010-02-07 00:00:00+00:00,0.0,0.0,0.0,0.0,0.0
2010-02-08 00:00:00+00:00,0.0,0.0,0.0,0.0,0.0
2010-02-09 00:00:00+00:00,0.0,0.0,0.0,0.0,0.0
2010-02-10 00:00:00+00:00,0.0,0.0,0.0,0.0,0.0
2010-02-11 00:00:00+00:00,0.0,0.0,0.0,0.0,0.0
2010-02-12 00:00:00+00:00,0.0,0.0,0.0,0.0,0.0
2010-02-13 00:00:00+00:00,0.0,0.0,0.0,0.0,0.0
2010-02-14 00:00:00+00:00,0.0,0.0,0.0,0.0,0.0
2010-02-15 00:00:00+00:00,0.0,0.0,0.0,0.0,0.0
2010-02-16 00:00:00+00:00,0.0,0.0,0.0,0.0,0.0
2010-02-17 00:00:00+00:00,0.0,0.0,0.0,0.0,0.0
2010-02-18 00:00:00+00:00,0.0,0.0,0.0,0.0,0.0
2010-02-19 00:00:00+00:00,0.0,0.0,0.0,0.0,0.0
2010-02-20 00:00:00+00:00,0.0,0.0,0.0,0.0,0.0
2010-02-21 00:00:00+00:00,0.0,0.0,0.0,0.0,0.0
2010-02-22 00:00:00+00:00,0.0,0.0,0.0,0.0,0.0
2010-02-23 00:00:00+00:00,0.0,0.0,0.0,0.0,0.0
2010-02-24 00:00:00+00:00,0.0,0.0,0.0,0.0,0.0
2010-02-25 00:00:00+00:00,0.0,0.0,0.0,0.0,0.0
2010-02-26 00:00:00+00:00,0.0,0.0,0.0,0.0,0.0
2010-02-27 00:00:00+00:00,0.0,0.0,0.0,0.0,0.0
2010-02-28 00:00:00+00:00,0.0,0.0,0.0,0.0,0.0
2010-03-01 00:00:00+00:00,0.0,0.0,0.0,0.0,0.0
2010-03-02 00:00:00+00:00,0.0,0.0,0.0,0.0,0.0
2010-03-03 00:00:00+00:00,0.0,0.0,0.0,0.0,0.0
2010-03-04 00:00:00+00:00,0.0,0.0,0.0,0.0,0.0
2010-03-05 00:00:00+00:00,0.0,0.0,0.0,0.0,0.0
2010-03-06 00:00:00+00:00,0.0,0.0,0.0,0.0,0.0
2010-03-07 00:00:00+00:00,0.0,0.0,0.0,0.0,0.0
2010-03-08 00:00:00+00:00,0.0,0.0,0.0,0.0,0.0
2010-03-09 00:00:00+00:00,0.0,0.0,0.0,0.0,0.0
2010-03-10 00:00:00+00:00,0.0,0.0,0.0,0.0,0.0
2010-03-11 00:00:00+00:00,0.0,0.0,0.0,0.0,0.0
2010-03-12 00:00:00+00:00,0.0,0.0,0.0,0.0,0.0
2010-03-13 00:00:00+00:00,0.0,0.0,0.0,0.0,0.0
2010-03-14 00:00:00+00:00,0.0,0.0,0.0,0.0,0.0
2010-03-15 00:00:00+00:00,0.0,0.0,0.0,0.0,0.0
2010-03-16 00:00:00+00:00,0.0,0.0,0.0,0.0,0.0
2010-03-17 00:00:00+00:00,0.0,0.0,0.0,0.0,0.0
2010-03-18 00:00:00+00:00,0.0,0.0,0.0,0.0,0.0
2010-03-19 00:00:00+00:00,0.0,0.0,0.0,0.0,0.0
2010-03-20 00:00:00+00:00,0.0,0.0,0.0,0.0,0.0
2010-03-21 00:00:00+00:00,0.0,0.0,0.0,0.0,0.0
2010-03-22 00:00:00+00:00,0.0,0.0,0.0,0.0,0.0
2010-03-23 00:00:00+00:00,0.0,0.0,0.0,0.0,0.0
2010-03-24 00:00:00+00:00,0.0,0.0,0.0,0.0,0.0
2010-03-25 00:00:00+00:00,0.0,0.0,0.0,0.0,0.0
2010-03-26 00:00:00+00:00,0.0,0.0,0.0,0.0,0.0
2010-03-27 00:00:00+00:00,0.0,0.0,0.0,0.0,0.0
2010-03-28 00:00:00+00:00,0.0,0.0,0.0,0.0,0.0
2010-03-29 00:00:00+00:00,0.0,0.0,0.0,0.0,0.0
2010-03-30 00:00:00+00:00,0.0,0.0,0.0,0.0,0.0
2010-03-31 00:00:00+00:00,0.0,0.0,0.0,0.0,0.0
2010-04-01 00:00:00+00:00,0.0,0.0,0.0,0.0,0.0
2010-04-02 00:00:00+00:00,0.0,0.0,0.0,0.0,0.0
2010-04-03 00:00:00+00:00,0.0,0.0,0.0,0.0,0.0
2010-04-04 00:00:00+00:00,0.0,0.0,0.0,0.0,0.0
2010-04-05 00:00:00+00:00,0.0,0.0,0.0,0.0,0.0
2010-04-06 00:00:00+00:00,0.0,0.0,0.0,0.0,0.0
2010-04-07 00:00:00+00:00,0.0,0.0,0.0,0.0,0.0
2010-04-08 00:00:00+00:00,0.0,0.0,0.0,0.0,0.0
2010-04-09 00:00:00+00:00,0.0,0.0,0.0,0.0,0.0
2010-04-10 00:00:00+00:00,0.0,0.0,0.0,0.0,0.0
2010-04-11 00:00:00+00:00,0.0,0.0,0.0,0.0,0.0
2010-04-12 00:00:00+00:00,0.0,0.0,0.0,0.0,0.0
2010-04-13 00:00:00+00:00,0.0,0.0,0.0,0.0,0.0
2010-04-14 00:00:00+00:00,0.0,0.0,0.0,0.0,0.0
2010-04-15 00:00:00+00:00,0.0,0.0,0.0,0.0,0.0
2010-04-16 00:00:00+00:00,0.0,0.0,0.0,0.0,0.0
2010-04-17 00:00:00+00:00,0.0,0.0,0.0,0.0,0.0
2010-04-18 00:00:00+00:00,0.0,0.0,0.0,0.0,0.0
2010-04-19 00:00:00+00:00,0.0,0.0,0.0,0.0,0.0
2010-04-20 00:00:00+00:00,0.0,0.0,0.0,0.0,0.0
2010-04-21 00:00:00+00:00,0.0,0.0,0.0,0.0,0.0
2010-04-22 00:00:00+00:00,0.0,0.0,0.0,0.0,0.0
2010-04-23 00:00:00+00:00,0.0,0.0,0.0,0.0,0.0
2010-04-24 00:00:00+00:00,0.0,0.0,0.0,0.0,0.0
2010-04-25 00:00:00+00:00,0.0,0.0,0.0,0.0,0.0
2010-04-26 00:00:00+00:00,0.0,0.0,0.0,0.0,0.0
2010-04-27 00:00:00+00:00,0.0,0.0,0.0,0.0,0.0
2010-04-28 00:00:00+00:00,0.0,0.0,0.0,0.0,0.0
2010-04-29 00:00:00+00:00,0.0,0.0,0.0,0.0,0.0
2010-04-30 00:00:00+00:00,0.0,0.0,0.0,0.0,0.0
2010-05-01 00:00:00+00:00,0.0,0.0,0.0,0.0,0.0
2010-05-02 00:00:00+00:00,0.0,0.0,0.0,0.0,0.0
2010-05-03 00:00:00+00:00,0.0,0.0,0.0,0.0,0.0
2010-05-04 00:00:00+00:00,0.0,0.0,0.0,0.0,0.0
2010-05-05 00:00:00+00:00,0.0,0.0,0.0,0.0,0.0
2010-05-06 00:00:00+00:00,0.0,0.0,0.0,0.0,0.0
2010-05-07 00:00:00+00:00,0.0,0.0,0.0,0.0,0.0
2010-05-08 00:00:00+00:00,0.0,0.0,0.0,0.0,0.0
2010-05-09 00:00:00+00:00,0.0,0.0,0.0,0.0,0.0
2010-05-10 00:00:00+00:00,0.0,0.0,0.0,0.0,0.0
2010-05-11 00:00:00+00:00,0.0,0.0,0.0,0.0,0.0
2010-05-12 00:00:00+00:00,0.0,0.0,0.0,0.0,0.0
2010-05-13 00:00:00+00:00,0.0,0.0,0.0,0.0,0.0
2010-05-14 00:00:00+00:00,0.0,0.0,0.0,0.0,0.0
2010-05-15 00:00:00+00:00,0.0,0.0,0.0,0.0,0.0
2010-05-16 00:00:00+00:00,0.0,0.0,0.0,0.0,0.0
2010-05-17 00:00:00+00:00,0.0,0.0,0.0,0.0,0.0
2010-05-18 00:00:00+00:00,0.0,0.0,0.0,0.0,0.0
2010-05-19 00:00:00+00:00,0.0,0.0,0.0,0.0,0.0
2010-05-20 00:00:00+00:00,0.0,0.0,0.0,0.0,0.0
2010-05-21 00:00:00+00:00,0.0,0.0,0.0,0.0,0.0
2010-05-22 00:00:00+00:00,0.0,0.0,0.0,0.0,0.0
2010-05-23 00:00:00+00:00,0.0,0.0,0.0,0.0,0.0
2010-05-24 00:00:00+00:00,0.0,0.0,0.0,0.0,0.0
2010-05-25 00:00:00+00:00,0.0,0.0,0.0,0.0,0.0
2010-05-26 00:00:00+00:00,0.0,0.0,0.0,0.0,0.0
2010-05-27 00:00:00+00:00,0.0,0.0,0.0,0.0,0.0
2010-05-28 00:00:00+00:00,0.0,0.0,0.0,0.0,0.0
2010-05-29 00:00:00+00:00,0.0,0.0,0.0,0.0,0.0
2010-05-30 00:00:00+00:00,0.0,0.0,0.0,0.0,0.0
2010-05-31 00:00:00+00:00,0.0,0.0,0.0,0.0,0.0
2010-06-01 00:00:00+00:00,0.0,0.0,0.0,0.0,0.0
2010-06-02 00:00:00+00:00,0.0,0.0,0.0,0.0,0.0
2010-06-03 00:00:00+00:00,0.0,0.0,0.0,0.0,0.0
2010-06-04 00:00:00+00:00,0.0,0.0,0.0,0.0,0.0
2010-06-05 00:00:00+00:00,0.0,0.0,0.0,0.0,0.0
2010-06-06 00:00:00+00:00,0.0,0.0,0.0,0.0,0.0
2010-06-07 00:00:00+00:00,0.0,0.0,0.0,0.0,0.0
2010-06-08 00:00:00+00:00,0.0,0.0,0.0,0.0,0.0
2010-06-09 00:00:00+00:00,0.0,0.0,0.0,0.0,0.0
2010-06-10 00:00:00+00:00,0.0,0.0,0.0,0.0,0.0
2010-06-11 00:00:00+00:00,0.0,0.0,0.0,0.0,0.0
2010-06-12 00:00:00+00:00,0.0,0.0,0.0,0.0,0.0
2010-06-13 00:00:00+00:00,0.0,0.0,0.0,0.0,0.0
2010-06-14 00:00:00+00:00,0.0,0.0,0.0,0.0,0.0
2010-06-15 00:00:00+00:00,0.0,0.0,0.0,0.0,0.0
2010-06-16 00:00:00+00:00,0.0,0.0,0.0,0.0,0.0
2010-06-17 00:00:00+00:00,0.0,0.0,0.0,0.0,0.0
2010-06-18 00:00:00+00:00,0.0,0.0,0.0,0.0,0.0
2010-06-19 00:00:00+00:00,0.0,0.0,0.0,0.0,0.0
2010-06-20 00:00:00+00:00,0.0,0.0,0.0,0.0,0.0
2010-06-21 00:00:00+00:00,0.0,0.0,0.0,0.0,0.0
2010-06-22 00:00:00+00:00,0.0,0.0,0.0,0.0,0.0
2010-06-23 00:00:00+00:00,0.0,0.0,0.0,0.0,0.0
2010-06-24 00:00:00+00:00,0.0,0.0,0.0,0.0,0.0
2010-06-25 00:00:00+00:00,0.0,0.0,0.0,0.0,0.0
2010-06-26 00:00:00+00:00,0.0,0.0,0.0,0.0,0.0
2010-06-27 00:00:00+00:00,0.0,0.0,0.0,0.0,0.0
2010-06-28 00:00:00+00:00,0.0,0.0,0.0,0.0,0.0
2010-06-29 00:00:00+00:00,0.0,0.0,0.0,0.0,0.0
2010-06-30 00:00:00+00:00,0.0,0.0,0.0,0.0,0.0
2010-07-01 00:00:00+00:00,0.0,0.0,0.0,0.0,0.0
2010-07-02 00:00:00+00:00,0.0,0.0,0.0,0.0,0.0
2010-07-03 00:00:00+00:00,0.0,0.0,0.0,0.0,0.0
2010-07-04 00:00:00+00:00,0.0,0.0,0.0,0.0,0.0
2010-07-05 00:00:00+00:00,0.0,0.0,0.0,0.0,0.0
2010-07-06 00:00:00+00:00,0.0,0.0,0.0,0.0,0.0
2010-07-07 00:00:00+00:00,0.0,0.0,0.0,0.0,0.0
2010-07-08 00:00:00+00:00,0.0,0.0,0.0,0.0,0.0
2010-07-09 00:00:00+00:00,0.0,0.0,0.0,0.0,0.0
2010-07-10 00:00:00+00:00,0.0,0.0,0.0,0.0,0.0
2010-07-11 00:00:00+00:00,0.0,0.0,0.0,0.0,0.0
2010-07-12 00:00:00+00:00,0.0,0.0,0.0,0.0,0.0
2010-07-13 00:00:00+00:00,0.0,0.0,0.0,0.0,0.0
2010-07-14 00:00:00+00:00,0.0,0.0,0.0,0.0,0.0
2010-07-15 00:00:00+00:00,0.0,0.0,0.0,0.0,0.0
2010-07-16 00:00:00+00:00,0.0,0.0,0.0,0.0,0.0
2010-07-17 00:00:00+00:00,0.0,0.0,0.0,0.0,0.0
2010-07-18 00:00:00+00:00,0.0,0.0,0.0,0.0,0.0
2010-07-19 00:00:00+00:00,0.0,0.0,0.0,0.0,0.0
2010-07-20 00:00:00+00:00,0.0,0.0,0.0,0.0,0.0
2010-07-21 00:00:00+00:00,0.0,0.0,0.0,0.0,0.0
2010-07-22 00:00:00+00:00,0.0,0.0,0.0,0.0,0.0
2010-07-23 00:00:00+00:00,0.0,0.0,0.0,0.0,0.0
2010-07-24 00:00:00+00:00,0.0,0.0,0.0,0.0,0.0
2010-07-25 00:00:00+00:00,0.0,0.0,0.0,0.0,0.0
2010-07-26 00:00:00+00:00,0.0,0.0,0.0,0.0,0.0
2010-07-27 00:00:00+00:00,0.0,0.0,0.0,0.0,0.0
2010-07-28 00:00:00+00:00,0.0,0.0,0.0,0.0,0.0
2010-07-29 00:00:00+00:00,0.0,0.0,0.0,0.0,0.0
2010-07-30 00:00:00+00:00,0.0,0.0,0.0,0.0,0.0
2010-07-31 00:00:00+00:00,0.0,0.0,0.0,0.0,0.0
2010-08-01 00:00:00+00:00,0.0,0.0,0.0,0.0,0.0
2010-08-02 00:00:00+00:00,0.0,0.0,0.0,0.0,0.0
2010-08-03 00:00:00+00:00,0.0,0.0,0.0,0.0,0.0
2010-08-04 00:00:00+00:00,0.0,0.0,0.0,0.0,0.0
2010-08-05 00:00:00+00:00,0.0,0.0,0.0,0.0,0.0
2010-08-06 00:00:00+00:00,0.0,0.0,0.0,0.0,0.0
2010-08-07 00:00:00+00:00,0.0,0.0,0.0,0.0,0.0
2010-08-08 00:00:00+00:00,0.0,0.0,0.0,0.0,0.0
2010-08-09 00:00:00+00:00,0.0,0.0,0.0,0.0,0.0
2010-08-10 00:00:00+00:00,0.0,0.0,0.0,0.0,0.0
2010-08-11 00:00:00+00:00,0.0,0.0,0.0,0.0,0.0
2010-08-12 00:00:00+00:00,0.0,0.0,0.0,0.0,0.0
2010-08-13 00:00:00+00:00,0.0,0.0,0.0,0.0,0.0
2010-08-14 00:00:00+00:00,0.0,0.0,0.0,0.0,0.0
2010-08-15 00:00:00+00:00,0.0,0.0,0.0,0.0,0.0
2010-08-16 00:00:00+00:00,0.0,0.0,0.0,0.0,0.0
2010-08-17 00:00:00+00:00,0.0,0.0,0.0,0.0,0.0
2010-08-18 00:00:00+00:00,0.0,0.07014000000000001,0.0,0.07,0.0
2010-08-19 00:00:00+00:00,0.07,0.07014000000000001,0.06986,0.07,0.0
2010-08-20 00:00:00+00:00,0.07,0.07014000000000001,0.06986,0.07,0.0
2010-08-21 00:00:00+00:00,0.07,0.07014000000000001,0.06986,0.07,0.0
2010-08-22 00:00:00+00:00,0.07,0.07014000000000001,0.06986,0.07,0.0
2010-08-23 00:00:00+00:00,0.07,0.07014000000000001,0.06986,0.07,0.0
2010-08-24 00:00:00+00:00,0.07,0.07014000000000001,0.06986,0.07,0.0
2010-08-25 00:00:00+00:00,0.07,0.07014000000000001,0.06986,0.07,0.0
2010-08-26 00:00:00+00:00,0.07,0.07014000000000001,0.06986,0.07,0.0
2010-08-27 00:00:00+00:00,0.07,0.07014000000000001,0.06986,0.07,0.0
2010-08-28 00:00:00+00:00,0.07,0.07014000000000001,0.06986,0.07,0.0
2010-08-29 00:00:00+00:00,0.07,0.07014000000000001,0.059879999999999996,0.06,0.0
2010-08-30 00:00:00+00:00,0.06,0.07014000000000001,0.059879999999999996,0.07,0.0
2010-08-31 00:00:00+00:00,0.07,0.07014000000000001,0.06986,0.07,0.0
2010-09-01 00:00:00+00:00,0.07,0.07014000000000001,0.059879999999999996,0.06,0.0
2010-09-02 00:00:00+00:00,0.06,0.06012,0.059879999999999996,0.06,0.0
2010-09-03 00:00:00+00:00,0.06,0.06012,0.059879999999999996,0.06,0.0
2010-09-04 00:00:00+00:00,0.06,0.06012,0.059879999999999996,0.06,0.0
2010-09-05 00:00:00+00:00,0.06,0.06012,0.059879999999999996,0.06,0.0
2010-09-06 00:00:00+00:00,0.06,0.06012,0.059879999999999996,0.06,0.0
2010-09-07 00:00:00+00:00,0.06,0.06012,0.059879999999999996,0.06,0.0
2010-09-08 00:00:00+00:00,0.06,0.06012,0.059879999999999996,0.06,0.0
2010-09-09 00:00:00+00:00,0.06,0.06012,0.059879999999999996,0.06,0.0
2010-09-10 00:00:00+00:00,0.06,0.06012,0.059879999999999996,0.06,0.0
2010-09-11 00:00:00+00:00,0.06,0.06012,0.059879999999999996,0.06,0.0
2010-09-12 00:00:00+00:00,0.06,0.06012,0.059879999999999996,0.06,0.0
2010-09-13 00:00:00+00:00,0.06,0.06012,0.059879999999999996,0.06,0.0
2010-09-14 00:00:00+00:00,0.06,0.06012,0.059879999999999996,0.06,0.0
2010-09-15 00:00:00+00:00,0.06,0.09018,0.059879999999999996,0.09,0.0
2010-09-16 00:00:00+00:00,0.09,0.1503,0.08982,0.15,0.0
2010-09-17 00:00:00+00:00,0.15,0.1503,0.059879999999999996,0.06,0.0
2010-09-18 00:00:00+00:00,0.06,0.06012,0.059879999999999996,0.06,0.0
2010-09-19 00:00:00+00:00,0.06,0.06012,0.059879999999999996,0.06,0.0
2010-09-20 00:00:00+00:00,0.06,0.06012,0.059879999999999996,0.06,0.0
2010-09-21 00:00:00+00:00,0.06,0.06012,0.059879999999999996,0.06,0.0
2010-09-22 00:00:00+00:00,0.06,0.06012,0.059879999999999996,0.06,0.0
2010-09-23 00:00:00+00:00,0.06,0.06012,0.059879999999999996,0.06,0.0
2010-09-24 00:00:00+00:00,0.06,0.06012,0.059879999999999996,0.06,0.0
2010-09-25 00:00:00+00:00,0.06,0.06012,0.059879999999999996,0.06,0.0
2010-09-26 00:00:00+00:00,0.06,0.06012,0.059879999999999996,0.06,0.0
2010-09-27 00:00:00+00:00,0.06,0.06012,0.059879999999999996,0.06,0.0
2010-09-28 00:00:00+00:00,0.06,0.06012,0.059879999999999996,0.06,0.0
2010-09-29 00:00:00+00:00,0.06,0.06012,0.059879999999999996,0.06,0.0
2010-09-30 00:00:00+00:00,0.06,0.06012,0.059879999999999996,0.06,0.0
2010-10-01 00:00:00+00:00,0.06,0.06012,0.059879999999999996,0.06,0.0
2010-10-02 00:00:00+00:00,0.06,0.06012,0.059879999999999996,0.06,0.0
2010-10-03 00:00:00+00:00,0.06,0.06012,0.059879999999999996,0.06,0.0
2010-10-04 00:00:00+00:00,0.06,0.06012,0.059879999999999996,0.06,0.0
2010-10-05 00:00:00+00:00,0.06,0.06012,0.059879999999999996,0.06,0.0
2010-10-06 00:00:00+00:00,0.06,0.06012,0.059879999999999996,0.06,0.0
2010-10-07 00:00:00+00:00,0.06,0.06012,0.059879999999999996,0.06,0.0
2010-10-08 00:00:00+00:00,0.06,0.07014000000000001,0.059879999999999996,0.07,0.0
2010-10-09 00:00:00+00:00,0.07,0.10020000000000001,0.06986,0.1,0.0
2010-10-10 00:00:00+00:00,0.1,0.12024,0.0998,0.12,0.0
2010-10-11 00:00:00+00:00,0.12,0.12024,0.11975999999999999,0.12,0.0
2010-10-12 00:00:00+00:00,0.12,0.12024,0.11975999999999999,0.12,0.0
2010-10-13 00:00:00+00:00,0.12,0.12024,0.0998,0.1,0.0
2010-10-14 00:00:00+00:00,0.1,0.10020000000000001,0.0998,0.1,0.0
2010-10-15 00:00:00+00:00,0.1,0.11022,0.0998,0.11,0.0
2010-10-16 00:00:00+00:00,0.11,0.12024,0.10978,0.12,0.0
2010-10-17 00:00:00+00:00,0.12,0.12024,0.10978,0.11,0.0
2010-10-18 00:00:00+00:00,0.11,0.11022,0.0998,0.1,0.0
2010-10-19 00:00:00+00:00,0.1,0.10020000000000001,0.0998,0.1,0.0
2010-10-20 00:00:00+00:00,0.1,0.10020000000000001,0.0998,0.1,0.0
2010-10-21 00:00:00+00:00,0.1,0.10020000000000001,0.0998,0.1,0.0
2010-10-22 00:00:00+00:00,0.1,0.11022,0.0998,0.11,0.0
2010-10-23 00:00:00+00:00,0.11,0.11022,0.10978,0.11,0.0
2010-10-24 00:00:00+00:00,0.11,0.13026000000000001,0.10978,0.13,0.0
2010-10-25 00:00:00+00:00,0.13,0.18036,0.12974,0.18,0.0
2010-10-26 00:00:00+00:00,0.18,0.18036,0.15968000000000002,0.16,0.0
2010-10-27 00:00:00+00:00,0.16,0.19038,0.15968000000000002,0.19,0.0
2010-10-28 00:00:00+00:00,0.19,0.19038,0.18962,0.19,0.0
2010-10-29 00:00:00+00:00,0.19,0.19038,0.18962,0.19,0.0
2010-10-30 00:00:00+00:00,0.19,0.19038,0.18962,0.19,0.0
2010-10-31 00:00:00+00:00,0.19,0.19038,0.18962,0.19,0.0
2010-11-01 00:00:00+00:00,0.19,0.20040000000000002,0.18962,0.2,0.0
2010-11-02 00:00:00+00:00,0.2,0.20040000000000002,0.1996,0.2,0.0
2010-11-03 00:00:00+00:00,0.2,0.21042,0.1996,0.21,0.0
2010-11-04 00:00:00+00:00,0.21,0.27054,0.20958,0.27,0.0
2010-11-05 00:00:00+00:00,0.27,0.27054,0.23951999999999998,0.24,0.0
2010-11-06 00:00:00+00:00,0.24,0.2505,0.23951999999999998,0.25,0.0
2010-11-07 00:00:00+00:00,0.25,0.34068000000000004,0.2495,0.34,0.0
2010-11-08 00:00:00+00:00,0.34,0.47093999999999997,0.33932,0.47,0.0
2010-11-09 00:00:00+00:00,0.47,0.47093999999999997,0.35928,0.36,0.0
2010-11-10 00:00:00+00:00,0.36,0.36072,0.31936000000000003,0.32,0.0
2010-11-11 00:00:00+00:00,0.32,0.32064,0.25948,0.26,0.0
2010-11-12 00:00:00+00:00,0.26,0.26052000000000003,0.23951999999999998,0.24,0.0
2010-11-13 00:00:00+00:00,0.24,0.26052000000000003,0.23951999999999998,0.26,0.0
2010-11-14 00:00:00+00:00,0.26,0.3006,0.25948,0.3,0.0
2010-11-15 00:00:00+00:00,0.3,0.3006,0.2994,0.3,0.0
2010-11-16 00:00:00+00:00,0.3,0.3006,0.27944,0.28,0.0
2010-11-17 00:00:00+00:00,0.28,0.28056000000000003,0.27944,0.28,0.0
2010-11-18 00:00:00+00:00,0.28,0.28056000000000003,0.27944,0.28,0.0
2010-11-19 00:00:00+00:00,0.28,0.29058,0.27944,0.29,0.0
2010-11-20 00:00:00+00:00,0.29,0.29058,0.27944,0.28,0.0
2010-11-21 00:00:00+00:00,0.28,0.29058,0.27944,0.29,0.0
2010-11-22 00:00:00+00:00,0.29,0.29058,0.28941999999999996,0.29,0.0
2010-11-23 00:00:00+00:00,0.29,0.29058,0.27944,0.28,0.0
2010-11-24 00:00:00+00:00,0.28,0.29058,0.27944,0.29,0.0
2010-11-25 00:00:00+00:00,0.29,0.29058,0.27944,0.28,0.0
2010-11-26 00:00:00+00:00,0.28,0.28056000000000003,0.27944,0.28,0.0
2010-11-27 00:00:00+00:00,0.28,0.29058,0.27944,0.29,0.0
2010-11-28 00:00:00+00:00,0.29,0.29058,0.27944,0.28,0.0
2010-11-29 00:00:00+00:00,0.28,0.28056000000000003,0.27944,0.28,0.0
2010-11-30 00:00:00+00:00,0.28,0.28056000000000003,0.27944,0.28,0.0
2010-12-01 00:00:00+00:00,0.28,0.28056000000000003,0.25948,0.26,0.0
2010-12-02 00:00:00+00:00,0.26,0.26052000000000003,0.22954000000000002,0.23,0.0
2010-12-03 00:00:00+00:00,0.23,0.2505,0.22954000000000002,0.25,0.0
2010-12-04 00:00:00+00:00,0.25,0.26052000000000003,0.2495,0.26,0.0
2010-12-05 00:00:00+00:00,0.26,0.26052000000000003,0.2495,0.25,0.0
2010-12-06 00:00:00+00:00,0.25,0.2505,0.22954000000000002,0.23,0.0
2010-12-07 00:00:00+00:00,0.23,0.23046,0.22954000000000002,0.23,0.0
2010-12-08 00:00:00+00:00,0.23,0.23046,0.22954000000000002,0.23,0.0
2010-12-09 00:00:00+00:00,0.23,0.2505,0.22954000000000002,0.25,0.0
2010-12-10 00:00:00+00:00,0.25,0.2505,0.22954000000000002,0.23,0.0
2010-12-11 00:00:00+00:00,0.23,0.23046,0.20958,0.21,0.0
2010-12-12 00:00:00+00:00,0.21,0.23046,0.20958,0.23,0.0
2010-12-13 00:00:00+00:00,0.23,0.23046,0.22954000000000002,0.23,0.0
2010-12-14 00:00:00+00:00,0.23,0.23046,0.22954000000000002,0.23,0.0
2010-12-15 00:00:00+00:00,0.23,0.23046,0.22954000000000002,0.23,0.0
2010-12-16 00:00:00+00:00,0.23,0.2505,0.22954000000000002,0.25,0.0
2010-12-17 00:00:00+00:00,0.25,0.2505,0.2495,0.25,0.0
2010-12-18 00:00:00+00:00,0.25,0.2505,0.2495,0.25,0.0
2010-12-19 00:00:00+00:00,0.25,0.2505,0.2495,0.25,0.0
2010-12-20 00:00:00+00:00,0.25,0.26052000000000003,0.2495,0.26,0.0
2010-12-21 00:00:00+00:00,0.26,0.27054,0.25948,0.27,0.0
2010-12-22 00:00:00+00:00,0.27,0.27054,0.26946000000000003,0.27,0.0
2010-12-23 00:00:00+00:00,0.27,0.27054,0.25948,0.26,0.0
2010-12-24 00:00:00+00:00,0.26,0.26052000000000003,0.2495,0.25,0.0
2010-12-25 00:00:00+00:00,0.25,0.2505,0.2495,0.25,0.0
2010-12-26 00:00:00+00:00,0.25,0.2505,0.2495,0.25,0.0
2010-12-27 00:00:00+00:00,0.25,0.27054,0.2495,0.27,0.0
2010-12-28 00:00:00+00:00,0.27,0.27054,0.26946000000000003,0.27,0.0
2010-12-29 00:00:00+00:00,0.27,0.29058,0.26946000000000003,0.29,0.0
2010-12-30 00:00:00+00:00,0.29,0.3006,0.28941999999999996,0.3,0.0
2010-12-31 00:00:00+00:00,0.3,0.3006,0.2994,0.3,0.0
2011-01-01 00:00:00+00:00,0.3,0.3006,0.2994,0.3,0.0
2011-01-02 00:00:00+00:00,0.3,0.3006,0.2994,0.3,0.0
2011-01-03 00:00:00+00:00,0.3,0.3006,0.2994,0.3,0.0
2011-01-04 00:00:00+00:00,0.3,0.3006,0.2994,0.3,0.0
2011-01-05 00:00:00+00:00,0.3,0.3006,0.2994,0.3,0.0
2011-01-06 00:00:00+00:00,0.3,0.3006,0.2994,0.3,0.0
2011-01-07 00:00:00+00:00,0.3,0.3006,0.2994,0.3,0.0
2011-01-08 00:00:00+00:00,0.3,0.32064,0.2994,0.32,0.0
2011-01-09 00:00:00+00:00,0.32,0.32064,0.31936000000000003,0.32,0.0
2011-01-10 00:00:00+00:00,0.32,0.32064,0.31936000000000003,0.32,0.0
2011-01-11 00:00:00+00:00,0.32,0.33066,0.31936000000000003,0.33,0.0
2011-01-12 00:00:00+00:00,0.33,0.33066,0.32934,0.33,0.0
2011-01-13 00:00:00+00:00,0.33,0.36072,0.32934,0.36,0.0
2011-01-14 00:00:00+00:00,0.36,0.42084,0.35928,0.42,0.0
2011-01-15 00:00:00+00:00,0.42,0.44088,0.41916,0.44,0.0
2011-01-16 00:00:00+00:00,0.44,0.44088,0.3992,0.4,0.0
2011-01-17 00:00:00+00:00,0.4,0.40080000000000005,0.3992,0.4,0.0
2011-01-18 00:00:00+00:00,0.4,0.40080000000000005,0.3992,0.4,0.0
2011-01-19 00:00:00+00:00,0.4,0.40080000000000005,0.37924,0.38,0.0
2011-01-20 00:00:00+00:00,0.38,0.38076,0.3493,0.35,0.0
2011-01-21 00:00:00+00:00,0.35,0.38076,0.3493,0.38,0.0
2011-01-22 00:00:00+00:00,0.38,0.44088,0.37924,0.44,0.0
2011-01-23 00:00:00+00:00,0.44,0.44088,0.42913999999999997,0.43,0.0
2011-01-24 00:00:00+00:00,0.43,0.44088,0.42913999999999997,0.44,0.0
2011-01-25 00:00:00+00:00,0.44,0.44088,0.43912,0.44,0.0
2011-01-26 00:00:00+00:00,0.44,0.44088,0.42913999999999997,0.43,0.0
2011-01-27 00:00:00+00:00,0.43,0.43086,0.41916,0.42,0.0
2011-01-28 00:00:00+00:00,0.42,0.43086,0.41916,0.43,0.0
2011-01-29 00:00:00+00:00,0.43,0.4509,0.42913999999999997,0.45,0.0
2011-01-30 00:00:00+00:00,0.45,0.4509,0.4491,0.45,0.0
2011-01-31 00:00:00+00:00,0.45,0.48096,0.4491,0.48,0.0
2011-02-01 00:00:00+00:00,0.48,0.61122,0.47903999999999997,0.61,0.0
2011-02-02 00:00:00+00:00,0.61,0.92184,0.60878,0.92,0.0
2011-02-03 00:00:00+00:00,0.92,0.92184,0.81836,0.82,0.0
2011-02-04 00:00:00+00:00,0.82,0.8216399999999999,0.77844,0.78,0.0
2011-02-05 00:00:00+00:00,0.78,0.89178,0.77844,0.89,0.0
2011-02-06 00:00:00+00:00,0.89,0.92184,0.88822,0.92,0.0
2011-02-07 00:00:00+00:00,0.92,0.92184,0.9181600000000001,0.92,0.0
2011-02-08 00:00:00+00:00,0.92,0.92184,0.8982,0.9,0.0
2011-02-09 00:00:00+00:00,0.9,0.9118200000000001,0.8982,0.91,0.0
2011-02-10 00:00:00+00:00,0.91,0.97194,0.90818,0.97,0.0
2011-02-11 00:00:00+00:00,0.97,1.08216,0.9680599999999999,1.08,0.0
2011-02-12 00:00:00+00:00,1.08,1.08216,1.02794,1.03,0.0
2011-02-13 00:00:00+00:00,1.03,1.0921800000000002,1.02794,1.09,0.0
2011-02-14 00:00:00+00:00,1.09,1.0921800000000002,1.0778400000000001,1.08,0.0
2011-02-15 00:00:00+00:00,1.08,1.08216,1.0778400000000001,1.08,0.0
2011-02-16 00:00:00+00:00,1.08,1.08216,1.0778400000000001,1.08,0.0
2011-02-17 00:00:00+00:00,1.08,1.08216,1.0479,1.05,0.0
2011-02-18 00:00:00+00:00,1.05,1.0521,1.0479,1.05,0.0
2011-02-19 00:00:00+00:00,1.05,1.0521,1.03792,1.04,0.0
2011-02-20 00:00:00+00:00,1.04,1.0420800000000001,0.998,1.0,0.0
2011-02-21 00:00:00+00:00,1.0,1.002,0.93812,0.94,0.0
2011-02-22 00:00:00+00:00,0.94,0.9418799999999999,0.87824,0.88,0.0
2011-02-23 00:00:00+00:00,0.88,0.89178,0.87824,0.89,0.0
2011-02-24 00:00:00+00:00,0.89,0.9519,0.88822,0.95,0.0
2011-02-25 00:00:00+00:00,0.95,0.96192,0.9480999999999999,0.96,0.0
2011-02-26 00:00:00+00:00,0.96,1.002,0.9580799999999999,1.0,0.0
2011-02-27 00:00:00+00:00,1.0,1.002,0.97804,0.98,0.0
2011-02-28 00:00:00+00:00,0.98,0.9819599999999999,0.9580799999999999,0.96,0.0
2011-03-01 00:00:00+00:00,0.96,0.96192,0.9480999999999999,0.95,0.0
2011-03-02 00:00:00+00:00,0.95,0.97194,0.9480999999999999,0.97,0.0
2011-03-03 00:00:00+00:00,0.97,0.97194,0.9480999999999999,0.95,0.0
2011-03-04 00:00:00+00:00,0.95,0.9519,0.93812,0.94,0.0
2011-03-05 00:00:00+00:00,0.94,0.9418799999999999,0.9281400000000001,0.93,0.0
2011-03-06 00:00:00+00:00,0.93,0.93186,0.9181600000000001,0.92,0.0
2011-03-07 00:00:00+00:00,0.92,0.92184,0.90818,0.91,0.0
2011-03-08 00:00:00+00:00,0.91,0.9118200000000001,0.90818,0.91,0.0
2011-03-09 00:00:00+00:00,0.91,0.9118200000000001,0.8982,0.9,0.0
2011-03-10 00:00:00+00:00,0.9,0.9018,0.87824,0.88,0.0
2011-03-11 00:00:00+00:00,0.88,0.89178,0.87824,0.89,0.0
2011-03-12 00:00:00+00:00,0.89,0.93186,0.88822,0.93,0.0
2011-03-13 00:00:00+00:00,0.93,0.93186,0.9181600000000001,0.92,0.0
2011-03-14 00:00:00+00:00,0.92,0.92184,0.90818,0.91,0.0
2011-03-15 00:00:00+00:00,0.91,0.9118200000000001,0.8982,0.9,0.0
2011-03-16 00:00:00+00:00,0.9,0.9018,0.8982,0.9,0.0
2011-03-17 00:00:00+00:00,0.9,0.9018,0.88822,0.89,0.0
2011-03-18 00:00:00+00:00,0.89,0.89178,0.86826,0.87,0.0
2011-03-19 00:00:00+00:00,0.87,0.87174,0.83832,0.84,0.0
2011-03-20 00:00:00+00:00,0.84,0.84168,0.81836,0.82,0.0
2011-03-21 00:00:00+00:00,0.82,0.8216399999999999,0.78842,0.79,0.0
2011-03-22 00:00:00+00:00,0.79,0.7915800000000001,0.78842,0.79,0.0
2011-03-23 00:00:00+00:00,0.79,0.81162,0.78842,0.81,0.0
2011-03-24 00:00:00+00:00,0.81,0.86172,0.8083800000000001,0.86,0.0
2011-03-25 00:00:00+00:00,0.86,0.9018,0.8582799999999999,0.9,0.0
2011-03-26 00:00:00+00:00,0.9,0.9018,0.88822,0.89,0.0
2011-03-27 00:00:00+00:00,0.89,0.9018,0.88822,0.9,0.0
2011-03-28 00:00:00+00:00,0.9,0.9018,0.88822,0.89,0.0
2011-03-29 00:00:00+00:00,0.89,0.89178,0.83832,0.84,0.0
2011-03-30 00:00:00+00:00,0.84,0.84168,0.7984,0.8,0.0
2011-03-31 00:00:00+00:00,0.8,0.8016000000000001,0.7984,0.8,0.0
2011-04-01 00:00:00+00:00,0.8,0.8016000000000001,0.7984,0.8,0.0
2011-04-02 00:00:00+00:00,0.8,0.8016000000000001,0.7984,0.8,0.0
2011-04-03 00:00:00+00:00,0.8,0.8016000000000001,0.7984,0.8,0.0
2011-04-04 00:00:00+00:00,0.8,0.8016000000000001,0.7984,0.8,0.0
2011-04-05 00:00:00+00:00,0.8,0.8016000000000001,0.76846,0.77,0.0
2011-04-06 00:00:00+00:00,0.77,0.77154,0.71856,0.72,0.0
2011-04-07 00:00:00+00:00,0.72,0.7515000000000001,0.71856,0.75,0.0
2011-04-08 00:00:00+00:00,0.75,0.78156,0.7484999999999999,0.78,0.0
2011-04-09 00:00:00+00:00,0.78,0.7915800000000001,0.77844,0.79,0.0
2011-04-10 00:00:00+00:00,0.79,0.7915800000000001,0.76846,0.77,0.0
2011-04-11 00:00:00+00:00,0.77,0.77154,0.75848,0.76,0.0
2011-04-12 00:00:00+00:00,0.76,0.81162,0.75848,0.81,0.0
2011-04-13 00:00:00+00:00,0.81,0.92184,0.8083800000000001,0.92,0.0
2011-04-14 00:00:00+00:00,0.92,0.99198,0.9181600000000001,0.99,0.0
2011-04-15 00:00:00+00:00,0.99,0.99198,0.97804,0.98,0.0
2011-04-16 00:00:00+00:00,0.98,1.0921800000000002,0.97804,1.09,0.0
2011-04-17 00:00:00+00:00,1.09,1.0921800000000002,1.08782,1.09,0.0
2011-04-18 00:00:00+00:00,1.09,1.1122200000000002,1.08782,1.11,0.0
2011-04-19 00:00:00+00:00,1.11,1.2024,1.10778,1.2,0.0
2011-04-20 00:00:00+00:00,1.2,1.2024,1.18762,1.19,0.0
2011-04-21 00:00:00+00:00,1.19,1.2024,1.18762,1.2,0.0
2011-04-22 00:00:00+00:00,1.2,1.2324599999999999,1.1976,1.23,0.0
2011-04-23 00:00:00+00:00,1.23,1.38276,1.22754,1.38,0.0
2011-04-24 00:00:00+00:00,1.38,1.6533,1.3772399999999998,1.65,0.0
2011-04-25 00:00:00+00:00,1.65,1.8937799999999998,1.6466999999999998,1.89,0.0
2011-04-26 00:00:00+00:00,1.89,1.8937799999999998,1.70658,1.71,0.0
2011-04-27 00:00:00+00:00,1.71,1.78356,1.70658,1.78,0.0
2011-04-28 00:00:00+00:00,1.78,2.12424,1.77644,2.12,0.0
2011-04-29 00:00:00+00:00,2.12,2.6653200000000004,2.1157600000000003,2.66,0.0
2011-04-30 00:00:00+00:00,2.66,3.0561,2.65468,3.05,0.0
2011-05-01 00:00:00+00:00,3.05,4.14828,3.0439,4.14,0.0
2011-05-02 00:00:00+00:00,4.14,4.14828,3.9421000000000004,3.95,0.0
2011-05-03 00:00:00+00:00,3.95,3.9579,3.4830200000000002,3.49,0.0
2011-05-04 00:00:00+00:00,3.49,3.5170199999999996,3.4830200000000002,3.51,0.0
2011-05-05 00:00:00+00:00,3.51,3.56712,3.50298,3.56,0.0
2011-05-06 00:00:00+00:00,3.56,3.56712,3.51296,3.52,0.0
2011-05-07 00:00:00+00:00,3.52,3.62724,3.51296,3.62,0.0
2011-05-08 00:00:00+00:00,3.62,3.7575,3.61276,3.75,0.0
2011-05-09 00:00:00+00:00,3.75,3.9178200000000003,3.7425,3.91,0.0
2011-05-10 00:00:00+00:00,3.91,4.24848,3.90218,4.24,0.0
2011-05-11 00:00:00+00:00,4.24,5.42082,4.231520000000001,5.41,0.0
2011-05-12 00:00:00+00:00,5.41,6.05208,5.39918,6.04,0.0
2011-05-13 00:00:00+00:00,6.04,6.5630999999999995,6.02792,6.55,0.0
2011-05-14 00:00:00+00:00,6.55,8.57712,6.5369,8.56,0.0
2011-05-15 00:00:00+00:00,8.56,8.83764,8.54288,8.82,0.0
2011-05-16 00:00:00+00:00,8.82,8.83764,8.52292,8.54,0.0
2011-05-17 00:00:00+00:00,8.54,8.55708,8.45306,8.47,0.0
2011-05-18 00:00:00+00:00,8.47,8.48694,8.253459999999999,8.27,0.0
2011-05-19 00:00:00+00:00,8.27,8.28654,7.7345,7.75,0.0
2011-05-20 00:00:00+00:00,7.75,7.7655,7.26544,7.28,0.0
2011-05-21 00:00:00+00:00,7.28,7.294560000000001,6.9660400000000005,6.98,0.0
2011-05-22 00:00:00+00:00,6.98,6.99396,6.59678,6.61,0.0
2011-05-23 00:00:00+00:00,6.61,6.82362,6.59678,6.81,0.0
2011-05-24 00:00:00+00:00,6.81,7.40478,6.796379999999999,7.39,0.0
2011-05-25 00:00:00+00:00,7.39,7.40478,7.255459999999999,7.27,0.0
2011-05-26 00:00:00+00:00,7.27,7.9659,7.255459999999999,7.95,0.0
2011-05-27 00:00:00+00:00,7.95,9.24846,7.9341,9.23,0.0
2011-05-28 00:00:00+00:00,9.23,9.24846,8.86224,8.88,0.0
2011-05-29 00:00:00+00:00,8.88,8.897760000000002,8.66264,8.68,0.0
2011-05-30 00:00:00+00:00,8.68,8.69736,8.60276,8.62,0.0
2011-05-31 00:00:00+00:00,8.62,9.13824,8.60276,9.12,0.0
2011-06-01 00:00:00+00:00,9.12,9.488940000000001,9.101759999999999,9.47,0.0
2011-06-02 00:00:00+00:00,9.47,9.68934,9.45106,9.67,0.0
2011-06-03 00:00:00+00:00,9.67,11.48292,9.65066,11.46,0.0
2011-06-04 00:00:00+00:00,11.46,15.080100000000002,11.437080000000002,15.05,0.0
2011-06-05 00:00:00+00:00,15.05,17.82558,15.0199,17.79,0.0
2011-06-06 00:00:00+00:00,17.79,19.0881,17.75442,19.05,0.0
2011-06-07 00:00:00+00:00,19.05,19.22838,19.0119,19.19,0.0
2011-06-08 00:00:00+00:00,19.19,22.18428,19.15162,22.14,0.0
2011-06-09 00:00:00+00:00,22.14,31.87362,22.09572,31.81,0.0
2011-06-10 00:00:00+00:00,31.81,32.404680000000006,31.74638,32.34,0.0
2011-06-11 00:00:00+00:00,32.34,33.867599999999996,32.27532,33.8,0.0
2011-06-12 00:00:00+00:00,33.8,33.867599999999996,28.7424,28.8,0.0
2011-06-13 00:00:00+00:00,28.8,28.8576,24.82026,24.87,0.0
2011-06-14 00:00:00+00:00,24.87,24.91974,23.61268,23.66,0.0
2011-06-15 00:00:00+00:00,23.66,23.70732,20.7085,20.75,0.0
2011-06-16 00:00:00+00:00,20.75,20.7915,19.95002,19.99,0.0
2011-06-17 00:00:00+00:00,19.99,20.02998,19.78036,19.82,0.0
2011-06-18 00:00:00+00:00,19.82,19.85964,18.83226,18.87,0.0
2011-06-19 00:00:00+00:00,18.87,18.90774,17.5648,17.6,0.0
2011-06-20 00:00:00+00:00,17.6,18.54702,17.5648,18.51,0.0
2011-06-21 00:00:00+00:00,18.51,18.54702,16.87618,16.91,0.0
2011-06-22 00:00:00+00:00,16.91,16.94382,15.35922,15.39,0.0
2011-06-23 00:00:00+00:00,15.39,15.42078,15.24944,15.28,0.0
2011-06-24 00:00:00+00:00,15.28,16.21236,15.24944,16.18,0.0
2011-06-25 00:00:00+00:00,16.18,16.9839,16.14764,16.95,0.0
2011-06-26 00:00:00+00:00,16.95,17.61516,16.9161,17.58,0.0
2011-06-27 00:00:00+00:00,17.58,17.66526,17.544839999999997,17.63,0.0
2011-06-28 00:00:00+00:00,17.63,17.92578,17.594739999999998,17.89,0.0
2011-06-29 00:00:00+00:00,17.89,17.92578,17.43506,17.47,0.0
2011-06-30 00:00:00+00:00,17.47,17.504939999999998,17.3153,17.35,0.0
2011-07-01 00:00:00+00:00,17.35,17.414759999999998,17.3153,17.38,0.0
2011-07-02 00:00:00+00:00,17.38,17.414759999999998,16.846239999999998,16.88,0.0
2011-07-03 00:00:00+00:00,16.88,16.91376,16.267400000000002,16.3,0.0
2011-07-04 00:00:00+00:00,16.3,16.3326,15.70852,15.74,0.0
2011-07-05 00:00:00+00:00,15.74,15.77148,15.6187,15.65,0.0
2011-07-06 00:00:00+00:00,15.65,15.6813,15.329279999999999,15.36,0.0
2011-07-07 00:00:00+00:00,15.36,16.47288,15.329279999999999,16.44,0.0
2011-07-08 00:00:00+00:00,16.44,16.47288,16.067800000000002,16.1,0.0
2011-07-09 00:00:00+00:00,16.1,16.1322,15.45902,15.49,0.0
2011-07-10 00:00:00+00:00,15.49,15.52098,15.12968,15.16,0.0
2011-07-11 00:00:00+00:00,15.16,15.59112,15.12968,15.56,0.0
2011-07-12 00:00:00+00:00,15.56,15.59112,15.039860000000001,15.07,0.0
2011-07-13 00:00:00+00:00,15.07,15.10014,14.49096,14.52,0.0
2011-07-14 00:00:00+00:00,14.52,14.54904,14.11172,14.14,0.0
2011-07-15 00:00:00+00:00,14.14,14.1783,14.11172,14.15,0.0
2011-07-16 00:00:00+00:00,14.15,14.2785,14.1217,14.25,0.0
2011-07-17 00:00:00+00:00,14.25,14.2785,14.04186,14.07,0.0
2011-07-18 00:00:00+00:00,14.07,14.09814,13.872200000000001,13.9,0.0
2011-07-19 00:00:00+00:00,13.9,13.95786,13.872200000000001,13.93,0.0
2011-07-20 00:00:00+00:00,13.93,14.56908,13.90214,14.54,0.0
2011-07-21 00:00:00+00:00,14.54,14.56908,13.991959999999999,14.02,0.0
2011-07-22 00:00:00+00:00,14.02,14.04804,13.91212,13.94,0.0
2011-07-23 00:00:00+00:00,13.94,13.96788,13.90214,13.93,0.0
2011-07-24 00:00:00+00:00,13.93,13.95786,13.90214,13.93,0.0
2011-07-25 00:00:00+00:00,13.93,14.188320000000001,13.90214,14.16,0.0
2011-07-26 00:00:00+00:00,14.16,14.68932,14.13168,14.66,0.0
2011-07-27 00:00:00+00:00,14.66,14.68932,14.31132,14.34,0.0
2011-07-28 00:00:00+00:00,14.34,14.36868,14.0718,14.1,0.0
2011-07-29 00:00:00+00:00,14.1,14.1282,13.922099999999999,13.95,0.0
2011-07-30 00:00:00+00:00,13.95,13.9779,13.772400000000001,13.8,0.0
2011-07-31 00:00:00+00:00,13.8,14.08812,13.772400000000001,14.06,0.0
2011-08-01 00:00:00+00:00,14.06,14.60916,14.031880000000001,14.58,0.0
2011-08-02 00:00:00+00:00,14.58,14.60916,13.502939999999999,13.53,0.0
2011-08-03 00:00:00+00:00,13.53,13.55706,13.343259999999999,13.37,0.0
2011-08-04 00:00:00+00:00,13.37,13.39674,12.68458,12.71,0.0
2011-08-05 00:00:00+00:00,12.71,12.735420000000001,11.477,11.5,0.0
2011-08-06 00:00:00+00:00,11.5,11.523,11.39716,11.42,0.0
2011-08-07 00:00:00+00:00,11.42,11.44284,10.68858,10.71,0.0
2011-08-08 00:00:00+00:00,10.71,10.731420000000002,9.56084,9.58,0.0
2011-08-09 00:00:00+00:00,9.58,9.67932,9.56084,9.66,0.0
2011-08-10 00:00:00+00:00,9.66,11.78352,9.64068,11.76,0.0
2011-08-11 00:00:00+00:00,11.76,11.78352,10.6287,10.65,0.0
2011-08-12 00:00:00+00:00,10.65,10.6713,10.3293,10.35,0.0
2011-08-13 00:00:00+00:00,10.35,10.3707,9.91014,9.93,0.0
2011-08-14 00:00:00+00:00,9.93,10.36068,9.91014,10.34,0.0
2011-08-15 00:00:00+00:00,10.34,11.4228,10.31932,11.4,0.0
2011-08-16 00:00:00+00:00,11.4,11.79354,11.3772,11.77,0.0
2011-08-17 00:00:00+00:00,11.77,11.79354,11.33728,11.36,0.0
2011-08-18 00:00:00+00:00,11.36,11.41278,11.33728,11.39,0.0
2011-08-19 00:00:00+00:00,11.39,11.7234,11.367220000000001,11.7,0.0
2011-08-20 00:00:00+00:00,11.7,11.83362,11.676599999999999,11.81,0.0
2011-08-21 00:00:00+00:00,11.81,11.83362,11.7265,11.75,0.0
2011-08-22 00:00:00+00:00,11.75,11.7735,11.54686,11.57,0.0
2011-08-23 00:00:00+00:00,11.57,11.59314,11.477,11.5,0.0
2011-08-24 00:00:00+00:00,11.5,11.523,11.44706,11.47,0.0
2011-08-25 00:00:00+00:00,11.47,11.49294,11.2774,11.3,0.0
2011-08-26 00:00:00+00:00,11.3,11.322600000000001,10.78838,10.81,0.0
2011-08-27 00:00:00+00:00,10.81,10.831620000000001,9.98998,10.01,0.0
2011-08-28 00:00:00+00:00,10.01,10.03002,9.1816,9.2,0.0
2011-08-29 00:00:00+00:00,9.2,9.49896,9.1816,9.48,0.0
2011-08-30 00:00:00+00:00,9.48,9.49896,9.3812,9.4,0.0
2011-08-31 00:00:00+00:00,9.4,9.418800000000001,9.09178,9.11,0.0
2011-09-01 00:00:00+00:00,9.11,9.128219999999999,8.85226,8.87,0.0
2011-09-02 00:00:00+00:00,8.87,8.887739999999999,8.44308,8.46,0.0
2011-09-03 00:00:00+00:00,8.46,8.5671,8.44308,8.55,0.0
2011-09-04 00:00:00+00:00,8.55,8.707379999999999,8.532900000000001,8.69,0.0
2011-09-05 00:00:00+00:00,8.69,8.707379999999999,8.54288,8.56,0.0
2011-09-06 00:00:00+00:00,8.56,8.57712,8.253459999999999,8.27,0.0
2011-09-07 00:00:00+00:00,8.27,8.28654,7.62472,7.64,0.0
2011-09-08 00:00:00+00:00,7.64,7.655279999999999,7.51494,7.53,0.0
2011-09-09 00:00:00+00:00,7.53,7.54506,7.215540000000001,7.23,0.0
2011-09-10 00:00:00+00:00,7.23,7.24446,6.74648,6.76,0.0
2011-09-11 00:00:00+00:00,6.76,6.7735199999999995,6.47702,6.49,0.0
2011-09-12 00:00:00+00:00,6.49,7.33464,6.47702,7.32,0.0
2011-09-13 00:00:00+00:00,7.32,7.33464,6.8662399999999995,6.88,0.0
2011-09-14 00:00:00+00:00,6.88,6.89376,6.17762,6.19,0.0
2011-09-15 00:00:00+00:00,6.19,6.202380000000001,5.90816,5.92,0.0
2011-09-16 00:00:00+00:00,5.92,5.93184,5.56884,5.58,0.0
2011-09-17 00:00:00+00:00,5.58,5.59116,5.169639999999999,5.18,0.0
2011-09-18 00:00:00+00:00,5.18,5.19036,5.0099599999999995,5.02,0.0
2011-09-19 00:00:00+00:00,5.02,5.1502799999999995,5.0099599999999995,5.14,0.0
2011-09-20 00:00:00+00:00,5.14,5.90178,5.12972,5.89,0.0
2011-09-21 00:00:00+00:00,5.89,6.68334,5.87822,6.67,0.0
2011-09-22 00:00:00+00:00,6.67,6.68334,6.16764,6.18,0.0
2011-09-23 00:00:00+00:00,6.18,6.19236,5.7884,5.8,0.0
2011-09-24 00:00:00+00:00,5.8,5.811599999999999,5.6886,5.7,0.0
2011-09-25 00:00:00+00:00,5.7,5.7114,5.60876,5.62,0.0
2011-09-26 00:00:00+00:00,5.62,5.63124,5.47902,5.49,0.0
2011-09-27 00:00:00+00:00,5.49,5.50098,5.36924,5.38,0.0
2011-09-28 00:00:00+00:00,5.38,5.39076,5.089799999999999,5.1,0.0
2011-09-29 00:00:00+00:00,5.1,5.1102,4.9401,4.95,0.0
2011-09-30 00:00:00+00:00,4.95,4.9599,4.9301200000000005,4.94,0.0
2011-10-01 00:00:00+00:00,4.94,5.35068,4.9301200000000005,5.34,0.0
2011-10-02 00:00:00+00:00,5.34,5.35068,5.25946,5.27,0.0
2011-10-03 00:00:00+00:00,5.27,5.280539999999999,5.12972,5.14,0.0
2011-10-04 00:00:00+00:00,5.14,5.1502799999999995,5.04988,5.06,0.0
2011-10-05 00:00:00+00:00,5.06,5.070119999999999,5.01994,5.03,0.0
2011-10-06 00:00:00+00:00,5.03,5.04006,4.99,5.0,0.0
2011-10-07 00:00:00+00:00,5.0,5.01,4.90018,4.91,0.0
2011-10-08 00:00:00+00:00,4.91,4.9198200000000005,4.78042,4.79,0.0
2011-10-09 00:00:00+00:00,4.79,4.79958,4.53092,4.54,0.0
2011-10-10 00:00:00+00:00,4.54,4.54908,4.35128,4.36,0.0
2011-10-11 00:00:00+00:00,4.36,4.368720000000001,4.22154,4.23,0.0
2011-10-12 00:00:00+00:00,4.23,4.238460000000001,4.15168,4.16,0.0
2011-10-13 00:00:00+00:00,4.16,4.26852,4.15168,4.26,0.0
2011-10-14 00:00:00+00:00,4.26,4.3787400000000005,4.25148,4.37,0.0
2011-10-15 00:00:00+00:00,4.37,4.3787400000000005,4.091799999999999,4.1,0.0
2011-10-16 00:00:00+00:00,4.1,4.1082,4.00198,4.01,0.0
2011-10-17 00:00:00+00:00,4.01,4.01802,3.86226,3.87,0.0
2011-10-18 00:00:00+00:00,3.87,3.87774,3.5429,3.55,0.0
2011-10-19 00:00:00+00:00,3.55,3.5570999999999997,2.83432,2.84,0.0
2011-10-20 00:00:00+00:00,2.84,2.8456799999999998,2.5848199999999997,2.59,0.0
2011-10-21 00:00:00+00:00,2.59,2.59518,2.48502,2.49,0.0
2011-10-22 00:00:00+00:00,2.49,2.86572,2.48502,2.86,0.0
2011-10-23 00:00:00+00:00,2.86,3.31662,2.8542799999999997,3.31,0.0
2011-10-24 00:00:00+00:00,3.31,3.32664,3.30338,3.32,0.0
2011-10-25 00:00:00+00:00,3.32,3.32664,3.15368,3.16,0.0
2011-10-26 00:00:00+00:00,3.16,3.1663200000000002,2.9939999999999998,3.0,0.0
2011-10-27 00:00:00+00:00,3.0,3.0060000000000002,2.91416,2.92,0.0
2011-10-28 00:00:00+00:00,2.92,3.1062000000000003,2.91416,3.1,0.0
2011-10-29 00:00:00+00:00,3.1,3.39678,3.0938,3.39,0.0
2011-10-30 00:00:00+00:00,3.39,3.7875599999999996,3.38322,3.78,0.0
2011-10-31 00:00:00+00:00,3.78,3.7875599999999996,3.58282,3.59,0.0
2011-11-01 00:00:00+00:00,3.59,3.59718,3.37324,3.38,0.0
2011-11-02 00:00:00+00:00,3.38,3.3867599999999998,3.36326,3.37,0.0
2011-11-03 00:00:00+00:00,3.37,3.41682,3.36326,3.41,0.0
2011-11-04 00:00:00+00:00,3.41,3.41682,3.27344,3.28,0.0
2011-11-05 00:00:00+00:00,3.28,3.2865599999999997,3.21356,3.22,0.0
2011-11-06 00:00:00+00:00,3.22,3.22644,3.16366,3.17,0.0
2011-11-07 00:00:00+00:00,3.17,3.1763399999999997,3.03392,3.04,0.0
2011-11-08 00:00:00+00:00,3.04,3.0761399999999997,3.03392,3.07,0.0
2011-11-09 00:00:00+00:00,3.07,3.19638,3.06386,3.19,0.0
2011-11-10 00:00:00+00:00,3.19,3.19638,3.08382,3.09,0.0
2011-11-11 00:00:00+00:00,3.09,3.09618,2.9939999999999998,3.0,0.0
2011-11-12 00:00:00+00:00,3.0,3.03606,2.9939999999999998,3.03,0.0
2011-11-13 00:00:00+00:00,3.03,3.1162199999999998,3.0239399999999996,3.11,0.0
2011-11-14 00:00:00+00:00,3.11,3.1162199999999998,3.07384,3.08,0.0
2011-11-15 00:00:00+00:00,3.08,3.08616,2.9441,2.95,0.0
2011-11-16 00:00:00+00:00,2.95,2.9559,2.66466,2.67,0.0
2011-11-17 00:00:00+00:00,2.67,2.67534,2.5948,2.6,0.0
2011-11-18 00:00:00+00:00,2.6,2.6052,2.5448999999999997,2.55,0.0
2011-11-19 00:00:00+00:00,2.55,2.5551,2.36526,2.37,0.0
2011-11-20 00:00:00+00:00,2.37,2.37474,2.3453,2.35,0.0
2011-11-21 00:00:00+00:00,2.35,2.4549000000000003,2.3453,2.45,0.0
2011-11-22 00:00:00+00:00,2.45,2.4549000000000003,2.2954,2.3,0.0
2011-11-23 00:00:00+00:00,2.3,2.3647199999999997,2.2954,2.36,0.0
2011-11-24 00:00:00+00:00,2.36,2.4048,2.35528,2.4,0.0
2011-11-25 00:00:00+00:00,2.4,2.48496,2.3952,2.48,0.0
2011-11-26 00:00:00+00:00,2.48,2.5551,2.47504,2.55,0.0
2011-11-27 00:00:00+00:00,2.55,2.5551,2.51496,2.52,0.0
2011-11-28 00:00:00+00:00,2.52,2.52504,2.5049799999999998,2.51,0.0
2011-11-29 00:00:00+00:00,2.51,2.64528,2.5049799999999998,2.64,0.0
2011-11-30 00:00:00+00:00,2.64,2.98596,2.63472,2.98,0.0
2011-12-01 00:00:00+00:00,2.98,3.0060000000000002,2.97404,3.0,0.0
2011-12-02 00:00:00+00:00,3.0,3.14628,2.9939999999999998,3.14,0.0
2011-12-03 00:00:00+00:00,3.14,3.14628,3.1337200000000003,3.14,0.0
2011-12-04 00:00:00+00:00,3.14,3.14628,3.0938,3.1,0.0
2011-12-05 00:00:00+00:00,3.1,3.1062000000000003,2.97404,2.98,0.0
2011-12-06 00:00:00+00:00,2.98,2.98596,2.95408,2.96,0.0
2011-12-07 00:00:00+00:00,2.96,3.06612,2.95408,3.06,0.0
2011-12-08 00:00:00+00:00,3.06,3.09618,3.05388,3.09,0.0
2011-12-09 00:00:00+00:00,3.09,3.09618,3.08382,3.09,0.0
2011-12-10 00:00:00+00:00,3.09,3.09618,3.03392,3.04,0.0
2011-12-11 00:00:00+00:00,3.04,3.12624,3.03392,3.12,0.0
2011-12-12 00:00:00+00:00,3.12,3.3767400000000003,3.11376,3.37,0.0
2011-12-13 00:00:00+00:00,3.37,3.3767400000000003,3.32334,3.33,0.0
2011-12-14 00:00:00+00:00,3.33,3.33666,3.28342,3.29,0.0
2011-12-15 00:00:00+00:00,3.29,3.29658,3.2534799999999997,3.26,0.0
2011-12-16 00:00:00+00:00,3.26,3.26652,3.1936,3.2,0.0
2011-12-17 00:00:00+00:00,3.2,3.23646,3.1936,3.23,0.0
2011-12-18 00:00:00+00:00,3.23,3.23646,3.22354,3.23,0.0
2011-12-19 00:00:00+00:00,3.23,3.36672,3.22354,3.36,0.0
2011-12-20 00:00:00+00:00,3.36,3.89778,3.35328,3.89,0.0
2011-12-21 00:00:00+00:00,3.89,4.41882,3.8822200000000002,4.41,0.0
2011-12-22 00:00:00+00:00,4.41,4.41882,4.07184,4.08,0.0
2011-12-23 00:00:00+00:00,4.08,4.08816,3.97204,3.98,0.0
2011-12-24 00:00:00+00:00,3.98,3.98796,3.9421000000000004,3.95,0.0
2011-12-25 00:00:00+00:00,3.95,4.0681199999999995,3.9421000000000004,4.06,0.0
2011-12-26 00:00:00+00:00,4.06,4.3787400000000005,4.05188,4.37,0.0
2011-12-27 00:00:00+00:00,4.37,4.3787400000000005,4.2415,4.25,0.0
2011-12-28 00:00:00+00:00,4.25,4.2585,4.08182,4.09,0.0
2011-12-29 00:00:00+00:00,4.09,4.22844,4.08182,4.22,0.0
2011-12-30 00:00:00+00:00,4.22,4.32864,4.2115599999999995,4.32,0.0
2011-12-31 00:00:00+00:00,4.32,4.47894,4.3113600000000005,4.47,0.0
2012-01-01 00:00:00+00:00,4.47,5.05008,4.46106,5.04,0.0
2012-01-02 00:00:00+00:00,5.04,5.280539999999999,5.02992,5.27,0.0
2012-01-03 00:00:00+00:00,5.27,5.4609000000000005,5.25946,5.45,0.0
2012-01-04 00:00:00+00:00,5.45,5.4609000000000005,5.35926,5.37,0.0
2012-01-05 00:00:00+00:00,5.37,5.811599999999999,5.35926,5.8,0.0
2012-01-06 00:00:00+00:00,5.8,6.6132,5.7884,6.6,0.0
2012-01-07 00:00:00+00:00,6.6,7.18434,6.586799999999999,7.17,0.0
2012-01-08 00:00:00+00:00,7.17,7.18434,7.0458799999999995,7.06,0.0
2012-01-09 00:00:00+00:00,7.06,7.2144,7.0458799999999995,7.2,0.0
2012-01-10 00:00:00+00:00,7.2,7.2144,7.11574,7.13,0.0
2012-01-11 00:00:00+00:00,7.13,7.14426,6.936100000000001,6.95,0.0
2012-01-12 00:00:00+00:00,6.95,7.114199999999999,6.936100000000001,7.1,0.0
2012-01-13 00:00:00+00:00,7.1,7.114199999999999,6.94608,6.96,0.0
2012-01-14 00:00:00+00:00,6.96,6.97392,6.81634,6.83,0.0
2012-01-15 00:00:00+00:00,6.83,6.84366,6.796379999999999,6.81,0.0
2012-01-16 00:00:00+00:00,6.81,7.05408,6.796379999999999,7.04,0.0
2012-01-17 00:00:00+00:00,7.04,7.15428,7.02592,7.14,0.0
2012-01-18 00:00:00+00:00,7.14,7.15428,6.95606,6.97,0.0
2012-01-19 00:00:00+00:00,6.97,6.98394,6.77642,6.79,0.0
2012-01-20 00:00:00+00:00,6.79,6.80358,6.35726,6.37,0.0
2012-01-21 00:00:00+00:00,6.37,6.58314,6.35726,6.57,0.0
2012-01-22 00:00:00+00:00,6.57,6.58314,6.49698,6.51,0.0
2012-01-23 00:00:00+00:00,6.51,6.52302,6.3971800000000005,6.41,0.0
2012-01-24 00:00:00+00:00,6.41,6.48294,6.3971800000000005,6.47,0.0
2012-01-25 00:00:00+00:00,6.47,6.513,6.457059999999999,6.5,0.0
2012-01-26 00:00:00+00:00,6.5,6.513,6.3772199999999994,6.39,0.0
2012-01-27 00:00:00+00:00,6.39,6.40278,6.06784,6.08,0.0
2012-01-28 00:00:00+00:00,6.08,6.09216,5.6886,5.7,0.0
2012-01-29 00:00:00+00:00,5.7,5.7615,5.6886,5.75,0.0
2012-01-30 00:00:00+00:00,5.75,5.7615,5.708559999999999,5.72,0.0
2012-01-31 00:00:00+00:00,5.72,5.73144,5.5987800000000005,5.61,0.0
2012-02-01 00:00:00+00:00,5.61,5.661300000000001,5.5987800000000005,5.65,0.0
2012-02-02 00:00:00+00:00,5.65,5.78154,5.6387,5.77,0.0
2012-02-03 00:00:00+00:00,5.77,6.202380000000001,5.7584599999999995,6.19,0.0
2012-02-04 00:00:00+00:00,6.19,6.202380000000001,6.09778,6.11,0.0
2012-02-05 00:00:00+00:00,6.11,6.12222,5.97802,5.99,0.0
2012-02-06 00:00:00+00:00,5.99,6.0019800000000005,5.90816,5.92,0.0
2012-02-07 00:00:00+00:00,5.92,5.93184,5.7584599999999995,5.77,0.0
2012-02-08 00:00:00+00:00,5.77,5.78154,5.7285200000000005,5.74,0.0
2012-02-09 00:00:00+00:00,5.74,5.85168,5.7285200000000005,5.84,0.0
2012-02-10 00:00:00+00:00,5.84,5.85168,5.81834,5.83,0.0
2012-02-11 00:00:00+00:00,5.83,5.95188,5.81834,5.94,0.0
2012-02-12 00:00:00+00:00,5.94,5.97192,5.928120000000001,5.96,0.0
2012-02-13 00:00:00+00:00,5.96,5.97192,5.80836,5.82,0.0
2012-02-14 00:00:00+00:00,5.82,5.83164,5.6786200000000004,5.69,0.0
2012-02-15 00:00:00+00:00,5.69,5.70138,5.41914,5.43,0.0
2012-02-16 00:00:00+00:00,5.43,5.44086,4.8303199999999995,4.84,0.0
2012-02-17 00:00:00+00:00,4.84,4.84968,4.73052,4.74,0.0
2012-02-18 00:00:00+00:00,4.74,4.74948,4.6906,4.7,0.0
2012-02-19 00:00:00+00:00,4.7,4.7094000000000005,4.45108,4.46,0.0
2012-02-20 00:00:00+00:00,4.46,4.46892,4.37124,4.38,0.0
2012-02-21 00:00:00+00:00,4.38,4.509,4.37124,4.5,0.0
2012-02-22 00:00:00+00:00,4.5,4.509,4.45108,4.46,0.0
2012-02-23 00:00:00+00:00,4.46,4.63926,4.45108,4.63,0.0
2012-02-24 00:00:00+00:00,4.63,4.99998,4.62074,4.99,0.0
2012-02-25 00:00:00+00:00,4.99,5.18034,4.980020000000001,5.17,0.0
2012-02-26 00:00:00+00:00,5.17,5.18034,5.039899999999999,5.05,0.0
2012-02-27 00:00:00+00:00,5.05,5.0601,5.0099599999999995,5.02,0.0
2012-02-28 00:00:00+00:00,5.02,5.09016,5.0099599999999995,5.08,0.0
2012-02-29 00:00:00+00:00,5.08,5.09016,4.97004,4.98,0.0
2012-03-01 00:00:00+00:00,4.98,4.989960000000001,4.91016,4.92,0.0
2012-03-02 00:00:00+00:00,4.92,4.99998,4.91016,4.99,0.0
2012-03-03 00:00:00+00:00,4.99,4.99998,4.9301200000000005,4.94,0.0
2012-03-04 00:00:00+00:00,4.94,4.94988,4.80038,4.81,0.0
2012-03-05 00:00:00+00:00,4.81,4.9398599999999995,4.80038,4.93,0.0
2012-03-06 00:00:00+00:00,4.93,5.05008,4.92014,5.04,0.0
2012-03-07 00:00:00+00:00,5.04,5.0601,5.02992,5.05,0.0
2012-03-08 00:00:00+00:00,5.05,5.0601,5.039899999999999,5.05,0.0
2012-03-09 00:00:00+00:00,5.05,5.0601,4.980020000000001,4.99,0.0
2012-03-10 00:00:00+00:00,4.99,4.99998,4.9401,4.95,0.0
2012-03-11 00:00:00+00:00,4.95,4.9599,4.9401,4.95,0.0
2012-03-12 00:00:00+00:00,4.95,4.989960000000001,4.9401,4.98,0.0
2012-03-13 00:00:00+00:00,4.98,5.08014,4.97004,5.07,0.0
2012-03-14 00:00:00+00:00,5.07,5.43084,5.0598600000000005,5.42,0.0
2012-03-15 00:00:00+00:00,5.42,5.4609000000000005,5.40916,5.45,0.0
2012-03-16 00:00:00+00:00,5.45,5.4609000000000005,5.42912,5.44,0.0
2012-03-17 00:00:00+00:00,5.44,5.450880000000001,5.389200000000001,5.4,0.0
2012-03-18 00:00:00+00:00,5.4,5.4108,5.389200000000001,5.4,0.0
2012-03-19 00:00:00+00:00,5.4,5.4108,5.34928,5.36,0.0
2012-03-20 00:00:00+00:00,5.36,5.37072,5.21954,5.23,0.0
2012-03-21 00:00:00+00:00,5.23,5.240460000000001,4.9401,4.95,0.0
2012-03-22 00:00:00+00:00,4.95,4.9599,4.86026,4.87,0.0
2012-03-23 00:00:00+00:00,4.87,4.87974,4.86026,4.87,0.0
2012-03-24 00:00:00+00:00,4.87,4.87974,4.80038,4.81,0.0
2012-03-25 00:00:00+00:00,4.81,4.81962,4.720540000000001,4.73,0.0
2012-03-26 00:00:00+00:00,4.73,4.73946,4.6906,4.7,0.0
2012-03-27 00:00:00+00:00,4.7,4.74948,4.6906,4.74,0.0
2012-03-28 00:00:00+00:00,4.74,4.77954,4.73052,4.77,0.0
2012-03-29 00:00:00+00:00,4.77,4.859699999999999,4.760459999999999,4.85,0.0
2012-03-30 00:00:00+00:00,4.85,4.859699999999999,4.8403,4.85,0.0
2012-03-31 00:00:00+00:00,4.85,4.86972,4.8403,4.86,0.0
2012-04-01 00:00:00+00:00,4.86,4.94988,4.850280000000001,4.94,0.0
2012-04-02 00:00:00+00:00,4.94,4.97994,4.9301200000000005,4.97,0.0
2012-04-03 00:00:00+00:00,4.97,5.070119999999999,4.9600599999999995,5.06,0.0
2012-04-04 00:00:00+00:00,5.06,5.070119999999999,4.99,5.0,0.0
2012-04-05 00:00:00+00:00,5.0,5.01,4.95008,4.96,0.0
2012-04-06 00:00:00+00:00,4.96,4.96992,4.9401,4.95,0.0
2012-04-07 00:00:00+00:00,4.95,4.96992,4.9401,4.96,0.0
2012-04-08 00:00:00+00:00,4.96,4.96992,4.9301200000000005,4.94,0.0
2012-04-09 00:00:00+00:00,4.94,4.94988,4.7904,4.8,0.0
2012-04-10 00:00:00+00:00,4.8,4.82964,4.7904,4.82,0.0
2012-04-11 00:00:00+00:00,4.82,4.909800000000001,4.81036,4.9,0.0
2012-04-12 00:00:00+00:00,4.9,4.9198200000000005,4.8902,4.91,0.0
2012-04-13 00:00:00+00:00,4.91,4.97994,4.90018,4.97,0.0
2012-04-14 00:00:00+00:00,4.97,4.97994,4.9600599999999995,4.97,0.0
2012-04-15 00:00:00+00:00,4.97,5.03004,4.9600599999999995,5.02,0.0
2012-04-16 00:00:00+00:00,5.02,5.03004,4.97004,4.98,0.0
2012-04-17 00:00:00+00:00,4.98,4.99998,4.97004,4.99,0.0
2012-04-18 00:00:00+00:00,4.99,5.070119999999999,4.980020000000001,5.06,0.0
2012-04-19 00:00:00+00:00,5.06,5.19036,5.04988,5.18,0.0
2012-04-20 00:00:00+00:00,5.18,5.20038,5.169639999999999,5.19,0.0
2012-04-21 00:00:00+00:00,5.19,5.2504800000000005,5.179620000000001,5.24,0.0
2012-04-22 00:00:00+00:00,5.24,5.450880000000001,5.22952,5.44,0.0
2012-04-23 00:00:00+00:00,5.44,5.450880000000001,5.2894,5.3,0.0
2012-04-24 00:00:00+00:00,5.3,5.3106,5.19958,5.21,0.0
2012-04-25 00:00:00+00:00,5.21,5.22042,5.179620000000001,5.19,0.0
2012-04-26 00:00:00+00:00,5.19,5.20038,5.14968,5.16,0.0
2012-04-27 00:00:00+00:00,5.16,5.18034,5.14968,5.17,0.0
2012-04-28 00:00:00+00:00,5.17,5.18034,5.11974,5.13,0.0
2012-04-29 00:00:00+00:00,5.13,5.14026,5.07982,5.09,0.0
2012-04-30 00:00:00+00:00,5.09,5.10018,4.99998,5.01,0.0
2012-05-01 00:00:00+00:00,5.01,5.02002,4.99,5.0,0.0
2012-05-02 00:00:00+00:00,5.0,5.05008,4.99,5.04,0.0
2012-05-03 00:00:00+00:00,5.04,5.19036,5.02992,5.18,0.0
2012-05-04 00:00:00+00:00,5.18,5.19036,5.169639999999999,5.18,0.0
2012-05-05 00:00:00+00:00,5.18,5.19036,5.1397,5.15,0.0
2012-05-06 00:00:00+00:00,5.15,5.1603,5.12972,5.14,0.0
2012-05-07 00:00:00+00:00,5.14,5.1502799999999995,5.089799999999999,5.1,0.0
2012-05-08 00:00:00+00:00,5.1,5.1102,5.089799999999999,5.1,0.0
2012-05-09 00:00:00+00:00,5.1,5.1102,5.089799999999999,5.1,0.0
2012-05-10 00:00:00+00:00,5.1,5.1102,5.089799999999999,5.1,0.0
2012-05-11 00:00:00+00:00,5.1,5.1102,5.089799999999999,5.1,0.0
2012-05-12 00:00:00+00:00,5.1,5.1102,5.0099599999999995,5.02,0.0
2012-05-13 00:00:00+00:00,5.02,5.03004,4.99,5.0,0.0
2012-05-14 00:00:00+00:00,5.0,5.02002,4.99,5.01,0.0
2012-05-15 00:00:00+00:00,5.01,5.0601,4.99998,5.05,0.0
2012-05-16 00:00:00+00:00,5.05,5.10018,5.039899999999999,5.09,0.0
2012-05-17 00:00:00+00:00,5.09,5.1102,5.07982,5.1,0.0
2012-05-18 00:00:00+00:00,5.1,5.14026,5.089799999999999,5.13,0.0
2012-05-19 00:00:00+00:00,5.13,5.14026,5.11974,5.13,0.0
2012-05-20 00:00:00+00:00,5.13,5.1502799999999995,5.11974,5.14,0.0
2012-05-21 00:00:00+00:00,5.14,5.1603,5.12972,5.15,0.0
2012-05-22 00:00:00+00:00,5.15,5.1603,5.12972,5.14,0.0
2012-05-23 00:00:00+00:00,5.14,5.1502799999999995,5.11974,5.13,0.0
2012-05-24 00:00:00+00:00,5.13,5.19036,5.11974,5.18,0.0
2012-05-25 00:00:00+00:00,5.18,5.22042,5.169639999999999,5.21,0.0
2012-05-26 00:00:00+00:00,5.21,5.22042,5.1397,5.15,0.0
2012-05-27 00:00:00+00:00,5.15,5.1603,5.1397,5.15,0.0
2012-05-28 00:00:00+00:00,5.15,5.1603,5.1397,5.15,0.0
2012-05-29 00:00:00+00:00,5.15,5.17032,5.1397,5.16,0.0
2012-05-30 00:00:00+00:00,5.16,5.17032,5.14968,5.16,0.0
2012-05-31 00:00:00+00:00,5.16,5.19036,5.14968,5.18,0.0
2012-06-01 00:00:00+00:00,5.18,5.22042,5.169639999999999,5.21,0.0
2012-06-02 00:00:00+00:00,5.21,5.280539999999999,5.19958,5.27,0.0
2012-06-03 00:00:00+00:00,5.27,5.29056,5.25946,5.28,0.0
2012-06-04 00:00:00+00:00,5.28,5.29056,5.25946,5.27,0.0
2012-06-05 00:00:00+00:00,5.27,5.34066,5.25946,5.33,0.0
2012-06-06 00:00:00+00:00,5.33,5.50098,5.31934,5.49,0.0
2012-06-07 00:00:00+00:00,5.49,5.50098,5.469040000000001,5.48,0.0
2012-06-08 00:00:00+00:00,5.48,5.57112,5.469040000000001,5.56,0.0
2012-06-09 00:00:00+00:00,5.56,5.68134,5.54888,5.67,0.0
2012-06-10 00:00:00+00:00,5.67,5.6913599999999995,5.65866,5.68,0.0
2012-06-11 00:00:00+00:00,5.68,5.6913599999999995,5.5888,5.6,0.0
2012-06-12 00:00:00+00:00,5.6,5.611199999999999,5.56884,5.58,0.0
2012-06-13 00:00:00+00:00,5.58,5.77152,5.56884,5.76,0.0
2012-06-14 00:00:00+00:00,5.76,5.97192,5.74848,5.96,0.0
2012-06-15 00:00:00+00:00,5.96,6.0120000000000005,5.94808,6.0,0.0
2012-06-16 00:00:00+00:00,6.0,6.28254,5.9879999999999995,6.27,0.0
2012-06-17 00:00:00+00:00,6.27,6.59316,6.257459999999999,6.58,0.0
2012-06-18 00:00:00+00:00,6.58,6.59316,6.49698,6.51,0.0
2012-06-19 00:00:00+00:00,6.51,6.52302,6.467040000000001,6.48,0.0
2012-06-20 00:00:00+00:00,6.48,6.573119999999999,6.467040000000001,6.56,0.0
2012-06-21 00:00:00+00:00,6.56,6.70338,6.54688,6.69,0.0
2012-06-22 00:00:00+00:00,6.69,6.8136,6.676620000000001,6.8,0.0
2012-06-23 00:00:00+00:00,6.8,6.8136,6.74648,6.76,0.0
2012-06-24 00:00:00+00:00,6.76,6.7735199999999995,6.62672,6.64,0.0
2012-06-25 00:00:00+00:00,6.64,6.65328,6.54688,6.56,0.0
2012-06-26 00:00:00+00:00,6.56,6.573119999999999,6.4371,6.45,0.0
2012-06-27 00:00:00+00:00,6.45,6.49296,6.4371,6.48,0.0
2012-06-28 00:00:00+00:00,6.48,6.59316,6.467040000000001,6.58,0.0
2012-06-29 00:00:00+00:00,6.58,6.68334,6.56684,6.67,0.0
2012-06-30 00:00:00+00:00,6.67,6.68334,6.65666,6.67,0.0
2012-07-01 00:00:00+00:00,6.67,6.70338,6.65666,6.69,0.0
2012-07-02 00:00:00+00:00,6.69,6.72342,6.676620000000001,6.71,0.0
2012-07-03 00:00:00+00:00,6.71,6.7635,6.69658,6.75,0.0
2012-07-04 00:00:00+00:00,6.75,6.7635,6.69658,6.71,0.0
2012-07-05 00:00:00+00:00,6.71,6.72342,6.586799999999999,6.6,0.0
2012-07-06 00:00:00+00:00,6.6,6.7735199999999995,6.586799999999999,6.76,0.0
2012-07-07 00:00:00+00:00,6.76,6.7735199999999995,6.72652,6.74,0.0
2012-07-08 00:00:00+00:00,6.74,6.79356,6.72652,6.78,0.0
2012-07-09 00:00:00+00:00,6.78,6.89376,6.76644,6.88,0.0
2012-07-10 00:00:00+00:00,6.88,6.99396,6.8662399999999995,6.98,0.0
2012-07-11 00:00:00+00:00,6.98,7.25448,6.9660400000000005,7.24,0.0
2012-07-12 00:00:00+00:00,7.24,7.28454,7.22552,7.27,0.0
2012-07-13 00:00:00+00:00,7.27,7.47492,7.255459999999999,7.46,0.0
2012-07-14 00:00:00+00:00,7.46,7.8656999999999995,7.44508,7.85,0.0
2012-07-15 00:00:00+00:00,7.85,7.8656999999999995,7.6646399999999995,7.68,0.0
2012-07-16 00:00:00+00:00,7.68,7.8156,7.6646399999999995,7.8,0.0
2012-07-17 00:00:00+00:00,7.8,8.59716,7.7844,8.58,0.0
2012-07-18 00:00:00+00:00,8.58,9.488940000000001,8.56284,9.47,0.0
2012-07-19 00:00:00+00:00,9.47,9.488940000000001,9.35126,9.37,0.0
2012-07-20 00:00:00+00:00,9.37,9.388739999999999,9.25146,9.27,0.0
2012-07-21 00:00:00+00:00,9.27,9.3687,9.25146,9.35,0.0
2012-07-22 00:00:00+00:00,9.35,9.549059999999999,9.331299999999999,9.53,0.0
2012-07-23 00:00:00+00:00,9.53,9.549059999999999,9.0319,9.05,0.0
2012-07-24 00:00:00+00:00,9.05,9.158280000000001,9.0319,9.14,0.0
2012-07-25 00:00:00+00:00,9.14,9.158280000000001,8.89218,8.91,0.0
2012-07-26 00:00:00+00:00,8.91,8.92782,8.7824,8.8,0.0
2012-07-27 00:00:00+00:00,8.8,8.92782,8.7824,8.91,0.0
2012-07-28 00:00:00+00:00,8.91,8.967899999999998,8.89218,8.95,0.0
2012-07-29 00:00:00+00:00,8.95,8.967899999999998,8.90216,8.92,0.0
2012-07-30 00:00:00+00:00,8.92,8.967899999999998,8.90216,8.95,0.0
2012-07-31 00:00:00+00:00,8.95,9.23844,8.9321,9.22,0.0
2012-08-01 00:00:00+00:00,9.22,9.47892,9.20156,9.46,0.0
2012-08-02 00:00:00+00:00,9.46,9.6192,9.441080000000001,9.6,0.0
2012-08-03 00:00:00+00:00,9.6,10.140239999999999,9.5808,10.12,0.0
2012-08-04 00:00:00+00:00,10.12,11.18232,10.09976,11.16,0.0
2012-08-05 00:00:00+00:00,11.16,11.292539999999999,11.13768,11.27,0.0
2012-08-06 00:00:00+00:00,11.27,11.292539999999999,11.18758,11.21,0.0
2012-08-07 00:00:00+00:00,11.21,11.252460000000001,11.18758,11.23,0.0
2012-08-08 00:00:00+00:00,11.23,11.252460000000001,11.04786,11.07,0.0
2012-08-09 00:00:00+00:00,11.07,11.3727,11.04786,11.35,0.0
2012-08-10 00:00:00+00:00,11.35,11.9238,11.3273,11.9,0.0
2012-08-11 00:00:00+00:00,11.9,11.9238,11.5768,11.6,0.0
2012-08-12 00:00:00+00:00,11.6,11.66328,11.5768,11.64,0.0
2012-08-13 00:00:00+00:00,11.64,11.81358,11.61672,11.79,0.0
2012-08-14 00:00:00+00:00,11.79,11.96388,11.766419999999998,11.94,0.0
2012-08-15 00:00:00+00:00,11.94,12.3246,11.91612,12.3,0.0
2012-08-16 00:00:00+00:00,12.3,12.9759,12.275400000000001,12.95,0.0
2012-08-17 00:00:00+00:00,12.95,14.238420000000001,12.9241,14.21,0.0
2012-08-18 00:00:00+00:00,14.21,15.400739999999999,14.18158,15.37,0.0
2012-08-19 00:00:00+00:00,15.37,15.400739999999999,14.45104,14.48,0.0
2012-08-20 00:00:00+00:00,14.48,14.50896,11.61672,11.64,0.0
2012-08-21 00:00:00+00:00,11.64,11.66328,10.4291,10.45,0.0
2012-08-22 00:00:00+00:00,10.45,10.470899999999999,10.269419999999998,10.29,0.0
2012-08-23 00:00:00+00:00,10.29,10.31058,10.23948,10.26,0.0
2012-08-24 00:00:00+00:00,10.26,10.28052,10.2295,10.25,0.0
2012-08-25 00:00:00+00:00,10.25,10.2705,10.2295,10.25,0.0
2012-08-26 00:00:00+00:00,10.25,10.64124,10.2295,10.62,0.0
2012-08-27 00:00:00+00:00,10.62,11.01198,10.598759999999999,10.99,0.0
2012-08-28 00:00:00+00:00,10.99,11.99394,10.968020000000001,11.97,0.0
2012-08-29 00:00:00+00:00,11.97,11.99394,11.31732,11.34,0.0
2012-08-30 00:00:00+00:00,11.34,11.36268,11.11772,11.14,0.0
2012-08-31 00:00:00+00:00,11.14,11.16228,10.88818,10.91,0.0
2012-09-01 00:00:00+00:00,10.91,10.93182,10.71852,10.74,0.0
2012-09-02 00:00:00+00:00,10.74,10.76148,10.339279999999999,10.36,0.0
2012-09-03 00:00:00+00:00,10.36,10.38072,10.23948,10.26,0.0
2012-09-04 00:00:00+00:00,10.26,10.541039999999999,10.23948,10.52,0.0
2012-09-05 00:00:00+00:00,10.52,10.61118,10.49896,10.59,0.0
2012-09-06 00:00:00+00:00,10.59,10.74144,10.56882,10.72,0.0
2012-09-07 00:00:00+00:00,10.72,11.222399999999999,10.69856,11.2,0.0
2012-09-08 00:00:00+00:00,11.2,11.292539999999999,11.1776,11.27,0.0
2012-09-09 00:00:00+00:00,11.27,11.292539999999999,11.16762,11.19,0.0
2012-09-10 00:00:00+00:00,11.19,11.21238,11.11772,11.14,0.0
2012-09-11 00:00:00+00:00,11.14,11.16228,11.11772,11.14,0.0
2012-09-12 00:00:00+00:00,11.14,11.26248,11.11772,11.24,0.0
2012-09-13 00:00:00+00:00,11.24,11.40276,11.21752,11.38,0.0
2012-09-14 00:00:00+00:00,11.38,11.50296,11.357240000000001,11.48,0.0
2012-09-15 00:00:00+00:00,11.48,11.78352,11.457040000000001,11.76,0.0
2012-09-16 00:00:00+00:00,11.76,11.86368,11.73648,11.84,0.0
2012-09-17 00:00:00+00:00,11.84,12.003960000000001,11.81632,11.98,0.0
2012-09-18 00:00:00+00:00,11.98,12.01398,11.95604,11.99,0.0
2012-09-19 00:00:00+00:00,11.99,12.23442,11.96602,12.21,0.0
2012-09-20 00:00:00+00:00,12.21,12.65526,12.185580000000002,12.63,0.0
2012-09-21 00:00:00+00:00,12.63,12.68532,12.604740000000001,12.66,0.0
2012-09-22 00:00:00+00:00,12.66,12.68532,12.514919999999998,12.54,0.0
2012-09-23 00:00:00+00:00,12.54,12.56508,12.3752,12.4,0.0
2012-09-24 00:00:00+00:00,12.4,12.424800000000001,12.25544,12.28,0.0
2012-09-25 00:00:00+00:00,12.28,12.304559999999999,12.25544,12.28,0.0
2012-09-26 00:00:00+00:00,12.28,12.304559999999999,12.21552,12.24,0.0
2012-09-27 00:00:00+00:00,12.24,12.34464,12.21552,12.32,0.0
2012-09-28 00:00:00+00:00,12.32,12.48492,12.29536,12.46,0.0
2012-09-29 00:00:00+00:00,12.46,12.48492,12.435080000000001,12.46,0.0
2012-09-30 00:00:00+00:00,12.46,12.51498,12.435080000000001,12.49,0.0
2012-10-01 00:00:00+00:00,12.49,12.51498,12.45504,12.48,0.0
2012-10-02 00:00:00+00:00,12.48,12.60516,12.45504,12.58,0.0
2012-10-03 00:00:00+00:00,12.58,12.90576,12.55484,12.88,0.0
2012-10-04 00:00:00+00:00,12.88,12.9759,12.85424,12.95,0.0
2012-10-05 00:00:00+00:00,12.95,13.09614,12.9241,13.07,0.0
2012-10-06 00:00:00+00:00,13.07,13.09614,12.94406,12.97,0.0
2012-10-07 00:00:00+00:00,12.97,12.995940000000001,12.83428,12.86,0.0
2012-10-08 00:00:00+00:00,12.86,12.88572,12.55484,12.58,0.0
2012-10-09 00:00:00+00:00,12.58,12.60516,12.115720000000001,12.14,0.0
2012-10-10 00:00:00+00:00,12.14,12.3246,12.115720000000001,12.3,0.0
2012-10-11 00:00:00+00:00,12.3,12.3246,12.13568,12.16,0.0
2012-10-12 00:00:00+00:00,12.16,12.20436,12.13568,12.18,0.0
2012-10-13 00:00:00+00:00,12.18,12.20436,12.1257,12.15,0.0
2012-10-14 00:00:00+00:00,12.15,12.1743,12.0758,12.1,0.0
2012-10-15 00:00:00+00:00,12.1,12.1242,11.98598,12.01,0.0
2012-10-16 00:00:00+00:00,12.01,12.044039999999999,11.98598,12.02,0.0
2012-10-17 00:00:00+00:00,12.02,12.044039999999999,11.96602,11.99,0.0
2012-10-18 00:00:00+00:00,11.99,12.01398,11.95604,11.98,0.0
2012-10-19 00:00:00+00:00,11.98,12.003960000000001,11.93608,11.96,0.0
2012-10-20 00:00:00+00:00,11.96,11.983920000000001,11.91612,11.94,0.0
2012-10-21 00:00:00+00:00,11.94,11.96388,11.81632,11.84,0.0
2012-10-22 00:00:00+00:00,11.84,11.86368,11.7764,11.8,0.0
2012-10-23 00:00:00+00:00,11.8,11.88372,11.7764,11.86,0.0
2012-10-24 00:00:00+00:00,11.86,11.983920000000001,11.836279999999999,11.96,0.0
2012-10-25 00:00:00+00:00,11.96,11.983920000000001,11.766419999999998,11.79,0.0
2012-10-26 00:00:00+00:00,11.79,11.81358,11.53688,11.56,0.0
2012-10-27 00:00:00+00:00,11.56,11.583120000000001,11.017919999999998,11.04,0.0
2012-10-28 00:00:00+00:00,11.04,11.06208,10.75844,10.78,0.0
2012-10-29 00:00:00+00:00,10.78,10.801559999999998,10.668619999999999,10.69,0.0
2012-10-30 00:00:00+00:00,10.69,10.95186,10.668619999999999,10.93,0.0
2012-10-31 00:00:00+00:00,10.93,10.95186,10.89816,10.92,0.0
2012-11-01 00:00:00+00:00,10.92,11.19234,10.89816,11.17,0.0
2012-11-02 00:00:00+00:00,11.17,11.28252,11.14766,11.26,0.0
2012-11-03 00:00:00+00:00,11.26,11.28252,11.037880000000001,11.06,0.0
2012-11-04 00:00:00+00:00,11.06,11.08212,10.598759999999999,10.62,0.0
2012-11-05 00:00:00+00:00,10.62,10.75146,10.598759999999999,10.73,0.0
2012-11-06 00:00:00+00:00,10.73,10.921800000000001,10.708540000000001,10.9,0.0
2012-11-07 00:00:00+00:00,10.9,10.991940000000001,10.8782,10.97,0.0
2012-11-08 00:00:00+00:00,10.97,11.21238,10.94806,11.19,0.0
2012-11-09 00:00:00+00:00,11.19,11.21238,11.06782,11.09,0.0
2012-11-10 00:00:00+00:00,11.09,11.11218,11.017919999999998,11.04,0.0
2012-11-11 00:00:00+00:00,11.04,11.06208,10.928099999999999,10.95,0.0
2012-11-12 00:00:00+00:00,10.95,11.022,10.928099999999999,11.0,0.0
2012-11-13 00:00:00+00:00,11.0,11.19234,10.978,11.17,0.0
2012-11-14 00:00:00+00:00,11.17,11.19234,11.087779999999999,11.11,0.0
2012-11-15 00:00:00+00:00,11.11,11.13222,11.04786,11.07,0.0
2012-11-16 00:00:00+00:00,11.07,11.30256,11.04786,11.28,0.0
2012-11-17 00:00:00+00:00,11.28,11.8236,11.257439999999999,11.8,0.0
2012-11-18 00:00:00+00:00,11.8,11.83362,11.7764,11.81,0.0
2012-11-19 00:00:00+00:00,11.81,11.84364,11.786380000000001,11.82,0.0
2012-11-20 00:00:00+00:00,11.82,11.84364,11.786380000000001,11.81,0.0
2012-11-21 00:00:00+00:00,11.81,11.85366,11.786380000000001,11.83,0.0
2012-11-22 00:00:00+00:00,11.83,11.9238,11.80634,11.9,0.0
2012-11-23 00:00:00+00:00,11.9,12.34464,11.8762,12.32,0.0
2012-11-24 00:00:00+00:00,12.32,12.45486,12.29536,12.43,0.0
2012-11-25 00:00:00+00:00,12.43,12.48492,12.40514,12.46,0.0
2012-11-26 00:00:00+00:00,12.46,12.63522,12.435080000000001,12.61,0.0
2012-11-27 00:00:00+00:00,12.61,12.64524,12.584779999999999,12.62,0.0
2012-11-28 00:00:00+00:00,12.62,12.64524,12.475,12.5,0.0
2012-11-29 00:00:00+00:00,12.5,12.525,12.425099999999999,12.45,0.0
2012-11-30 00:00:00+00:00,12.45,12.63522,12.425099999999999,12.61,0.0
2012-12-01 00:00:00+00:00,12.61,12.68532,12.584779999999999,12.66,0.0
2012-12-02 00:00:00+00:00,12.66,12.71538,12.63468,12.69,0.0
2012-12-03 00:00:00+00:00,12.69,12.71538,12.65464,12.68,0.0
2012-12-04 00:00:00+00:00,12.68,12.7755,12.65464,12.75,0.0
2012-12-05 00:00:00+00:00,12.75,13.11618,12.7245,13.09,0.0
2012-12-06 00:00:00+00:00,13.09,13.577100000000002,13.06382,13.55,0.0
2012-12-07 00:00:00+00:00,13.55,13.71738,13.5229,13.69,0.0
2012-12-08 00:00:00+00:00,13.69,13.71738,13.6227,13.65,0.0
2012-12-09 00:00:00+00:00,13.65,13.6773,13.5229,13.55,0.0
2012-12-10 00:00:00+00:00,13.55,13.577100000000002,13.502939999999999,13.53,0.0
2012-12-11 00:00:00+00:00,13.53,13.59714,13.502939999999999,13.57,0.0
2012-12-12 00:00:00+00:00,13.57,13.66728,13.542860000000001,13.64,0.0
2012-12-13 00:00:00+00:00,13.64,13.8276,13.612720000000001,13.8,0.0
2012-12-14 00:00:00+00:00,13.8,13.84764,13.772400000000001,13.82,0.0
2012-12-15 00:00:00+00:00,13.82,13.897739999999999,13.79236,13.87,0.0
2012-12-16 00:00:00+00:00,13.87,13.897739999999999,13.7225,13.75,0.0
2012-12-17 00:00:00+00:00,13.75,13.7775,13.60274,13.63,0.0
2012-12-18 00:00:00+00:00,13.63,13.65726,13.443060000000001,13.47,0.0
2012-12-19 00:00:00+00:00,13.47,13.49694,13.3732,13.4,0.0
2012-12-20 00:00:00+00:00,13.4,13.506960000000001,13.3732,13.48,0.0
2012-12-21 00:00:00+00:00,13.48,13.7274,13.45304,13.7,0.0
2012-12-22 00:00:00+00:00,13.7,13.7274,13.60274,13.63,0.0
2012-12-23 00:00:00+00:00,13.63,13.65726,13.53288,13.56,0.0
2012-12-24 00:00:00+00:00,13.56,13.58712,13.45304,13.48,0.0
2012-12-25 00:00:00+00:00,13.48,13.506960000000001,13.4231,13.45,0.0
2012-12-26 00:00:00+00:00,13.45,13.476899999999999,13.41312,13.44,0.0
2012-12-27 00:00:00+00:00,13.44,13.46688,13.39316,13.42,0.0
2012-12-28 00:00:00+00:00,13.42,13.53702,13.39316,13.51,0.0
2012-12-29 00:00:00+00:00,13.51,13.6773,13.48298,13.65,0.0
2012-12-30 00:00:00+00:00,13.65,13.6773,13.6227,13.65,0.0
2012-12-31 00:00:00+00:00,13.65,13.6773,13.542860000000001,13.57,0.0
2013-01-01 00:00:00+00:00,13.57,13.60716,13.542860000000001,13.58,0.0
2013-01-02 00:00:00+00:00,13.58,13.60716,13.49296,13.52,0.0
2013-01-03 00:00:00+00:00,13.52,13.547039999999999,13.39316,13.42,0.0
2013-01-04 00:00:00+00:00,13.42,13.49694,13.39316,13.47,0.0
2013-01-05 00:00:00+00:00,13.47,13.527,13.443060000000001,13.5,0.0
2013-01-06 00:00:00+00:00,13.5,13.567079999999999,13.473,13.54,0.0
2013-01-07 00:00:00+00:00,13.54,13.567079999999999,13.502939999999999,13.53,0.0
2013-01-08 00:00:00+00:00,13.53,13.63722,13.502939999999999,13.61,0.0
2013-01-09 00:00:00+00:00,13.61,13.86768,13.58278,13.84,0.0
2013-01-10 00:00:00+00:00,13.84,14.01798,13.81232,13.99,0.0
2013-01-11 00:00:00+00:00,13.99,14.34864,13.96202,14.32,0.0
2013-01-12 00:00:00+00:00,14.32,14.34864,14.28138,14.31,0.0
2013-01-13 00:00:00+00:00,14.31,14.36868,14.28138,14.34,0.0
2013-01-14 00:00:00+00:00,14.34,14.36868,14.28138,14.31,0.0
2013-01-15 00:00:00+00:00,14.31,14.36868,14.28138,14.34,0.0
2013-01-16 00:00:00+00:00,14.34,14.559059999999999,14.31132,14.53,0.0
2013-01-17 00:00:00+00:00,14.53,14.889719999999999,14.50094,14.86,0.0
2013-01-18 00:00:00+00:00,14.86,15.56106,14.83028,15.53,0.0
2013-01-19 00:00:00+00:00,15.53,15.9819,15.49894,15.95,0.0
2013-01-20 00:00:00+00:00,15.95,15.9819,15.818299999999999,15.85,0.0
2013-01-21 00:00:00+00:00,15.85,16.182299999999998,15.818299999999999,16.15,0.0
2013-01-22 00:00:00+00:00,16.15,17.16426,16.1177,17.13,0.0
2013-01-23 00:00:00+00:00,17.13,17.62518,17.09574,17.59,0.0
2013-01-24 00:00:00+00:00,17.59,18.00594,17.55482,17.97,0.0
2013-01-25 00:00:00+00:00,17.97,19.1382,17.93406,19.1,0.0
2013-01-26 00:00:00+00:00,19.1,19.1382,18.50292,18.54,0.0
2013-01-27 00:00:00+00:00,18.54,18.57708,17.674580000000002,17.71,0.0
2013-01-28 00:00:00+00:00,17.71,18.14622,17.674580000000002,18.11,0.0
2013-01-29 00:00:00+00:00,18.11,18.80754,18.07378,18.77,0.0
2013-01-30 00:00:00+00:00,18.77,19.819560000000003,18.73246,19.78,0.0
2013-01-31 00:00:00+00:00,19.78,20.15022,19.74044,20.11,0.0
2013-02-01 00:00:00+00:00,20.11,21.4428,20.069779999999998,21.4,0.0
2013-02-02 00:00:00+00:00,21.4,21.4428,21.2075,21.25,0.0
2013-02-03 00:00:00+00:00,21.25,21.2925,20.958,21.0,0.0
2013-02-04 00:00:00+00:00,21.0,21.042,20.72846,20.77,0.0
2013-02-05 00:00:00+00:00,20.77,21.031979999999997,20.72846,20.99,0.0
2013-02-06 00:00:00+00:00,20.99,21.031979999999997,20.87816,20.92,0.0
2013-02-07 00:00:00+00:00,20.92,21.57306,20.87816,21.53,0.0
2013-02-08 00:00:00+00:00,21.53,22.1943,21.48694,22.15,0.0
2013-02-09 00:00:00+00:00,22.15,23.4468,22.1057,23.4,0.0
2013-02-10 00:00:00+00:00,23.4,23.87766,23.353199999999998,23.83,0.0
2013-02-11 00:00:00+00:00,23.83,24.01794,23.782339999999998,23.97,0.0
2013-02-12 00:00:00+00:00,23.97,24.699299999999997,23.92206,24.65,0.0
2013-02-13 00:00:00+00:00,24.65,25.2003,24.6007,25.15,0.0
2013-02-14 00:00:00+00:00,25.15,25.2003,24.2514,24.3,0.0
2013-02-15 00:00:00+00:00,24.3,27.2544,24.2514,27.2,0.0
2013-02-16 00:00:00+00:00,27.2,27.32454,27.145599999999998,27.27,0.0
2013-02-17 00:00:00+00:00,27.27,27.44478,27.21546,27.39,0.0
2013-02-18 00:00:00+00:00,27.39,27.44478,26.85618,26.91,0.0
2013-02-19 00:00:00+00:00,26.91,27.03396,26.85618,26.98,0.0
2013-02-20 00:00:00+00:00,26.98,29.53896,26.92604,29.48,0.0
2013-02-21 00:00:00+00:00,29.48,29.84958,29.42104,29.79,0.0
2013-02-22 00:00:00+00:00,29.79,29.84958,29.6905,29.75,0.0
2013-02-23 00:00:00+00:00,29.75,30.581039999999998,29.6905,30.52,0.0
2013-02-24 00:00:00+00:00,30.52,30.581039999999998,29.7404,29.8,0.0
2013-02-25 00:00:00+00:00,29.8,29.929740000000002,29.7404,29.87,0.0
2013-02-26 00:00:00+00:00,29.87,30.4608,29.81026,30.4,0.0
2013-02-27 00:00:00+00:00,30.4,31.2624,30.339199999999998,31.2,0.0
2013-02-28 00:00:00+00:00,31.2,31.332539999999998,31.1376,31.27,0.0
2013-03-01 00:00:00+00:00,31.27,33.426719999999996,31.20746,33.36,0.0
2013-03-02 00:00:00+00:00,33.36,34.569,33.29328,34.5,0.0
2013-03-03 00:00:00+00:00,34.5,34.569,34.1815,34.25,0.0
2013-03-04 00:00:00+00:00,34.25,34.3185,34.1815,34.25,0.0
2013-03-05 00:00:00+00:00,34.25,36.4728,34.1815,36.4,0.0
2013-03-06 00:00:00+00:00,36.4,40.7313,36.3272,40.65,0.0
2013-03-07 00:00:00+00:00,40.65,42.084,40.5687,42.0,0.0
2013-03-08 00:00:00+00:00,42.0,43.2363,41.916,43.15,0.0
2013-03-09 00:00:00+00:00,43.15,44.088,43.0637,44.0,0.0
2013-03-10 00:00:00+00:00,44.0,47.02386,43.912,46.93,0.0
2013-03-11 00:00:00+00:00,46.93,47.02386,45.5088,45.6,0.0
2013-03-12 00:00:00+00:00,45.6,48.296400000000006,45.5088,48.2,0.0
2013-03-13 00:00:00+00:00,48.2,48.296400000000006,44.23136,44.32,0.0
2013-03-14 00:00:00+00:00,44.32,47.16414,44.23136,47.07,0.0
2013-03-15 00:00:00+00:00,47.07,47.16414,46.76628,46.86,0.0
2013-03-16 00:00:00+00:00,46.86,46.9938,46.76628,46.9,0.0
2013-03-17 00:00:00+00:00,46.9,47.344500000000004,46.8062,47.25,0.0
2013-03-18 00:00:00+00:00,47.25,47.47476,47.155499999999996,47.38,0.0
2013-03-19 00:00:00+00:00,47.38,52.224239999999995,47.28524,52.12,0.0
2013-03-20 00:00:00+00:00,52.12,59.64906,52.01576,59.53,0.0
2013-03-21 00:00:00+00:00,59.53,66.06186000000001,59.410940000000004,65.93,0.0
2013-03-22 00:00:00+00:00,65.93,70.3905,65.79814,70.25,0.0
2013-03-23 00:00:00+00:00,70.25,70.3905,70.1095,70.25,0.0
2013-03-24 00:00:00+00:00,70.25,70.3905,63.881980000000006,64.01,0.0
2013-03-25 00:00:00+00:00,64.01,72.07386000000001,63.881980000000006,71.93,0.0
2013-03-26 00:00:00+00:00,71.93,74.2482,71.78614,74.1,0.0
2013-03-27 00:00:00+00:00,74.1,78.94758,73.95179999999999,78.79,0.0
2013-03-28 00:00:00+00:00,78.79,88.9776,78.63242000000001,88.8,0.0
2013-03-29 00:00:00+00:00,88.8,88.9776,87.325,87.5,0.0
2013-03-30 00:00:00+00:00,87.5,90.2301,87.325,90.05,0.0
2013-03-31 00:00:00+00:00,90.05,92.685,89.8699,92.5,0.0
2013-04-01 00:00:00+00:00,92.5,93.4365,92.315,93.25,0.0
2013-04-02 00:00:00+00:00,93.25,104.208,93.0635,104.0,0.0
2013-04-03 00:00:00+00:00,104.0,117.57468,103.792,117.34,0.0
2013-04-04 00:00:00+00:00,117.34,131.262,117.10532,131.0,0.0
2013-04-05 00:00:00+00:00,131.0,133.266,130.738,133.0,0.0
2013-04-06 00:00:00+00:00,133.0,142.3842,132.734,142.1,0.0
2013-04-07 00:00:00+00:00,142.1,143.89722,141.8158,143.61,0.0
2013-04-08 00:00:00+00:00,143.61,163.62660000000002,143.32278000000002,163.3,0.0
2013-04-09 00:00:00+00:00,163.3,187.33392,162.9734,186.96,0.0
2013-04-10 00:00:00+00:00,186.96,231.5121,186.58608,231.05,0.0
2013-04-11 00:00:00+00:00,231.05,231.5121,159.56024,159.88,0.0
2013-04-12 00:00:00+00:00,159.88,160.19976,124.65020000000001,124.9,0.0
2013-04-13 00:00:00+00:00,124.9,125.1498,122.3548,122.6,0.0
2013-04-14 00:00:00+00:00,122.6,122.84519999999999,99.8,100.0,0.0
2013-04-15 00:00:00+00:00,100.0,100.2,99.8,100.0,0.0
2013-04-16 00:00:00+00:00,100.0,100.2,67.96379999999999,68.1,0.0
2013-04-17 00:00:00+00:00,68.1,68.2362,67.864,68.0,0.0
2013-04-18 00:00:00+00:00,68.0,94.0878,67.864,93.9,0.0
2013-04-19 00:00:00+00:00,93.9,111.222,93.71220000000001,111.0,0.0
2013-04-20 00:00:00+00:00,111.0,119.15784000000001,110.778,118.92,0.0
2013-04-21 00:00:00+00:00,118.92,127.755,118.68216,127.5,0.0
2013-04-22 00:00:00+00:00,127.5,127.755,118.762,119.0,0.0
2013-04-23 00:00:00+00:00,119.0,127.254,118.762,127.0,0.0
2013-04-24 00:00:00+00:00,127.0,142.785,126.746,142.5,0.0
2013-04-25 00:00:00+00:00,142.5,155.38013999999998,142.215,155.07,0.0
2013-04-26 00:00:00+00:00,155.07,155.38013999999998,141.70602,141.99,0.0
2013-04-27 00:00:00+00:00,141.99,142.27398000000002,136.726,137.0,0.0
2013-04-28 00:00:00+00:00,137.0,137.274,128.243,128.5,0.0
2013-04-29 00:00:00+00:00,128.5,134.70888,128.243,134.44,0.0
2013-04-30 00:00:00+00:00,134.44,144.82908,134.17112,144.54,0.0
2013-05-01 00:00:00+00:00,144.54,144.82908,138.722,139.0,0.0
2013-05-02 00:00:00+00:00,139.0,139.278,116.766,117.0,0.0
2013-05-03 00:00:00+00:00,117.0,117.234,103.0934,103.3,0.0
2013-05-04 00:00:00+00:00,103.3,103.50659999999999,96.6064,96.8,0.0
2013-05-05 00:00:00+00:00,96.8,113.3262,96.6064,113.1,0.0
2013-05-06 00:00:00+00:00,113.1,116.21196,112.87379999999999,115.98,0.0
2013-05-07 00:00:00+00:00,115.98,116.21196,112.0754,112.3,0.0
2013-05-08 00:00:00+00:00,112.3,112.52459999999999,111.4766,111.7,0.0
2013-05-09 00:00:00+00:00,111.7,113.57669999999999,111.4766,113.35,0.0
2013-05-10 00:00:00+00:00,113.35,113.57669999999999,112.46462,112.69,0.0
2013-05-11 00:00:00+00:00,112.69,117.4344,112.46462,117.2,0.0
2013-05-12 00:00:00+00:00,117.2,117.4344,115.44864000000001,115.68,0.0
2013-05-13 00:00:00+00:00,115.68,115.91136,114.8698,115.1,0.0
2013-05-14 00:00:00+00:00,115.1,118.22597999999999,114.8698,117.99,0.0
2013-05-15 00:00:00+00:00,117.99,118.22597999999999,111.776,112.0,0.0
2013-05-16 00:00:00+00:00,112.0,114.44844,111.776,114.22,0.0
2013-05-17 00:00:00+00:00,114.22,117.64482,113.99155999999999,117.41,0.0
2013-05-18 00:00:00+00:00,117.41,123.56663999999999,117.17518,123.32,0.0
2013-05-19 00:00:00+00:00,123.32,123.56663999999999,123.0534,123.3,0.0
2013-05-20 00:00:00+00:00,123.3,123.5466,121.74602,121.99,0.0
2013-05-21 00:00:00+00:00,121.99,122.26404,121.74602,122.02,0.0
2013-05-22 00:00:00+00:00,122.02,122.9454,121.77596,122.7,0.0
2013-05-23 00:00:00+00:00,122.7,123.246,122.4546,123.0,0.0
2013-05-24 00:00:00+00:00,123.0,126.9534,122.754,126.7,0.0
2013-05-25 00:00:00+00:00,126.7,133.75698,126.4466,133.49,0.0
2013-05-26 00:00:00+00:00,133.49,133.75698,131.72602,131.99,0.0
2013-05-27 00:00:00+00:00,131.99,133.767,131.72602,133.5,0.0
2013-05-28 00:00:00+00:00,133.5,133.767,129.50047999999998,129.76,0.0
2013-05-29 00:00:00+00:00,129.76,130.01952,128.742,129.0,0.0
2013-05-30 00:00:00+00:00,129.0,132.5646,128.742,132.3,0.0
2013-05-31 00:00:00+00:00,132.3,132.5646,128.62224,128.88,0.0
2013-06-01 00:00:00+00:00,128.88,129.27804,128.62224,129.02,0.0
2013-06-02 00:00:00+00:00,129.02,129.5586,128.76196000000002,129.3,0.0
2013-06-03 00:00:00+00:00,129.3,129.5586,122.17516,122.42,0.0
2013-06-04 00:00:00+00:00,122.42,122.66484,121.78594,122.03,0.0
2013-06-05 00:00:00+00:00,122.03,122.27406,121.17716,121.42,0.0
2013-06-06 00:00:00+00:00,121.42,122.1438,121.17716,121.9,0.0
2013-06-07 00:00:00+00:00,121.9,122.1438,118.73206,118.97,0.0
2013-06-08 00:00:00+00:00,118.97,119.20794,111.277,111.5,0.0
2013-06-09 00:00:00+00:00,111.5,111.723,107.77402,107.99,0.0
2013-06-10 00:00:00+00:00,107.99,108.20598,99.9996,100.2,0.0
2013-06-11 00:00:00+00:00,100.2,106.31219999999999,99.9996,106.1,0.0
2013-06-12 00:00:00+00:00,106.1,109.218,105.8878,109.0,0.0
2013-06-13 00:00:00+00:00,109.0,109.218,107.8838,108.1,0.0
2013-06-14 00:00:00+00:00,108.1,108.3162,103.6922,103.9,0.0
2013-06-15 00:00:00+00:00,103.9,104.10780000000001,99.78004,99.98,0.0
2013-06-16 00:00:00+00:00,99.98,100.17996000000001,99.49061999999999,99.69,0.0
2013-06-17 00:00:00+00:00,99.69,100.0998,99.49061999999999,99.9,0.0
2013-06-18 00:00:00+00:00,99.9,102.15390000000001,99.70020000000001,101.95,0.0
2013-06-19 00:00:00+00:00,101.95,107.60478,101.7461,107.39,0.0
2013-06-20 00:00:00+00:00,107.39,107.89536000000001,107.17522,107.68,0.0
2013-06-21 00:00:00+00:00,107.68,111.34224,107.46464,111.12,0.0
2013-06-22 00:00:00+00:00,111.12,111.34224,109.65026,109.87,0.0
2013-06-23 00:00:00+00:00,109.87,110.08974,108.13329999999999,108.35,0.0
2013-06-24 00:00:00+00:00,108.35,108.5667,107.76404000000001,107.98,0.0
2013-06-25 00:00:00+00:00,107.98,108.19596,102.77404,102.98,0.0
2013-06-26 00:00:00+00:00,102.98,104.09778,102.77404,103.89,0.0
2013-06-27 00:00:00+00:00,103.89,104.208,103.68222,104.0,0.0
2013-06-28 00:00:00+00:00,104.0,104.208,101.56645999999999,101.77,0.0
2013-06-29 00:00:00+00:00,101.77,101.97354,94.4607,94.65,0.0
2013-06-30 00:00:00+00:00,94.65,95.17998,94.4607,94.99,0.0
2013-07-01 00:00:00+00:00,94.99,97.4445,94.80001999999999,97.25,0.0
2013-07-02 00:00:00+00:00,97.25,97.4445,86.826,87.0,0.0
2013-07-03 00:00:00+00:00,87.0,91.2321,86.826,91.05,0.0
2013-07-04 00:00:00+00:00,91.05,91.2321,77.95378,78.11,0.0
2013-07-05 00:00:00+00:00,78.11,80.20008,77.95378,80.04,0.0
2013-07-06 00:00:00+00:00,80.04,80.20008,68.72228,68.86,0.0
2013-07-07 00:00:00+00:00,68.86,70.41054,68.72228,70.27,0.0
2013-07-08 00:00:00+00:00,70.27,75.15,70.12946,75.0,0.0
2013-07-09 00:00:00+00:00,75.0,76.64298,74.85,76.49,0.0
2013-07-10 00:00:00+00:00,76.49,76.85340000000001,76.33702,76.7,0.0
2013-07-11 00:00:00+00:00,76.7,88.0758,76.5466,87.9,0.0
2013-07-12 00:00:00+00:00,87.9,89.07780000000001,87.72420000000001,88.9,0.0
2013-07-13 00:00:00+00:00,88.9,94.17797999999999,88.7222,93.99,0.0
2013-07-14 00:00:00+00:00,93.99,98.196,93.80202,98.0,0.0
2013-07-15 00:00:00+00:00,98.0,98.196,94.50062,94.69,0.0
2013-07-16 00:00:00+00:00,94.69,98.5968,94.50062,98.4,0.0
2013-07-17 00:00:00+00:00,98.4,98.5968,96.85589999999999,97.05,0.0
2013-07-18 00:00:00+00:00,97.05,98.99759999999999,96.85589999999999,98.8,0.0
2013-07-19 00:00:00+00:00,98.8,98.99759999999999,89.9198,90.1,0.0
2013-07-20 00:00:00+00:00,90.1,92.184,89.9198,92.0,0.0
2013-07-21 00:00:00+00:00,92.0,92.184,89.21122,89.39,0.0
2013-07-22 00:00:00+00:00,89.39,90.94152000000001,89.21122,90.76,0.0
2013-07-23 00:00:00+00:00,90.76,92.17398,90.57848,91.99,0.0
2013-07-24 00:00:00+00:00,91.99,95.75112,91.80601999999999,95.56,0.0
2013-07-25 00:00:00+00:00,95.56,95.75112,94.32098,94.51,0.0
2013-07-26 00:00:00+00:00,94.51,97.194,94.32098,97.0,0.0
2013-07-27 00:00:00+00:00,97.0,97.194,95.82795999999999,96.02,0.0
2013-07-28 00:00:00+00:00,96.02,96.21204,93.93176000000001,94.12,0.0
2013-07-29 00:00:00+00:00,94.12,98.8974,93.93176000000001,98.7,0.0
2013-07-30 00:00:00+00:00,98.7,101.68296000000001,98.5026,101.48,0.0
2013-07-31 00:00:00+00:00,101.48,108.01559999999999,101.27704,107.8,0.0
2013-08-01 00:00:00+00:00,107.8,108.01559999999999,105.9876,106.2,0.0
2013-08-02 00:00:00+00:00,106.2,106.4124,104.41076000000001,104.62,0.0
2013-08-03 00:00:00+00:00,104.62,104.82924,104.291,104.5,0.0
2013-08-04 00:00:00+00:00,104.5,105.15990000000001,104.291,104.95,0.0
2013-08-05 00:00:00+00:00,104.95,105.75108,104.7401,105.54,0.0
2013-08-06 00:00:00+00:00,105.54,106.93344,105.32892000000001,106.72,0.0
2013-08-07 00:00:00+00:00,106.72,106.93344,106.34688,106.56,0.0
2013-08-08 00:00:00+00:00,106.56,106.77312,105.77802,105.99,0.0
2013-08-09 00:00:00+00:00,105.99,106.20197999999999,102.80398000000001,103.01,0.0
2013-08-10 00:00:00+00:00,103.01,103.21602,102.5944,102.8,0.0
2013-08-11 00:00:00+00:00,102.8,103.206,102.5944,103.0,0.0
2013-08-12 00:00:00+00:00,103.0,105.21,102.794,105.0,0.0
2013-08-13 00:00:00+00:00,105.0,106.85328,104.79,106.64,0.0
2013-08-14 00:00:00+00:00,106.64,109.56869999999999,106.42672,109.35,0.0
2013-08-15 00:00:00+00:00,109.35,109.56869999999999,98.99162,99.19,0.0
2013-08-16 00:00:00+00:00,99.19,99.38838,97.88383999999999,98.08,0.0
2013-08-17 00:00:00+00:00,98.08,98.4465,97.88383999999999,98.25,0.0
2013-08-18 00:00:00+00:00,98.25,99.90942,98.0535,99.71,0.0
2013-08-19 00:00:00+00:00,99.71,99.90942,99.1014,99.3,0.0
2013-08-20 00:00:00+00:00,99.3,103.05569999999999,99.1014,102.85,0.0
2013-08-21 00:00:00+00:00,102.85,105.08976,102.6443,104.88,0.0
2013-08-22 00:00:00+00:00,104.88,110.65086000000001,104.67023999999999,110.43,0.0
2013-08-23 00:00:00+00:00,110.43,110.65086000000001,109.49058,109.71,0.0
2013-08-24 00:00:00+00:00,109.71,109.92942,107.4347,107.65,0.0
2013-08-25 00:00:00+00:00,107.65,109.25808,107.4347,109.04,0.0
2013-08-26 00:00:00+00:00,109.04,113.50656000000001,108.82192,113.28,0.0
2013-08-27 00:00:00+00:00,113.28,113.50656000000001,111.56642000000001,111.79,0.0
2013-08-28 00:00:00+00:00,111.79,117.95544,111.56642000000001,117.72,0.0
2013-08-29 00:00:00+00:00,117.72,118.15584,117.48456,117.92,0.0
2013-08-30 00:00:00+00:00,117.92,118.737,117.68416,118.5,0.0
2013-08-31 00:00:00+00:00,118.5,125.08968,118.263,124.84,0.0
2013-09-01 00:00:00+00:00,124.84,128.77704,124.59032,128.52,0.0
2013-09-02 00:00:00+00:00,128.52,130.93133999999998,128.26296000000002,130.67,0.0
2013-09-03 00:00:00+00:00,130.67,130.93133999999998,129.82982,130.09,0.0
2013-09-04 00:00:00+00:00,130.09,130.35018,128.87174,129.13,0.0
2013-09-05 00:00:00+00:00,129.13,129.38826,122.02546,122.27,0.0
2013-09-06 00:00:00+00:00,122.27,122.87526,122.02546,122.63,0.0
2013-09-07 00:00:00+00:00,122.63,122.87526,117.37478,117.61,0.0
2013-09-08 00:00:00+00:00,117.61,120.15984,117.37478,119.92,0.0
2013-09-09 00:00:00+00:00,119.92,120.15984,117.94364,118.18,0.0
2013-09-10 00:00:00+00:00,118.18,120.76104,117.94364,120.52,0.0
2013-09-11 00:00:00+00:00,120.52,122.26404,120.27896,122.02,0.0
2013-09-12 00:00:00+00:00,122.02,126.79308,121.77596,126.54,0.0
2013-09-13 00:00:00+00:00,126.54,127.32414,126.28692000000001,127.07,0.0
2013-09-14 00:00:00+00:00,127.07,127.39428,126.81585999999999,127.14,0.0
2013-09-15 00:00:00+00:00,127.14,127.39428,123.8019,124.05,0.0
2013-09-16 00:00:00+00:00,124.05,125.60069999999999,123.8019,125.35,0.0
2013-09-17 00:00:00+00:00,125.35,126.4524,125.0993,126.2,0.0
2013-09-18 00:00:00+00:00,126.2,139.4283,125.94760000000001,139.15,0.0
2013-09-19 00:00:00+00:00,139.15,139.4283,126.86576000000001,127.12,0.0
2013-09-20 00:00:00+00:00,127.12,127.37424,123.93164,124.18,0.0
2013-09-21 00:00:00+00:00,124.18,124.42836000000001,122.79392,123.04,0.0
2013-09-22 00:00:00+00:00,123.04,123.66684000000001,122.79392,123.42,0.0
2013-09-23 00:00:00+00:00,123.42,123.66684000000001,122.68414000000001,122.93,0.0
2013-09-24 00:00:00+00:00,122.93,123.17586,122.4047,122.65,0.0
2013-09-25 00:00:00+00:00,122.65,123.9975,122.4047,123.75,0.0
2013-09-26 00:00:00+00:00,123.75,123.9975,123.15320000000001,123.4,0.0
2013-09-27 00:00:00+00:00,123.4,124.89930000000001,123.15320000000001,124.65,0.0
2013-09-28 00:00:00+00:00,124.65,126.9534,124.4007,126.7,0.0
2013-09-29 00:00:00+00:00,126.7,126.9534,126.28692000000001,126.54,0.0
2013-09-30 00:00:00+00:00,126.54,127.26402,126.28692000000001,127.01,0.0
2013-10-01 00:00:00+00:00,127.01,127.26402,125.9975,126.25,0.0
2013-10-02 00:00:00+00:00,126.25,127.79508000000001,125.9975,127.54,0.0
2013-10-03 00:00:00+00:00,127.54,127.79508000000001,103.64229999999999,103.85,0.0
2013-10-04 00:00:00+00:00,103.85,117.80514,103.64229999999999,117.57,0.0
2013-10-05 00:00:00+00:00,117.57,122.18388,117.33485999999999,121.94,0.0
2013-10-06 00:00:00+00:00,121.94,122.18388,120.9576,121.2,0.0
2013-10-07 00:00:00+00:00,121.2,122.73498,120.9576,122.49,0.0
2013-10-08 00:00:00+00:00,122.49,124.0476,122.24502,123.8,0.0
2013-10-09 00:00:00+00:00,123.8,124.36824,123.55239999999999,124.12,0.0
2013-10-10 00:00:00+00:00,124.12,126.15180000000001,123.87176000000001,125.9,0.0
2013-10-11 00:00:00+00:00,125.9,127.0536,125.6482,126.8,0.0
2013-10-12 00:00:00+00:00,126.8,127.66481999999999,126.54639999999999,127.41,0.0
2013-10-13 00:00:00+00:00,127.41,127.84518,127.15518,127.59,0.0
2013-10-14 00:00:00+00:00,127.59,132.88524,127.33482000000001,132.62,0.0
2013-10-15 00:00:00+00:00,132.62,135.44034,132.35476,135.17,0.0
2013-10-16 00:00:00+00:00,135.17,141.30204,134.89965999999998,141.02,0.0
2013-10-17 00:00:00+00:00,141.02,141.30204,137.91362,138.19,0.0
2013-10-18 00:00:00+00:00,138.19,144.22788,137.91362,143.94,0.0
2013-10-19 00:00:00+00:00,143.94,168.5364,143.65212,168.2,0.0
2013-10-20 00:00:00+00:00,168.2,183.54636000000002,167.8636,183.18,0.0
2013-10-21 00:00:00+00:00,183.18,186.49224,182.81364,186.12,0.0
2013-10-22 00:00:00+00:00,186.12,186.49224,179.4404,179.8,0.0
2013-10-23 00:00:00+00:00,179.8,190.1295,179.4404,189.75,0.0
2013-10-24 00:00:00+00:00,189.75,204.10739999999998,189.3705,203.7,0.0
2013-10-25 00:00:00+00:00,203.7,204.10739999999998,194.93934000000002,195.33,0.0
2013-10-26 00:00:00+00:00,195.33,195.72066,186.47629999999998,186.85,0.0
2013-10-27 00:00:00+00:00,186.85,187.2237,179.20088,179.56,0.0
2013-10-28 00:00:00+00:00,179.56,194.44812,179.20088,194.06,0.0
2013-10-29 00:00:00+00:00,194.06,207.31380000000001,193.67188000000002,206.9,0.0
2013-10-30 00:00:00+00:00,206.9,216.432,206.4862,216.0,0.0
2013-10-31 00:00:00+00:00,216.0,216.432,205.59797999999998,206.01,0.0
2013-11-01 00:00:00+00:00,206.01,206.42202,203.13291999999998,203.54,0.0
2013-11-02 00:00:00+00:00,203.54,203.94708,202.594,203.0,0.0
2013-11-03 00:00:00+00:00,203.0,205.26972,202.594,204.86,0.0
2013-11-04 00:00:00+00:00,204.86,210.2196,204.45028000000002,209.8,0.0
2013-11-05 00:00:00+00:00,209.8,230.4099,209.3804,229.95,0.0
2013-11-06 00:00:00+00:00,229.95,253.09518,229.49009999999998,252.59,0.0
2013-11-07 00:00:00+00:00,252.59,265.6302,252.08482,265.1,0.0
2013-11-08 00:00:00+00:00,265.1,291.60204,264.56980000000004,291.02,0.0
2013-11-09 00:00:00+00:00,291.02,334.668,290.43796,334.0,0.0
2013-11-10 00:00:00+00:00,334.0,334.668,329.34,330.0,0.0
2013-11-11 00:00:00+00:00,330.0,330.66,327.344,328.0,0.0
2013-11-12 00:00:00+00:00,328.0,344.29722000000004,327.344,343.61,0.0
2013-11-13 00:00:00+00:00,343.61,355.60979999999995,342.92278,354.9,0.0
2013-11-14 00:00:00+00:00,354.9,393.786,354.1902,393.0,0.0
2013-11-15 00:00:00+00:00,393.0,415.83,392.214,415.0,0.0
2013-11-16 00:00:00+00:00,415.0,415.83,411.20594,412.03,0.0
2013-11-17 00:00:00+00:00,412.03,438.11448,411.20594,437.24,0.0
2013-11-18 00:00:00+00:00,437.24,475.95,436.36552,475.0,0.0
2013-11-19 00:00:00+00:00,475.0,661.5204,474.05,660.2,0.0
2013-11-20 00:00:00+00:00,660.2,661.5204,545.906,547.0,0.0
2013-11-21 00:00:00+00:00,547.0,599.17596,545.906,597.98,0.0
2013-11-22 00:00:00+00:00,597.98,718.20354,596.78404,716.77,0.0
2013-11-23 00:00:00+00:00,716.77,796.59,715.33646,795.0,0.0
2013-11-24 00:00:00+00:00,795.0,831.64998,793.41,829.99,0.0
2013-11-25 00:00:00+00:00,829.99,831.64998,805.885,807.5,0.0
2013-11-26 00:00:00+00:00,807.5,816.18912,805.885,814.56,0.0
2013-11-27 00:00:00+00:00,814.56,919.62558,812.9308799999999,917.79,0.0
2013-11-28 00:00:00+00:00,917.79,966.93,915.9544199999999,965.0,0.0
2013-11-29 00:00:00+00:00,965.0,1016.1282,963.07,1014.1,0.0
2013-11-30 00:00:00+00:00,1014.1,1136.2179,1012.0718,1133.95,0.0
2013-12-01 00:00:00+00:00,1133.95,1136.2179,1116.9616,1119.2,0.0
2013-12-02 00:00:00+00:00,1119.2,1121.4384,953.09998,955.01,0.0
2013-12-03 00:00:00+00:00,955.01,1046.06796,953.09998,1043.98,0.0
2013-12-04 00:00:00+00:00,1043.98,1052.31042,1041.89204,1050.21,0.0
2013-12-05 00:00:00+00:00,1050.21,1139.1738,1048.10958,1136.9,0.0
2013-12-06 00:00:00+00:00,1136.9,1139.1738,1032.93,1035.0,0.0
2013-12-07 00:00:00+00:00,1035.0,1037.07,798.4,800.0,0.0
2013-12-08 00:00:00+00:00,800.0,801.6,704.4981799999999,705.91,0.0
2013-12-09 00:00:00+00:00,705.91,788.1732000000001,704.4981799999999,786.6,0.0
2013-12-10 00:00:00+00:00,786.6,895.788,785.0268,894.0,0.0
2013-12-11 00:00:00+00:00,894.0,980.71752,892.212,978.76,0.0
2013-12-12 00:00:00+00:00,978.76,980.71752,875.1262399999999,876.88,0.0
2013-12-13 00:00:00+00:00,876.88,878.63376,872.97056,874.72,0.0
2013-12-14 00:00:00+00:00,874.72,886.77,872.97056,885.0,0.0
2013-12-15 00:00:00+00:00,885.0,886.77,849.1083799999999,850.81,0.0
2013-12-16 00:00:00+00:00,850.81,864.70596,849.1083799999999,862.98,0.0
2013-12-17 00:00:00+00:00,862.98,864.70596,688.62,690.0,0.0
2013-12-18 00:00:00+00:00,690.0,691.38,672.27276,673.62,0.0
2013-12-19 00:00:00+00:00,673.62,674.9672400000001,520.956,522.0,0.0
2013-12-20 00:00:00+00:00,522.0,686.6705999999999,520.956,685.3,0.0
2013-12-21 00:00:00+00:00,685.3,686.6705999999999,612.64226,613.87,0.0
2013-12-22 00:00:00+00:00,613.87,615.09774,598.7101799999999,599.91,0.0
2013-12-23 00:00:00+00:00,599.91,615.33822,598.7101799999999,614.11,0.0
2013-12-24 00:00:00+00:00,614.11,661.30998,612.88178,659.99,0.0
2013-12-25 00:00:00+00:00,659.99,661.30998,651.694,653.0,0.0
2013-12-26 00:00:00+00:00,653.0,680.3780399999999,651.694,679.02,0.0
2013-12-27 00:00:00+00:00,679.02,748.494,677.66196,747.0,0.0
2013-12-28 00:00:00+00:00,747.0,748.494,722.53204,723.98,0.0
2013-12-29 00:00:00+00:00,723.98,725.42796,713.57,715.0,0.0
2013-12-30 00:00:00+00:00,715.0,729.64638,713.57,728.19,0.0
2013-12-31 00:00:00+00:00,728.19,737.973,726.7336200000001,736.5,0.0
2014-01-01 00:00:00+00:00,736.5,737.973,730.536,732.0,0.0
2014-01-02 00:00:00+00:00,732.0,750.76854,730.536,749.27,0.0
2014-01-03 00:00:00+00:00,749.27,782.79246,747.7714599999999,781.23,0.0
2014-01-04 00:00:00+00:00,781.23,809.00478,779.66754,807.39,0.0
2014-01-05 00:00:00+00:00,807.39,830.39748,805.77522,828.74,0.0
2014-01-06 00:00:00+00:00,828.74,906.7899600000001,827.08252,904.98,0.0
2014-01-07 00:00:00+00:00,904.98,917.52138,903.17004,915.69,0.0
2014-01-08 00:00:00+00:00,915.69,917.52138,788.42,790.0,0.0
2014-01-09 00:00:00+00:00,790.0,824.9466,788.42,823.3,0.0
2014-01-10 00:00:00+00:00,823.3,827.93256,821.6533999999999,826.28,0.0
2014-01-11 00:00:00+00:00,826.28,855.69798,824.62744,853.99,0.0
2014-01-12 00:00:00+00:00,853.99,896.79,852.28202,895.0,0.0
2014-01-13 00:00:00+00:00,895.0,896.79,842.35192,844.04,0.0
2014-01-14 00:00:00+00:00,844.04,845.72808,821.354,823.0,0.0
2014-01-15 00:00:00+00:00,823.0,824.646,814.368,816.0,0.0
2014-01-16 00:00:00+00:00,816.0,843.5136600000001,814.368,841.83,0.0
2014-01-17 00:00:00+00:00,841.83,843.5136600000001,815.5156999999999,817.15,0.0
2014-01-18 00:00:00+00:00,817.15,818.7843,790.416,792.0,0.0
2014-01-19 00:00:00+00:00,792.0,812.8224,790.416,811.2,0.0
2014-01-20 00:00:00+00:00,811.2,842.7822,809.5776000000001,841.1,0.0
2014-01-21 00:00:00+00:00,841.1,842.7822,826.15438,827.81,0.0
2014-01-22 00:00:00+00:00,827.81,829.46562,823.13044,824.78,0.0
2014-01-23 00:00:00+00:00,824.78,826.4295599999999,817.98076,819.62,0.0
2014-01-24 00:00:00+00:00,819.62,821.25924,809.59756,811.22,0.0
2014-01-25 00:00:00+00:00,811.22,812.84244,778.45996,780.02,0.0
2014-01-26 00:00:00+00:00,780.02,806.61,778.45996,805.0,0.0
2014-01-27 00:00:00+00:00,805.0,815.83842,803.39,814.21,0.0
2014-01-28 00:00:00+00:00,814.21,815.83842,746.0748600000001,747.57,0.0
2014-01-29 00:00:00+00:00,747.57,787.1712,746.0748600000001,785.6,0.0
2014-01-30 00:00:00+00:00,785.6,795.588,784.0288,794.0,0.0
2014-01-31 00:00:00+00:00,794.0,801.6,792.412,800.0,0.0
2014-02-01 00:00:00+00:00,800.0,804.606,798.4,803.0,0.0
2014-02-02 00:00:00+00:00,803.0,818.71416,801.394,817.08,0.0
2014-02-03 00:00:00+00:00,817.08,818.71416,812.71132,814.34,0.0
2014-02-04 00:00:00+00:00,814.34,815.9686800000001,806.883,808.5,0.0
2014-02-05 00:00:00+00:00,808.5,810.117,801.38402,802.99,0.0
2014-02-06 00:00:00+00:00,802.99,804.59598,779.438,781.0,0.0
2014-02-07 00:00:00+00:00,781.0,782.562,762.44206,763.97,0.0
2014-02-08 00:00:00+00:00,763.97,765.4979400000001,708.58998,710.01,0.0
2014-02-09 00:00:00+00:00,710.01,711.43002,679.4384,680.8,0.0
2014-02-10 00:00:00+00:00,680.8,688.74474,679.4384,687.37,0.0
2014-02-11 00:00:00+00:00,687.37,690.0573599999999,685.99526,688.68,0.0
2014-02-12 00:00:00+00:00,688.68,690.0573599999999,673.7498,675.1,0.0
2014-02-13 00:00:00+00:00,675.1,676.4502,651.6041799999999,652.91,0.0
2014-02-14 00:00:00+00:00,652.91,654.21582,608.78,610.0,0.0
2014-02-15 00:00:00+00:00,610.0,671.63058,608.78,670.29,0.0
2014-02-16 00:00:00+00:00,670.29,671.63058,654.39858,655.71,0.0
2014-02-17 00:00:00+00:00,655.71,657.02142,622.63224,623.88,0.0
2014-02-18 00:00:00+00:00,623.88,631.21992,622.63224,629.96,0.0
2014-02-19 00:00:00+00:00,629.96,631.21992,628.33082,629.59,0.0
2014-02-20 00:00:00+00:00,629.59,630.84918,623.6003000000001,624.85,0.0
2014-02-21 00:00:00+00:00,624.85,626.0997,561.874,563.0,0.0
2014-02-22 00:00:00+00:00,563.0,580.659,561.874,579.5,0.0
2014-02-23 00:00:00+00:00,579.5,613.70496,578.341,612.48,0.0
2014-02-24 00:00:00+00:00,612.48,613.70496,609.8279,611.05,0.0
2014-02-25 00:00:00+00:00,611.05,612.2720999999999,541.5946399999999,542.68,0.0
2014-02-26 00:00:00+00:00,542.68,560.63904,541.5946399999999,559.52,0.0
2014-02-27 00:00:00+00:00,559.52,586.3804200000001,558.4009599999999,585.21,0.0
2014-02-28 00:00:00+00:00,585.21,586.3804200000001,581.8838999999999,583.05,0.0
2014-03-01 00:00:00+00:00,583.05,584.2161,551.894,553.0,0.0
2014-03-02 00:00:00+00:00,553.0,568.61496,551.894,567.48,0.0
2014-03-03 00:00:00+00:00,567.48,568.61496,559.878,561.0,0.0
2014-03-04 00:00:00+00:00,561.0,683.32392,559.878,681.96,0.0
2014-03-05 00:00:00+00:00,681.96,683.32392,671.93344,673.28,0.0
2014-03-06 00:00:00+00:00,673.28,674.6265599999999,669.3586,670.7,0.0
2014-03-07 00:00:00+00:00,670.7,672.0414000000001,667.662,669.0,0.0
2014-03-08 00:00:00+00:00,669.0,670.338,630.7260200000001,631.99,0.0
2014-03-09 00:00:00+00:00,631.99,633.25398,621.13524,622.38,0.0
2014-03-10 00:00:00+00:00,622.38,641.1798,621.13524,639.9,0.0
2014-03-11 00:00:00+00:00,639.9,641.1798,628.0713400000001,629.33,0.0
2014-03-12 00:00:00+00:00,629.33,633.3642,628.0713400000001,632.1,0.0
2014-03-13 00:00:00+00:00,632.1,636.2199,630.8358000000001,634.95,0.0
2014-03-14 00:00:00+00:00,634.95,642.29202,633.6801,641.01,0.0
2014-03-15 00:00:00+00:00,641.01,642.29202,629.1591599999999,630.42,0.0
2014-03-16 00:00:00+00:00,630.42,638.51448,629.1591599999999,637.24,0.0
2014-03-17 00:00:00+00:00,637.24,638.51448,633.72002,634.99,0.0
2014-03-18 00:00:00+00:00,634.99,636.25998,623.46058,624.71,0.0
2014-03-19 00:00:00+00:00,624.71,625.95942,614.25902,615.49,0.0
2014-03-20 00:00:00+00:00,615.49,616.72098,609.9776,611.2,0.0
2014-03-21 00:00:00+00:00,611.2,612.4224,584.4288,585.6,0.0
2014-03-22 00:00:00+00:00,585.6,586.7712,571.74422,572.89,0.0
2014-03-23 00:00:00+00:00,572.89,574.0357799999999,561.88398,563.01,0.0
2014-03-24 00:00:00+00:00,563.01,564.13602,558.4209199999999,559.54,0.0
2014-03-25 00:00:00+00:00,559.54,586.75116,558.4209199999999,585.58,0.0
2014-03-26 00:00:00+00:00,585.58,586.9615799999999,584.40884,585.79,0.0
2014-03-27 00:00:00+00:00,585.79,586.9615799999999,577.343,578.5,0.0
2014-03-28 00:00:00+00:00,578.5,579.657,473.2516,474.2,0.0
2014-03-29 00:00:00+00:00,474.2,500.5992,473.2516,499.6,0.0
2014-03-30 00:00:00+00:00,499.6,500.5992,489.02,490.0,0.0
2014-03-31 00:00:00+00:00,490.0,490.98,457.74268,458.66,0.0
2014-04-01 00:00:00+00:00,458.66,459.57732000000004,456.57502,457.49,0.0
2014-04-02 00:00:00+00:00,457.49,479.958,456.57502,479.0,0.0
2014-04-03 00:00:00+00:00,479.0,479.958,438.24176,439.12,0.0
2014-04-04 00:00:00+00:00,439.12,449.61744000000004,438.24176,448.72,0.0
2014-04-05 00:00:00+00:00,448.72,452.904,447.82256,452.0,0.0
2014-04-06 00:00:00+00:00,452.0,463.926,451.096,463.0,0.0
2014-04-07 00:00:00+00:00,463.0,463.926,457.084,458.0,0.0
2014-04-08 00:00:00+00:00,458.0,458.916,449.09002,449.99,0.0
2014-04-09 00:00:00+00:00,449.99,453.906,449.09002,453.0,0.0
2014-04-10 00:00:00+00:00,453.0,453.906,441.04614,441.93,0.0
2014-04-11 00:00:00+00:00,441.93,442.81386000000003,368.262,369.0,0.0
2014-04-12 00:00:00+00:00,369.0,424.24679999999995,368.262,423.4,0.0
2014-04-13 00:00:00+00:00,423.4,424.24679999999995,422.52326,423.37,0.0
2014-04-14 00:00:00+00:00,423.37,424.21674,416.74484,417.58,0.0
2014-04-15 00:00:00+00:00,417.58,460.55928,416.74484,459.64,0.0
2014-04-16 00:00:00+00:00,459.64,524.046,458.72072,523.0,0.0
2014-04-17 00:00:00+00:00,523.0,527.34258,521.954,526.29,0.0
2014-04-18 00:00:00+00:00,526.29,527.34258,497.2036,498.2,0.0
2014-04-19 00:00:00+00:00,498.2,499.1964,481.14578,482.11,0.0
2014-04-20 00:00:00+00:00,482.11,504.80760000000004,481.14578,503.8,0.0
2014-04-21 00:00:00+00:00,503.8,504.80760000000004,500.53692,501.54,0.0
2014-04-22 00:00:00+00:00,501.54,502.54308000000003,497.38324,498.38,0.0
2014-04-23 00:00:00+00:00,498.38,499.37676,487.54296,488.52,0.0
2014-04-24 00:00:00+00:00,488.52,492.97398,487.54296,491.99,0.0
2014-04-25 00:00:00+00:00,491.99,503.1543,491.00602000000003,502.15,0.0
2014-04-26 00:00:00+00:00,502.15,503.1543,462.20374,463.13,0.0
2014-04-27 00:00:00+00:00,463.13,464.05626,460.55704000000003,461.48,0.0
2014-04-28 00:00:00+00:00,461.48,462.40296,437.92240000000004,438.8,0.0
2014-04-29 00:00:00+00:00,438.8,443.32488,437.92240000000004,442.44,0.0
2014-04-30 00:00:00+00:00,442.44,448.896,441.55512,448.0,0.0
2014-05-01 00:00:00+00:00,448.0,452.93406,447.104,452.03,0.0
2014-05-02 00:00:00+00:00,452.03,461.89194000000003,451.12593999999996,460.97,0.0
2014-05-03 00:00:00+00:00,460.97,461.89194000000003,453.99019999999996,454.9,0.0
2014-05-04 00:00:00+00:00,454.9,455.8098,439.12,440.0,0.0
2014-05-05 00:00:00+00:00,440.0,440.88,435.8765,436.75,0.0
2014-05-06 00:00:00+00:00,436.75,437.6235,432.134,433.0,0.0
2014-05-07 00:00:00+00:00,433.0,433.866,427.15398,428.01,0.0
2014-05-08 00:00:00+00:00,428.01,441.76176,427.15398,440.88,0.0
2014-05-09 00:00:00+00:00,440.88,441.76176,436.73478,437.61,0.0
2014-05-10 00:00:00+00:00,437.61,449.898,436.73478,449.0,0.0
2014-05-11 00:00:00+00:00,449.0,457.914,448.102,457.0,0.0
2014-05-12 00:00:00+00:00,457.0,457.914,436.93438,437.81,0.0
2014-05-13 00:00:00+00:00,437.81,443.3349,436.93438,442.45,0.0
2014-05-14 00:00:00+00:00,442.45,443.3349,438.24176,439.12,0.0
2014-05-15 00:00:00+00:00,439.12,445.53929999999997,438.24176,444.65,0.0
2014-05-16 00:00:00+00:00,444.65,447.42305999999996,443.7607,446.53,0.0
2014-05-17 00:00:00+00:00,446.53,450.01824,445.63694,449.12,0.0
2014-05-18 00:00:00+00:00,449.12,450.01824,447.76268000000005,448.66,0.0
2014-05-19 00:00:00+00:00,448.66,449.55732,445.99622,446.89,0.0
2014-05-20 00:00:00+00:00,446.89,448.91604,445.99622,448.02,0.0
2014-05-21 00:00:00+00:00,448.02,489.09624,447.12395999999995,488.12,0.0
2014-05-22 00:00:00+00:00,488.12,494.95794,487.14376,493.97,0.0
2014-05-23 00:00:00+00:00,493.97,529.3766400000001,492.98206000000005,528.32,0.0
2014-05-24 00:00:00+00:00,528.32,529.3766400000001,520.0578,521.1,0.0
2014-05-25 00:00:00+00:00,521.1,528.96582,520.0578,527.91,0.0
2014-05-26 00:00:00+00:00,527.91,571.06986,526.8541799999999,569.93,0.0
2014-05-27 00:00:00+00:00,569.93,586.04976,568.79014,584.88,0.0
2014-05-28 00:00:00+00:00,584.88,586.04976,571.5546,572.7,0.0
2014-05-29 00:00:00+00:00,572.7,582.162,571.5546,581.0,0.0
2014-05-30 00:00:00+00:00,581.0,582.162,567.87198,569.01,0.0
2014-05-31 00:00:00+00:00,569.01,622.5426,567.87198,621.3,0.0
2014-06-01 00:00:00+00:00,621.3,627.753,620.0573999999999,626.5,0.0
2014-06-02 00:00:00+00:00,626.5,631.9714200000001,625.247,630.71,0.0
2014-06-03 00:00:00+00:00,630.71,663.324,629.44858,662.0,0.0
2014-06-04 00:00:00+00:00,662.0,671.48028,660.676,670.14,0.0
2014-06-05 00:00:00+00:00,670.14,671.48028,641.57428,642.86,0.0
2014-06-06 00:00:00+00:00,642.86,662.80296,641.57428,661.48,0.0
2014-06-07 00:00:00+00:00,661.48,662.80296,647.702,649.0,0.0
2014-06-08 00:00:00+00:00,649.0,658.43424,647.702,657.12,0.0
2014-06-09 00:00:00+00:00,657.12,658.43424,655.79578,657.11,0.0
2014-06-10 00:00:00+00:00,657.11,658.42422,647.5123799999999,648.81,0.0
2014-06-11 00:00:00+00:00,648.81,650.10762,647.2529,648.55,0.0
2014-06-12 00:00:00+00:00,648.55,649.8471,623.72006,624.97,0.0
2014-06-13 00:00:00+00:00,624.97,626.2199400000001,573.7003,574.85,0.0
2014-06-14 00:00:00+00:00,574.85,592.7330999999999,573.7003,591.55,0.0
2014-06-15 00:00:00+00:00,591.55,592.7330999999999,571.13544,572.28,0.0
2014-06-16 00:00:00+00:00,572.28,594.07578,571.13544,592.89,0.0
2014-06-17 00:00:00+00:00,592.89,594.07578,584.828,586.0,0.0
2014-06-18 00:00:00+00:00,586.0,609.216,584.828,608.0,0.0
2014-06-19 00:00:00+00:00,608.0,609.216,606.784,608.0,0.0
2014-06-20 00:00:00+00:00,608.0,609.216,593.9597,595.15,0.0
2014-06-21 00:00:00+00:00,595.15,596.3403,592.29304,593.48,0.0
2014-06-22 00:00:00+00:00,593.48,594.66696,589.77808,590.96,0.0
2014-06-23 00:00:00+00:00,590.96,599.95752,589.77808,598.76,0.0
2014-06-24 00:00:00+00:00,598.76,599.95752,587.0735,588.25,0.0
2014-06-25 00:00:00+00:00,588.25,589.4265,573.83004,574.98,0.0
2014-06-26 00:00:00+00:00,574.98,576.12996,559.63848,560.76,0.0
2014-06-27 00:00:00+00:00,560.76,578.49468,559.63848,577.34,0.0
2014-06-28 00:00:00+00:00,577.34,600.198,576.18532,599.0,0.0
2014-06-29 00:00:00+00:00,599.0,600.198,588.82,590.0,0.0
2014-06-30 00:00:00+00:00,590.0,601.18998,588.82,599.99,0.0
2014-07-01 00:00:00+00:00,599.99,640.26798,598.79002,638.99,0.0
2014-07-02 00:00:00+00:00,638.99,640.5285,637.71202,639.25,0.0
2014-07-03 00:00:00+00:00,639.25,651.79098,637.9715,650.49,0.0
2014-07-04 00:00:00+00:00,650.49,651.79098,644.0593,645.35,0.0
2014-07-05 00:00:00+00:00,645.35,646.6407,624.9076799999999,626.16,0.0
2014-07-06 00:00:00+00:00,626.16,632.2620000000001,624.9076799999999,631.0,0.0
2014-07-07 00:00:00+00:00,631.0,635.00748,629.7379999999999,633.74,0.0
2014-07-08 00:00:00+00:00,633.74,635.00748,623.1013,624.35,0.0
2014-07-09 00:00:00+00:00,624.35,626.2199400000001,623.1013,624.97,0.0
2014-07-10 00:00:00+00:00,624.97,626.2199400000001,620.7061,621.95,0.0
2014-07-11 00:00:00+00:00,621.95,623.1939000000001,615.5663999999999,616.8,0.0
2014-07-12 00:00:00+00:00,616.8,635.268,615.5663999999999,634.0,0.0
2014-07-13 00:00:00+00:00,634.0,637.45236,632.732,636.18,0.0
2014-07-14 00:00:00+00:00,636.18,637.45236,629.16914,630.43,0.0
2014-07-15 00:00:00+00:00,630.43,631.6908599999999,619.96758,621.21,0.0
2014-07-16 00:00:00+00:00,621.21,625.3181400000001,619.96758,624.07,0.0
2014-07-17 00:00:00+00:00,624.07,625.3181400000001,616.17518,617.41,0.0
2014-07-18 00:00:00+00:00,617.41,627.0516,616.17518,625.8,0.0
2014-07-19 00:00:00+00:00,625.8,633.1137,624.5483999999999,631.85,0.0
2014-07-20 00:00:00+00:00,631.85,633.1137,628.74,630.0,0.0
2014-07-21 00:00:00+00:00,630.0,631.26,625.746,627.0,0.0
2014-07-22 00:00:00+00:00,627.0,628.254,620.98554,622.23,0.0
2014-07-23 00:00:00+00:00,622.23,623.47446,618.76,620.0,0.0
2014-07-24 00:00:00+00:00,620.0,621.67086,618.76,620.43,0.0
2014-07-25 00:00:00+00:00,620.43,621.67086,602.7520800000001,603.96,0.0
2014-07-26 00:00:00+00:00,603.96,605.16792,601.6942,602.9,0.0
2014-07-27 00:00:00+00:00,602.9,604.1057999999999,594.7081999999999,595.9,0.0
2014-07-28 00:00:00+00:00,595.9,597.0918,592.4926399999999,593.68,0.0
2014-07-29 00:00:00+00:00,593.68,594.86736,588.76012,589.94,0.0
2014-07-30 00:00:00+00:00,589.94,591.1198800000001,584.329,585.5,0.0
2014-07-31 00:00:00+00:00,585.5,586.671,562.2233,563.35,0.0
2014-08-01 00:00:00+00:00,563.35,583.20408,562.2233,582.04,0.0
2014-08-02 00:00:00+00:00,582.04,596.95152,580.87592,595.76,0.0
2014-08-03 00:00:00+00:00,595.76,596.95152,588.4108200000001,589.59,0.0
2014-08-04 00:00:00+00:00,589.59,590.76918,582.6423799999999,583.81,0.0
2014-08-05 00:00:00+00:00,583.81,589.677,582.6423799999999,588.5,0.0
2014-08-06 00:00:00+00:00,588.5,589.677,580.7960800000001,581.96,0.0
2014-08-07 00:00:00+00:00,581.96,583.8954600000001,580.7960800000001,582.73,0.0
2014-08-08 00:00:00+00:00,582.73,586.19004,581.56454,585.02,0.0
2014-08-09 00:00:00+00:00,585.02,590.15796,583.84996,588.98,0.0
2014-08-10 00:00:00+00:00,588.98,590.7792000000001,587.80204,589.6,0.0
2014-08-11 00:00:00+00:00,589.6,591.92148,588.4208,590.74,0.0
2014-08-12 00:00:00+00:00,590.74,591.92148,572.86198,574.01,0.0
2014-08-13 00:00:00+00:00,574.01,575.15802,567.87198,569.01,0.0
2014-08-14 00:00:00+00:00,569.01,570.14802,548.88004,549.98,0.0
2014-08-15 00:00:00+00:00,549.98,551.07996,503.50097999999997,504.51,0.0
2014-08-16 00:00:00+00:00,504.51,505.51902,499.38921999999997,500.39,0.0
2014-08-17 00:00:00+00:00,500.39,524.92776,499.38921999999997,523.88,0.0
2014-08-18 00:00:00+00:00,523.88,524.92776,497.17366000000004,498.17,0.0
2014-08-19 00:00:00+00:00,498.17,499.16634,474.0001,474.95,0.0
2014-08-20 00:00:00+00:00,474.95,490.98,474.0001,490.0,0.0
2014-08-21 00:00:00+00:00,490.0,519.8576400000001,489.02,518.82,0.0
2014-08-22 00:00:00+00:00,518.82,522.16224,517.78236,521.12,0.0
2014-08-23 00:00:00+00:00,521.12,522.16224,514.65862,515.69,0.0
2014-08-24 00:00:00+00:00,515.69,516.7213800000001,494.27946,495.27,0.0
2014-08-25 00:00:00+00:00,495.27,509.04605999999995,494.27946,508.03,0.0
2014-08-26 00:00:00+00:00,508.03,509.04605999999995,500.5469,501.55,0.0
2014-08-27 00:00:00+00:00,501.55,514.9478399999999,500.5469,513.92,0.0
2014-08-28 00:00:00+00:00,513.92,514.9478399999999,510.74645999999996,511.77,0.0
2014-08-29 00:00:00+00:00,511.77,512.79354,505.59678,506.61,0.0
2014-08-30 00:00:00+00:00,506.61,510.3186,505.59678,509.3,0.0
2014-08-31 00:00:00+00:00,509.3,510.3186,499.998,501.0,0.0
2014-09-01 00:00:00+00:00,501.0,502.002,477.91226,478.87,0.0
2014-09-02 00:00:00+00:00,478.87,479.82774,475.40728,476.36,0.0
2014-09-03 00:00:00+00:00,476.36,477.31272,472.58293999999995,473.53,0.0
2014-09-04 00:00:00+00:00,473.53,475.449,472.58293999999995,474.5,0.0
2014-09-05 00:00:00+00:00,474.5,489.84774,473.551,488.87,0.0
2014-09-06 00:00:00+00:00,488.87,489.84774,484.93818000000005,485.91,0.0
2014-09-07 00:00:00+00:00,485.91,486.88182,478.63081999999997,479.59,0.0
2014-09-08 00:00:00+00:00,479.59,480.54918,475.57694,476.53,0.0
2014-09-09 00:00:00+00:00,476.53,477.48305999999997,466.9143,467.85,0.0
2014-09-10 00:00:00+00:00,467.85,474.29670000000004,466.9143,473.35,0.0
2014-09-11 00:00:00+00:00,473.35,478.69548000000003,472.4033,477.74,0.0
2014-09-12 00:00:00+00:00,477.74,478.69548000000003,476.77454,477.73,0.0
2014-09-13 00:00:00+00:00,477.73,478.68546000000003,473.67076000000003,474.62,0.0
2014-09-14 00:00:00+00:00,474.62,477.87384000000003,473.67076000000003,476.92,0.0
2014-09-15 00:00:00+00:00,476.92,477.87384000000003,473.40130000000005,474.35,0.0
2014-09-16 00:00:00+00:00,474.35,475.2987,469.88833999999997,470.83,0.0
2014-09-17 00:00:00+00:00,470.83,471.77166,462.47319999999996,463.4,0.0
2014-09-18 00:00:00+00:00,463.4,464.3268,452.99219999999997,453.9,0.0
2014-09-19 00:00:00+00:00,453.9,454.8078,424.70888,425.56,0.0
2014-09-20 00:00:00+00:00,425.56,426.41112,394.87866,395.67,0.0
2014-09-21 00:00:00+00:00,395.67,412.53342,394.87866,411.71,0.0
2014-09-22 00:00:00+00:00,411.71,412.53342,400.3477,401.15,0.0
2014-09-23 00:00:00+00:00,401.15,401.9523,399.1501,399.95,0.0
2014-09-24 00:00:00+00:00,399.95,440.91006,399.1501,440.03,0.0
2014-09-25 00:00:00+00:00,440.03,440.91006,422.83264,423.68,0.0
2014-09-26 00:00:00+00:00,423.68,424.52736,409.36962,410.19,0.0
2014-09-27 00:00:00+00:00,410.19,411.01038,403.90058,404.71,0.0
2014-09-28 00:00:00+00:00,404.71,405.51941999999997,399.58922,400.39,0.0
2014-09-29 00:00:00+00:00,400.39,401.19077999999996,374.48952,375.24,0.0
2014-09-30 00:00:00+00:00,375.24,375.99048,373.12226,373.87,0.0
2014-10-01 00:00:00+00:00,373.87,390.96036,373.12226,390.18,0.0
2014-10-02 00:00:00+00:00,390.18,390.96036,383.27192,384.04,0.0
2014-10-03 00:00:00+00:00,384.04,384.80808,375.02844,375.78,0.0
2014-10-04 00:00:00+00:00,375.78,376.53155999999996,358.18219999999997,358.9,0.0
2014-10-05 00:00:00+00:00,358.9,359.6178,327.73321999999996,328.39,0.0
2014-10-06 00:00:00+00:00,328.39,329.04678,323.29212,323.94,0.0
2014-10-07 00:00:00+00:00,323.94,328.26522,323.29212,327.61,0.0
2014-10-08 00:00:00+00:00,327.61,334.72812,326.95478,334.06,0.0
2014-10-09 00:00:00+00:00,334.06,357.714,333.39188,357.0,0.0
2014-10-10 00:00:00+00:00,357.0,364.33722,356.286,363.61,0.0
2014-10-11 00:00:00+00:00,363.61,364.33722,360.1782,360.9,0.0
2014-10-12 00:00:00+00:00,360.9,362.6739,360.1782,361.95,0.0
2014-10-13 00:00:00+00:00,361.95,381.5616,361.2261,380.8,0.0
2014-10-14 00:00:00+00:00,380.8,392.76396,380.0384,391.98,0.0
2014-10-15 00:00:00+00:00,391.98,403.305,391.19604000000004,402.5,0.0
2014-10-16 00:00:00+00:00,402.5,403.305,394.05032,394.84,0.0
2014-10-17 00:00:00+00:00,394.84,395.62967999999995,383.08230000000003,383.85,0.0
2014-10-18 00:00:00+00:00,383.85,384.6177,382.37372,383.14,0.0
2014-10-19 00:00:00+00:00,383.14,391.782,382.37372,391.0,0.0
2014-10-20 00:00:00+00:00,391.0,391.782,388.66112,389.44,0.0
2014-10-21 00:00:00+00:00,389.44,390.21888,380.69707999999997,381.46,0.0
2014-10-22 00:00:00+00:00,381.46,386.66177999999996,380.69707999999997,385.89,0.0
2014-10-23 00:00:00+00:00,385.89,386.66177999999996,383.30186,384.07,0.0
2014-10-24 00:00:00+00:00,384.07,384.83814,356.4856,357.2,0.0
2014-10-25 00:00:00+00:00,357.2,359.20698,356.4856,358.49,0.0
2014-10-26 00:00:00+00:00,358.49,359.20698,346.306,347.0,0.0
2014-10-27 00:00:00+00:00,347.0,356.0106,346.306,355.3,0.0
2014-10-28 00:00:00+00:00,355.3,356.0106,350.1982,350.9,0.0
2014-10-29 00:00:00+00:00,350.9,356.50158000000005,350.1982,355.79,0.0
2014-10-30 00:00:00+00:00,355.79,356.50158000000005,334.65934,335.33,0.0
2014-10-31 00:00:00+00:00,335.33,345.99060000000003,334.65934,345.3,0.0
2014-11-01 00:00:00+00:00,345.3,345.99060000000003,337.11442,337.79,0.0
2014-11-02 00:00:00+00:00,337.79,338.46558000000005,323.86098,324.51,0.0
2014-11-03 00:00:00+00:00,324.51,325.15902,323.71128,324.36,0.0
2014-11-04 00:00:00+00:00,324.36,327.14298,323.71128,326.49,0.0
2014-11-05 00:00:00+00:00,326.49,330.89046,325.83702,330.23,0.0
2014-11-06 00:00:00+00:00,330.23,339.30726,329.56954,338.63,0.0
2014-11-07 00:00:00+00:00,338.63,350.65992,337.95274,349.96,0.0
2014-11-08 00:00:00+00:00,349.96,350.65992,341.50562,342.19,0.0
2014-11-09 00:00:00+00:00,342.19,347.63388,341.50562,346.94,0.0
2014-11-10 00:00:00+00:00,346.94,366.67188,346.24612,365.94,0.0
2014-11-11 00:00:00+00:00,365.94,366.67188,365.0684,365.8,0.0
2014-11-12 00:00:00+00:00,365.8,370.14882,365.0684,369.41,0.0
2014-11-13 00:00:00+00:00,369.41,421.03038,368.67118000000005,420.19,0.0
2014-11-14 00:00:00+00:00,420.19,421.03038,419.15002,419.99,0.0
2014-11-15 00:00:00+00:00,419.99,420.82998000000003,398.31178,399.11,0.0
2014-11-16 00:00:00+00:00,399.11,399.90822000000003,376.23602,376.99,0.0
2014-11-17 00:00:00+00:00,376.99,390.64974,376.23602,389.87,0.0
2014-11-18 00:00:00+00:00,389.87,390.64974,388.09226,388.87,0.0
2014-11-19 00:00:00+00:00,388.87,389.64774,374.17016,374.92,0.0
2014-11-20 00:00:00+00:00,374.92,379.8081,374.17016,379.05,0.0
2014-11-21 00:00:00+00:00,379.05,379.8081,355.75706,356.47,0.0
2014-11-22 00:00:00+00:00,356.47,357.18294000000003,349.5495,350.25,0.0
2014-11-23 00:00:00+00:00,350.25,353.74608,349.5495,353.04,0.0
2014-11-24 00:00:00+00:00,353.04,367.85424,352.33392000000003,367.12,0.0
2014-11-25 00:00:00+00:00,367.12,375.32916,366.38576,374.58,0.0
2014-11-26 00:00:00+00:00,374.58,376.91232,373.83083999999997,376.16,0.0
2014-11-27 00:00:00+00:00,376.16,376.91232,366.12628,366.86,0.0
2014-11-28 00:00:00+00:00,366.86,370.70994,366.12628,369.97,0.0
2014-11-29 00:00:00+00:00,369.97,377.73396,369.23006000000004,376.98,0.0
2014-11-30 00:00:00+00:00,376.98,377.73396,374.83882,375.59,0.0
2014-12-01 00:00:00+00:00,375.59,376.78206,374.83882,376.03,0.0
2014-12-02 00:00:00+00:00,376.03,378.17484,375.27793999999994,377.42,0.0
2014-12-03 00:00:00+00:00,377.42,380.37924,376.66516,379.62,0.0
2014-12-04 00:00:00+00:00,379.62,380.37924,375.27793999999994,376.03,0.0
2014-12-05 00:00:00+00:00,376.03,376.78206,367.99254,368.73,0.0
2014-12-06 00:00:00+00:00,368.73,376.752,367.99254,376.0,0.0
2014-12-07 00:00:00+00:00,376.0,376.752,374.29990000000004,375.05,0.0
2014-12-08 00:00:00+00:00,375.05,376.76202,374.29990000000004,376.01,0.0
2014-12-09 00:00:00+00:00,376.01,376.76202,362.26402,362.99,0.0
2014-12-10 00:00:00+00:00,362.99,363.71598,351.11636,351.82,0.0
2014-12-11 00:00:00+00:00,351.82,352.52364,348.09242,348.79,0.0
2014-12-12 00:00:00+00:00,348.79,349.66794000000004,348.09242,348.97,0.0
2014-12-13 00:00:00+00:00,348.97,352.91442,348.27206,352.21,0.0
2014-12-14 00:00:00+00:00,352.21,352.91442,351.06646,351.77,0.0
2014-12-15 00:00:00+00:00,351.77,358.5156,351.06646,357.8,0.0
2014-12-16 00:00:00+00:00,357.8,358.5156,347.26408,347.96,0.0
2014-12-17 00:00:00+00:00,347.96,348.65592,329.18032,329.84,0.0
2014-12-18 00:00:00+00:00,329.84,330.49967999999996,320.69732,321.34,0.0
2014-12-19 00:00:00+00:00,321.34,321.98267999999996,311.63548,312.26,0.0
2014-12-20 00:00:00+00:00,312.26,319.22718,311.63548,318.59,0.0
2014-12-21 00:00:00+00:00,318.59,332.18304,317.95282,331.52,0.0
2014-12-22 00:00:00+00:00,331.52,332.18304,319.36,320.0,0.0
2014-12-23 00:00:00+00:00,320.0,332.64396,319.36,331.98,0.0
2014-12-24 00:00:00+00:00,331.98,337.6239,331.31604000000004,336.95,0.0
2014-12-25 00:00:00+00:00,336.95,337.6239,323.03264,323.68,0.0
2014-12-26 00:00:00+00:00,323.68,324.32736,319.17038,319.81,0.0
2014-12-27 00:00:00+00:00,319.81,330.59988,319.17038,329.94,0.0
2014-12-28 00:00:00+00:00,329.94,330.59988,315.45781999999997,316.09,0.0
2014-12-29 00:00:00+00:00,316.09,318.04482,315.45781999999997,317.41,0.0
2014-12-30 00:00:00+00:00,317.41,318.04482,312.7732,313.4,0.0
2014-12-31 00:00:00+00:00,313.4,314.0268,310.378,311.0,0.0
2015-01-01 00:00:00+00:00,311.0,321.61194,310.378,320.97,0.0
2015-01-02 00:00:00+00:00,320.97,321.61194,314.18038,314.81,0.0
2015-01-03 00:00:00+00:00,314.81,317.14302,314.18038,316.51,0.0
2015-01-04 00:00:00+00:00,316.51,317.14302,284.51982,285.09,0.0
2015-01-05 00:00:00+00:00,285.09,285.66017999999997,262.64366,263.17,0.0
2015-01-06 00:00:00+00:00,263.17,274.82856,262.64366,274.28,0.0
2015-01-07 00:00:00+00:00,274.28,287.89464,273.73143999999996,287.32,0.0
2015-01-08 00:00:00+00:00,287.32,298.58598,286.74536,297.99,0.0
2015-01-09 00:00:00+00:00,297.99,298.58598,283.92102,284.49,0.0
2015-01-10 00:00:00+00:00,284.49,291.39162,283.92102,290.81,0.0
2015-01-11 00:00:00+00:00,290.81,291.39162,275.41806,275.97,0.0
2015-01-12 00:00:00+00:00,275.97,276.52194000000003,269.14064,269.68,0.0
2015-01-13 00:00:00+00:00,269.68,270.21936,266.48596,267.02,0.0
2015-01-14 00:00:00+00:00,267.02,267.55404,221.556,222.0,0.0
2015-01-15 00:00:00+00:00,222.0,222.444,171.656,172.0,0.0
2015-01-16 00:00:00+00:00,172.0,210.63042000000002,171.656,210.21,0.0
2015-01-17 00:00:00+00:00,210.21,210.63042000000002,207.71374,208.13,0.0
2015-01-18 00:00:00+00:00,208.13,208.54626,199.37046,199.77,0.0
2015-01-19 00:00:00+00:00,199.77,212.40395999999998,199.37046,211.98,0.0
2015-01-20 00:00:00+00:00,211.98,216.44201999999999,211.55604,216.01,0.0
2015-01-21 00:00:00+00:00,216.01,216.44201999999999,210.28858,210.71,0.0
2015-01-22 00:00:00+00:00,210.71,225.03918000000002,210.28858,224.59,0.0
2015-01-23 00:00:00+00:00,224.59,233.97701999999998,224.14082,233.51,0.0
2015-01-24 00:00:00+00:00,233.51,234.17742,233.04298,233.71,0.0
2015-01-25 00:00:00+00:00,233.71,249.81864,233.24258,249.32,0.0
2015-01-26 00:00:00+00:00,249.32,254.82864,248.82136,254.32,0.0
2015-01-27 00:00:00+00:00,254.32,274.97886,253.81135999999998,274.43,0.0
2015-01-28 00:00:00+00:00,274.43,274.97886,262.99296,263.52,0.0
2015-01-29 00:00:00+00:00,263.52,264.04704,235.7276,236.2,0.0
2015-01-30 00:00:00+00:00,236.2,236.67239999999998,235.51802,235.99,0.0
2015-01-31 00:00:00+00:00,235.99,236.46198,226.51606,226.97,0.0
2015-02-01 00:00:00+00:00,226.97,227.42394,218.8115,219.25,0.0
2015-02-02 00:00:00+00:00,219.25,227.43395999999998,218.8115,226.98,0.0
2015-02-03 00:00:00+00:00,226.98,238.44594,226.52604,237.97,0.0
2015-02-04 00:00:00+00:00,237.97,238.44594,227.07494,227.53,0.0
2015-02-05 00:00:00+00:00,227.53,227.98506,226.25658,226.71,0.0
2015-02-06 00:00:00+00:00,226.71,227.16342,216.54603999999998,216.98,0.0
2015-02-07 00:00:00+00:00,216.98,222.80472,216.54603999999998,222.36,0.0
2015-02-08 00:00:00+00:00,222.36,229.7586,221.91528000000002,229.3,0.0
2015-02-09 00:00:00+00:00,229.3,229.7586,223.48214000000002,223.93,0.0
2015-02-10 00:00:00+00:00,223.93,224.37786,219.49014,219.93,0.0
2015-02-11 00:00:00+00:00,219.93,220.80072,219.49014,220.36,0.0
2015-02-12 00:00:00+00:00,220.36,220.80072,219.1608,219.6,0.0
2015-02-13 00:00:00+00:00,219.6,222.77466,219.1608,222.33,0.0
2015-02-14 00:00:00+00:00,222.33,237.37380000000002,221.88534,236.9,0.0
2015-02-15 00:00:00+00:00,236.9,258.015,236.4262,257.5,0.0
2015-02-16 00:00:00+00:00,257.5,258.015,233.71164000000002,234.18,0.0
2015-02-17 00:00:00+00:00,234.18,234.969,233.71164000000002,234.5,0.0
2015-02-18 00:00:00+00:00,234.5,245.78058,234.031,245.29,0.0
2015-02-19 00:00:00+00:00,245.29,245.78058,236.96511999999998,237.44,0.0
2015-02-20 00:00:00+00:00,237.44,241.87277999999998,236.96511999999998,241.39,0.0
2015-02-21 00:00:00+00:00,241.39,246.27156,240.90722,245.78,0.0
2015-02-22 00:00:00+00:00,245.78,246.27156,244.91917999999998,245.41,0.0
2015-02-23 00:00:00+00:00,245.41,245.90082,235.50804,235.98,0.0
2015-02-24 00:00:00+00:00,235.98,239.3778,235.50804,238.9,0.0
2015-02-25 00:00:00+00:00,238.9,240.41988,238.4222,239.94,0.0
2015-02-26 00:00:00+00:00,239.94,240.41988,237.49406,237.97,0.0
2015-02-27 00:00:00+00:00,237.97,238.44594,236.11682,236.59,0.0
2015-02-28 00:00:00+00:00,236.59,252.61422000000002,236.11682,252.11,0.0
2015-03-01 00:00:00+00:00,252.11,254.007,251.60578,253.5,0.0
2015-03-02 00:00:00+00:00,253.5,257.5641,252.993,257.05,0.0
2015-03-03 00:00:00+00:00,257.05,276.42174,256.5359,275.87,0.0
2015-03-04 00:00:00+00:00,275.87,280.02894000000003,275.31826,279.47,0.0
2015-03-05 00:00:00+00:00,279.47,280.02894000000003,269.51988,270.06,0.0
2015-03-06 00:00:00+00:00,270.06,273.65622,269.51988,273.11,0.0
2015-03-07 00:00:00+00:00,273.11,273.65622,271.79531999999995,272.34,0.0
2015-03-08 00:00:00+00:00,272.34,277.21332,271.79531999999995,276.66,0.0
2015-03-09 00:00:00+00:00,276.66,277.21332,274.45,275.0,0.0
2015-03-10 00:00:00+00:00,275.0,287.58402,274.45,287.01,0.0
2015-03-11 00:00:00+00:00,287.01,290.58,286.43598,290.0,0.0
2015-03-12 00:00:00+00:00,290.0,297.15312,289.42,296.56,0.0
2015-03-13 00:00:00+00:00,296.56,297.15312,294.31019999999995,294.9,0.0
2015-03-14 00:00:00+00:00,294.9,295.4898,284.45993999999996,285.03,0.0
2015-03-15 00:00:00+00:00,285.03,285.60006,281.6356,282.2,0.0
2015-03-16 00:00:00+00:00,282.2,287.36358,281.6356,286.79,0.0
2015-03-17 00:00:00+00:00,286.79,289.85855999999995,286.21642,289.28,0.0
2015-03-18 00:00:00+00:00,289.28,289.85855999999995,283.91104,284.48,0.0
2015-03-19 00:00:00+00:00,284.48,285.04896,256.47602,256.99,0.0
2015-03-20 00:00:00+00:00,256.99,261.91278,256.47602,261.39,0.0
2015-03-21 00:00:00+00:00,261.39,262.62420000000003,260.86722,262.1,0.0
2015-03-22 00:00:00+00:00,262.1,262.62420000000003,259.47002000000003,259.99,0.0
2015-03-23 00:00:00+00:00,259.99,268.2855,259.47002000000003,267.75,0.0
2015-03-24 00:00:00+00:00,267.75,268.2855,265.45802000000003,265.99,0.0
2015-03-25 00:00:00+00:00,265.99,266.52198,244.51,245.0,0.0
2015-03-26 00:00:00+00:00,245.0,247.57416,244.51,247.08,0.0
2015-03-27 00:00:00+00:00,247.08,249.72845999999998,246.58584000000002,249.23,0.0
2015-03-28 00:00:00+00:00,249.23,249.72845999999998,247.07486,247.57,0.0
2015-03-29 00:00:00+00:00,247.57,253.46592,247.07486,252.96,0.0
2015-03-30 00:00:00+00:00,252.96,253.46592,241.85532,242.34,0.0
2015-03-31 00:00:00+00:00,242.34,248.496,241.85532,248.0,0.0
2015-04-01 00:00:00+00:00,248.0,248.496,243.14274,243.63,0.0
2015-04-02 00:00:00+00:00,243.63,246.98298,243.14274,246.49,0.0
2015-04-03 00:00:00+00:00,246.49,253.78656,245.99702000000002,253.28,0.0
2015-04-04 00:00:00+00:00,253.28,254.8086,252.77344,254.3,0.0
2015-04-05 00:00:00+00:00,254.3,254.8086,253.16266,253.67,0.0
2015-04-06 00:00:00+00:00,253.67,261.04104,253.16266,260.52,0.0
2015-04-07 00:00:00+00:00,260.52,261.04104,254.66964000000002,255.18,0.0
2015-04-08 00:00:00+00:00,255.18,255.69036,253.3922,253.9,0.0
2015-04-09 00:00:00+00:00,253.9,254.4078,244.51,245.0,0.0
2015-04-10 00:00:00+00:00,245.0,245.49,242.514,243.0,0.0
2015-04-11 00:00:00+00:00,243.0,243.486,235.528,236.0,0.0
2015-04-12 00:00:00+00:00,236.0,236.83272000000002,235.528,236.36,0.0
2015-04-13 00:00:00+00:00,236.36,236.973,235.88728,236.5,0.0
2015-04-14 00:00:00+00:00,236.5,236.973,222.56398,223.01,0.0
2015-04-15 00:00:00+00:00,223.01,223.45602,215.79754,216.23,0.0
2015-04-16 00:00:00+00:00,216.23,222.9951,215.79754,222.55,0.0
2015-04-17 00:00:00+00:00,222.55,227.955,222.10490000000001,227.5,0.0
2015-04-18 00:00:00+00:00,227.5,227.955,222.19472,222.64,0.0
2015-04-19 00:00:00+00:00,222.64,223.85682,222.19472,223.41,0.0
2015-04-20 00:00:00+00:00,223.41,223.85682,222.16478,222.61,0.0
2015-04-21 00:00:00+00:00,222.61,224.73857999999998,222.16478,224.29,0.0
2015-04-22 00:00:00+00:00,224.29,236.3217,223.84142,235.85,0.0
2015-04-23 00:00:00+00:00,235.85,236.3217,233.12282,233.59,0.0
2015-04-24 00:00:00+00:00,233.59,236.45195999999999,233.12282,235.98,0.0
2015-04-25 00:00:00+00:00,235.98,236.45195999999999,230.69768,231.16,0.0
2015-04-26 00:00:00+00:00,231.16,231.62232,225.83741999999998,226.29,0.0
2015-04-27 00:00:00+00:00,226.29,226.74258,219.08096,219.52,0.0
2015-04-28 00:00:00+00:00,219.52,227.46402,219.08096,227.01,0.0
2015-04-29 00:00:00+00:00,227.01,227.46402,224.7496,225.2,0.0
2015-04-30 00:00:00+00:00,225.2,226.07124000000002,224.7496,225.62,0.0
2015-05-01 00:00:00+00:00,225.62,236.44194,225.16876,235.97,0.0
2015-05-02 00:00:00+00:00,235.97,236.44194,230.50806,230.97,0.0
2015-05-03 00:00:00+00:00,230.97,234.23754000000002,230.50806,233.77,0.0
2015-05-04 00:00:00+00:00,233.77,239.94894,233.30246,239.47,0.0
2015-05-05 00:00:00+00:00,239.47,239.94894,237.7735,238.25,0.0
2015-05-06 00:00:00+00:00,238.25,238.7265,235.39826,235.87,0.0
2015-05-07 00:00:00+00:00,235.87,236.34174000000002,228.53202000000002,228.99,0.0
2015-05-08 00:00:00+00:00,228.99,237.63432,228.53202000000002,237.16,0.0
2015-05-09 00:00:00+00:00,237.16,243.72648,236.68568,243.24,0.0
2015-05-10 00:00:00+00:00,243.24,243.72648,241.70562,242.19,0.0
2015-05-11 00:00:00+00:00,242.19,242.67437999999999,238.63178000000002,239.11,0.0
2015-05-12 00:00:00+00:00,239.11,241.43189999999998,238.63178000000002,240.95,0.0
2015-05-13 00:00:00+00:00,240.95,241.5822,240.4681,241.1,0.0
2015-05-14 00:00:00+00:00,241.1,241.5822,235.49806,235.97,0.0
2015-05-15 00:00:00+00:00,235.97,237.5742,235.49806,237.1,0.0
2015-05-16 00:00:00+00:00,237.1,237.84474,236.6258,237.37,0.0
2015-05-17 00:00:00+00:00,237.37,237.84474,236.15673999999999,236.63,0.0
2015-05-18 00:00:00+00:00,236.63,237.10326,235.35834,235.83,0.0
2015-05-19 00:00:00+00:00,235.83,236.30166000000003,232.34438,232.81,0.0
2015-05-20 00:00:00+00:00,232.81,233.27562,230.93720000000002,231.4,0.0
2015-05-21 00:00:00+00:00,231.4,234.57822000000002,230.93720000000002,234.11,0.0
2015-05-22 00:00:00+00:00,234.11,235.47,233.64178,235.0,0.0
2015-05-23 00:00:00+00:00,235.0,239.2776,234.53,238.8,0.0
2015-05-24 00:00:00+00:00,238.8,239.2776,237.28448,237.76,0.0
2015-05-25 00:00:00+00:00,237.76,240.0291,237.28448,239.55,0.0
2015-05-26 00:00:00+00:00,239.55,240.0291,235.11882,235.59,0.0
2015-05-27 00:00:00+00:00,235.59,236.15136,235.11882,235.68,0.0
2015-05-28 00:00:00+00:00,235.68,236.15136,234.83938,235.31,0.0
2015-05-29 00:00:00+00:00,235.31,236.91288,234.83938,236.44,0.0
2015-05-30 00:00:00+00:00,236.44,236.91288,235.24856,235.72,0.0
2015-05-31 00:00:00+00:00,235.72,236.19144,231.83540000000002,232.3,0.0
2015-06-01 00:00:00+00:00,232.3,232.7646,227.88332,228.34,0.0
2015-06-02 00:00:00+00:00,228.34,228.79668,223.07296000000002,223.52,0.0
2015-06-03 00:00:00+00:00,223.52,225.64038,223.07296000000002,225.19,0.0
2015-06-04 00:00:00+00:00,225.19,225.8508,224.73962,225.4,0.0
2015-06-05 00:00:00+00:00,225.4,225.8508,222.43424,222.88,0.0
2015-06-06 00:00:00+00:00,222.88,225.20952,222.43424,224.76,0.0
2015-06-07 00:00:00+00:00,224.76,225.43998000000002,224.31047999999998,224.99,0.0
2015-06-08 00:00:00+00:00,224.99,225.43998000000002,221.83544,222.28,0.0
2015-06-09 00:00:00+00:00,222.28,228.11532,221.83544,227.66,0.0
2015-06-10 00:00:00+00:00,227.66,229.33776,227.20468,228.88,0.0
2015-06-11 00:00:00+00:00,228.88,229.33776,227.3444,227.8,0.0
2015-06-12 00:00:00+00:00,227.8,229.48806,227.3444,229.03,0.0
2015-06-13 00:00:00+00:00,229.03,230.0592,228.57194,229.6,0.0
2015-06-14 00:00:00+00:00,229.6,231.963,229.14079999999998,231.5,0.0
2015-06-15 00:00:00+00:00,231.5,232.53413999999998,231.037,232.07,0.0
2015-06-16 00:00:00+00:00,232.07,236.472,231.60586,236.0,0.0
2015-06-17 00:00:00+00:00,236.0,250.47995999999998,235.528,249.98,0.0
2015-06-18 00:00:00+00:00,249.98,250.47995999999998,246.9551,247.45,0.0
2015-06-19 00:00:00+00:00,247.45,248.75652,246.9551,248.26,0.0
2015-06-20 00:00:00+00:00,248.26,248.75652,243.3623,243.85,0.0
2015-06-21 00:00:00+00:00,243.85,245.2395,243.3623,244.75,0.0
2015-06-22 00:00:00+00:00,244.75,245.2395,243.0629,243.55,0.0
2015-06-23 00:00:00+00:00,243.55,247.26354,243.0629,246.77,0.0
2015-06-24 00:00:00+00:00,246.77,247.26354,243.37228000000002,243.86,0.0
2015-06-25 00:00:00+00:00,243.86,244.34772,239.71959999999999,240.2,0.0
2015-06-26 00:00:00+00:00,240.2,242.56416000000002,239.71959999999999,242.08,0.0
2015-06-27 00:00:00+00:00,242.08,243.46596,241.59584,242.98,0.0
2015-06-28 00:00:00+00:00,242.98,251.71242,242.49403999999998,251.21,0.0
2015-06-29 00:00:00+00:00,251.21,251.71242,248.07286,248.57,0.0
2015-06-30 00:00:00+00:00,248.57,256.5621,248.07286,256.05,0.0
2015-07-01 00:00:00+00:00,256.05,262.95486,255.5379,262.43,0.0
2015-07-02 00:00:00+00:00,262.43,262.95486,257.26444,257.78,0.0
2015-07-03 00:00:00+00:00,257.78,258.29555999999997,254.17064000000002,254.68,0.0
2015-07-04 00:00:00+00:00,254.68,256.63224,254.17064000000002,256.12,0.0
2015-07-05 00:00:00+00:00,256.12,260.85066,255.60776,260.33,0.0
2015-07-06 00:00:00+00:00,260.33,271.88268,259.80933999999996,271.34,0.0
2015-07-07 00:00:00+00:00,271.34,271.88268,267.99294,268.53,0.0
2015-07-08 00:00:00+00:00,268.53,269.06705999999997,265.29834,265.83,0.0
2015-07-09 00:00:00+00:00,265.83,270.85062,265.29834,270.31,0.0
2015-07-10 00:00:00+00:00,270.31,270.85062,268.462,269.0,0.0
2015-07-11 00:00:00+00:00,269.0,285.48984,268.462,284.92,0.0
2015-07-12 00:00:00+00:00,284.92,292.22328,284.35016,291.64,0.0
2015-07-13 00:00:00+00:00,291.64,311.1711,291.05672,310.55,0.0
2015-07-14 00:00:00+00:00,310.55,311.1711,291.35612,291.94,0.0
2015-07-15 00:00:00+00:00,291.94,292.52388,287.34416,287.92,0.0
2015-07-16 00:00:00+00:00,287.92,288.49584000000004,285.08868,285.66,0.0
2015-07-17 00:00:00+00:00,285.66,286.23132000000004,277.22443999999996,277.78,0.0
2015-07-18 00:00:00+00:00,277.78,279.98886,277.22443999999996,279.43,0.0
2015-07-19 00:00:00+00:00,279.43,279.98886,276.18652000000003,276.74,0.0
2015-07-20 00:00:00+00:00,276.74,277.29348,274.91906,275.47,0.0
2015-07-21 00:00:00+00:00,275.47,279.56802,274.91906,279.01,0.0
2015-07-22 00:00:00+00:00,279.01,279.56802,276.20648,276.76,0.0
2015-07-23 00:00:00+00:00,276.76,278.52594000000005,276.20648,277.97,0.0
2015-07-24 00:00:00+00:00,277.97,278.52594000000005,276.03682,276.59,0.0
2015-07-25 00:00:00+00:00,276.59,289.578,276.03682,289.0,0.0
2015-07-26 00:00:00+00:00,289.0,289.578,288.20243999999997,288.78,0.0
2015-07-27 00:00:00+00:00,288.78,293.40564,288.20243999999997,292.82,0.0
2015-07-28 00:00:00+00:00,292.82,294.51786,292.23436,293.93,0.0
2015-07-29 00:00:00+00:00,293.93,294.51786,293.33216,293.92,0.0
2015-07-30 00:00:00+00:00,293.92,294.50784000000004,289.6196,290.2,0.0
2015-07-31 00:00:00+00:00,290.2,290.7804,287.87309999999997,288.45,0.0
2015-08-01 00:00:00+00:00,288.45,289.0269,283.74138,284.31,0.0
2015-08-02 00:00:00+00:00,284.31,284.87862,280.3881,280.95,0.0
2015-08-03 00:00:00+00:00,280.95,282.82452,280.3881,282.26,0.0
2015-08-04 00:00:00+00:00,282.26,282.82452,280.55776000000003,281.12,0.0
2015-08-05 00:00:00+00:00,281.12,285.57,280.55776000000003,285.0,0.0
2015-08-06 00:00:00+00:00,285.0,285.57,280.438,281.0,0.0
2015-08-07 00:00:00+00:00,281.0,281.562,276.52583999999996,277.08,0.0
2015-08-08 00:00:00+00:00,277.08,279.87864,276.52583999999996,279.32,0.0
2015-08-09 00:00:00+00:00,279.32,279.87864,261.69556,262.22,0.0
2015-08-10 00:00:00+00:00,262.22,265.5801,261.69556,265.05,0.0
2015-08-11 00:00:00+00:00,265.05,265.5801,263.94106000000005,264.47,0.0
2015-08-12 00:00:00+00:00,264.47,271.52196000000004,263.94106000000005,270.98,0.0
2015-08-13 00:00:00+00:00,270.98,271.52196000000004,266.99494,267.53,0.0
2015-08-14 00:00:00+00:00,267.53,268.06505999999996,263.95104000000003,264.48,0.0
2015-08-15 00:00:00+00:00,264.48,266.46186,263.95104000000003,265.93,0.0
2015-08-16 00:00:00+00:00,265.93,266.46186,260.90714,261.43,0.0
2015-08-17 00:00:00+00:00,261.43,261.95286,255.59778,256.11,0.0
2015-08-18 00:00:00+00:00,256.11,257.17332000000005,255.59778,256.66,0.0
2015-08-19 00:00:00+00:00,256.66,257.17332000000005,221.66578,222.11,0.0
2015-08-20 00:00:00+00:00,222.11,226.7025,221.66578,226.25,0.0
2015-08-21 00:00:00+00:00,226.25,235.78062,225.7975,235.31,0.0
2015-08-22 00:00:00+00:00,235.31,235.78062,233.02302,233.49,0.0
2015-08-23 00:00:00+00:00,233.49,233.95698000000002,230.538,231.0,0.0
2015-08-24 00:00:00+00:00,231.0,231.462,227.68372,228.14,0.0
2015-08-25 00:00:00+00:00,228.14,228.59627999999998,210.53808,210.96,0.0
2015-08-26 00:00:00+00:00,210.96,222.57426,210.53808,222.13,0.0
2015-08-27 00:00:00+00:00,222.13,225.49008,221.68573999999998,225.04,0.0
2015-08-28 00:00:00+00:00,225.04,225.56022000000002,224.58991999999998,225.11,0.0
2015-08-29 00:00:00+00:00,225.11,231.98304000000002,224.65978,231.52,0.0
2015-08-30 00:00:00+00:00,231.52,231.98304000000002,229.17074,229.63,0.0
2015-08-31 00:00:00+00:00,229.63,230.08926,227.93321999999998,228.39,0.0
2015-09-01 00:00:00+00:00,228.39,230.7105,227.93321999999998,230.25,0.0
2015-09-02 00:00:00+00:00,230.25,230.7105,227.51406,227.97,0.0
2015-09-03 00:00:00+00:00,227.97,229.71851999999998,227.51406,229.26,0.0
2015-09-04 00:00:00+00:00,229.26,229.71851999999998,226.78552000000002,227.24,0.0
2015-09-05 00:00:00+00:00,227.24,231.19145999999998,226.78552000000002,230.73,0.0
2015-09-06 00:00:00+00:00,230.73,236.21148000000002,230.26854,235.74,0.0
2015-09-07 00:00:00+00:00,235.74,240.6804,235.26852,240.2,0.0
2015-09-08 00:00:00+00:00,240.2,240.95094,239.71959999999999,240.47,0.0
2015-09-09 00:00:00+00:00,240.47,244.69842,239.98906,244.21,0.0
2015-09-10 00:00:00+00:00,244.21,244.69842,237.82340000000002,238.3,0.0
2015-09-11 00:00:00+00:00,238.3,239.28762,237.82340000000002,238.81,0.0
2015-09-12 00:00:00+00:00,238.81,240.41988,238.33238,239.94,0.0
2015-09-13 00:00:00+00:00,239.94,240.41988,234.26054,234.73,0.0
2015-09-14 00:00:00+00:00,234.73,235.19946,229.54,230.0,0.0
2015-09-15 00:00:00+00:00,230.0,230.46,229.25058,229.71,0.0
2015-09-16 00:00:00+00:00,229.71,230.16942,229.08092,229.54,0.0
2015-09-17 00:00:00+00:00,229.54,229.99908,227.87334,228.33,0.0
2015-09-18 00:00:00+00:00,228.33,232.63433999999998,227.87334,232.17,0.0
2015-09-19 00:00:00+00:00,232.17,232.98504,231.70566,232.52,0.0
2015-09-20 00:00:00+00:00,232.52,232.98504,229.7895,230.25,0.0
2015-09-21 00:00:00+00:00,230.25,230.7105,229.69968,230.16,0.0
2015-09-22 00:00:00+00:00,230.16,230.62032,225.81746,226.27,0.0
2015-09-23 00:00:00+00:00,226.27,230.88083999999998,225.81746,230.42,0.0
2015-09-24 00:00:00+00:00,230.42,230.88083999999998,228.96115999999998,229.42,0.0
2015-09-25 00:00:00+00:00,229.42,234.468,228.96115999999998,234.0,0.0
2015-09-26 00:00:00+00:00,234.0,235.69044,233.532,235.22,0.0
2015-09-27 00:00:00+00:00,235.22,235.69044,233.52202,233.99,0.0
2015-09-28 00:00:00+00:00,233.99,234.45798000000002,231.94518,232.41,0.0
2015-09-29 00:00:00+00:00,232.41,239.61828,231.94518,239.14,0.0
2015-09-30 00:00:00+00:00,239.14,239.61828,236.46612,236.94,0.0
2015-10-01 00:00:00+00:00,236.94,237.41388,235.69765999999998,236.17,0.0
2015-10-02 00:00:00+00:00,236.17,238.50606,235.69765999999998,238.03,0.0
2015-10-03 00:00:00+00:00,238.03,238.50606,237.29446000000002,237.77,0.0
2015-10-04 00:00:00+00:00,237.77,239.56818,237.29446000000002,239.09,0.0
2015-10-05 00:00:00+00:00,239.09,239.56818,237.9232,238.4,0.0
2015-10-06 00:00:00+00:00,238.4,241.0812,237.9232,240.6,0.0
2015-10-07 00:00:00+00:00,240.6,247.2936,240.1188,246.8,0.0
2015-10-08 00:00:00+00:00,246.8,247.2936,242.52398,243.01,0.0
2015-10-09 00:00:00+00:00,243.01,243.49602,242.52398,243.01,0.0
2015-10-10 00:00:00+00:00,243.01,244.97898,242.52398,244.49,0.0
2015-10-11 00:00:00+00:00,244.49,246.21144,244.00102,245.72,0.0
2015-10-12 00:00:00+00:00,245.72,248.53608,245.22856,248.04,0.0
2015-10-13 00:00:00+00:00,248.04,248.53608,245.009,245.5,0.0
2015-10-14 00:00:00+00:00,245.5,250.47995999999998,245.009,249.98,0.0
2015-10-15 00:00:00+00:00,249.98,252.97494,249.48004,252.47,0.0
2015-10-16 00:00:00+00:00,252.47,255.00900000000001,251.96506,254.5,0.0
2015-10-17 00:00:00+00:00,254.5,262.78452,253.99099999999999,262.26,0.0
2015-10-18 00:00:00+00:00,262.26,270.58008,261.73548,270.04,0.0
2015-10-19 00:00:00+00:00,270.04,270.58008,260.51792,261.04,0.0
2015-10-20 00:00:00+00:00,261.04,264.11717999999996,260.51792,263.59,0.0
2015-10-21 00:00:00+00:00,263.59,271.2915,263.06282,270.75,0.0
2015-10-22 00:00:00+00:00,270.75,271.2915,267.43406000000004,267.97,0.0
2015-10-23 00:00:00+00:00,267.97,274.8987,267.43406000000004,274.35,0.0
2015-10-24 00:00:00+00:00,274.35,279.17724,273.8013,278.62,0.0
2015-10-25 00:00:00+00:00,278.62,283.27542,278.06276,282.71,0.0
2015-10-26 00:00:00+00:00,282.71,283.36560000000003,282.14457999999996,282.8,0.0
2015-10-27 00:00:00+00:00,282.8,287.26338,282.2344,286.69,0.0
2015-10-28 00:00:00+00:00,286.69,295.94070000000005,286.11662,295.35,0.0
2015-10-29 00:00:00+00:00,295.35,305.39958,294.7593,304.79,0.0
2015-10-30 00:00:00+00:00,304.79,315.43962,304.18042,314.81,0.0
2015-10-31 00:00:00+00:00,314.81,328.82634,314.18038,328.17,0.0
2015-11-01 00:00:00+00:00,328.17,328.82634,309.55964,310.18,0.0
2015-11-02 00:00:00+00:00,310.18,326.44158000000004,309.55964,325.79,0.0
2015-11-03 00:00:00+00:00,325.79,362.26308,325.13842,361.54,0.0
2015-11-04 00:00:00+00:00,361.54,405.309,360.81692000000004,404.5,0.0
2015-11-05 00:00:00+00:00,404.5,408.816,403.691,408.0,0.0
2015-11-06 00:00:00+00:00,408.0,408.816,385.26792,386.04,0.0
2015-11-07 00:00:00+00:00,386.04,386.81208000000004,372.94262,373.69,0.0
2015-11-08 00:00:00+00:00,373.69,387.79404,372.94262,387.02,0.0
2015-11-09 00:00:00+00:00,387.02,387.79404,370.33783999999997,371.08,0.0
2015-11-10 00:00:00+00:00,371.08,381.38124,370.33783999999997,380.62,0.0
2015-11-11 00:00:00+00:00,380.62,381.38124,335.61742000000004,336.29,0.0
2015-11-12 00:00:00+00:00,336.29,336.96258,308.36204000000004,308.98,0.0
2015-11-13 00:00:00+00:00,308.98,341.49162,308.36204000000004,340.81,0.0
2015-11-14 00:00:00+00:00,340.81,341.49162,336.31602,336.99,0.0
2015-11-15 00:00:00+00:00,336.99,337.66398000000004,331.39588,332.06,0.0
2015-11-16 00:00:00+00:00,332.06,332.72412,318.33206,318.97,0.0
2015-11-17 00:00:00+00:00,318.97,331.38144000000005,318.33206,330.72,0.0
2015-11-18 00:00:00+00:00,330.72,336.68201999999997,330.05856,336.01,0.0
2015-11-19 00:00:00+00:00,336.01,336.68201999999997,332.99268,333.66,0.0
2015-11-20 00:00:00+00:00,333.66,334.32732000000004,325.2482,325.9,0.0
2015-11-21 00:00:00+00:00,325.9,326.55179999999996,321.47576,322.12,0.0
2015-11-22 00:00:00+00:00,322.12,326.96262,321.47576,326.31,0.0
2015-11-23 00:00:00+00:00,326.31,326.96262,323.13244,323.78,0.0
2015-11-24 00:00:00+00:00,323.78,324.42755999999997,322.83304000000004,323.48,0.0
2015-11-25 00:00:00+00:00,323.48,324.12696,319.00072,319.64,0.0
2015-11-26 00:00:00+00:00,319.64,329.5578,319.00072,328.9,0.0
2015-11-27 00:00:00+00:00,328.9,357.04266,328.24219999999997,356.33,0.0
2015-11-28 00:00:00+00:00,356.33,358.716,355.61733999999996,358.0,0.0
2015-11-29 00:00:00+00:00,358.0,358.716,355.68719999999996,356.4,0.0
2015-11-30 00:00:00+00:00,356.4,371.742,355.68719999999996,371.0,0.0
2015-12-01 00:00:00+00:00,371.0,378.02454,370.258,377.27,0.0
2015-12-02 00:00:00+00:00,377.27,378.02454,361.85483999999997,362.58,0.0
2015-12-03 00:00:00+00:00,362.58,363.30516,358.36184,359.08,0.0
2015-12-04 00:00:00+00:00,359.08,362.19294,358.36184,361.47,0.0
2015-12-05 00:00:00+00:00,361.47,364.50755999999996,360.74706000000003,363.78,0.0
2015-12-06 00:00:00+00:00,363.78,387.7239,363.05244,386.95,0.0
2015-12-07 00:00:00+00:00,386.95,388.07460000000003,386.17609999999996,387.3,0.0
2015-12-08 00:00:00+00:00,387.3,395.65974,386.5254,394.87,0.0
2015-12-09 00:00:00+00:00,394.87,414.4272,394.08026,413.6,0.0
2015-12-10 00:00:00+00:00,413.6,417.32298000000003,412.7728,416.49,0.0
2015-12-11 00:00:00+00:00,416.49,417.32298000000003,414.31969999999995,415.15,0.0
2015-12-12 00:00:00+00:00,415.15,451.77174,414.31969999999995,450.87,0.0
2015-12-13 00:00:00+00:00,450.87,451.77174,435.32759999999996,436.2,0.0
2015-12-14 00:00:00+00:00,436.2,437.0724,432.52322,433.39,0.0
2015-12-15 00:00:00+00:00,433.39,444.66756,432.52322,443.78,0.0
2015-12-16 00:00:00+00:00,443.78,464.90796,442.89243999999997,463.98,0.0
2015-12-17 00:00:00+00:00,463.98,464.90796,454.55906000000004,455.47,0.0
2015-12-18 00:00:00+00:00,455.47,457.49316,454.55906000000004,456.58,0.0
2015-12-19 00:00:00+00:00,456.58,463.926,455.66684,463.0,0.0
2015-12-20 00:00:00+00:00,463.0,463.926,460.8265,461.75,0.0
2015-12-21 00:00:00+00:00,461.75,462.6735,441.65492,442.54,0.0
2015-12-22 00:00:00+00:00,442.54,443.42508000000004,437.4733,438.35,0.0
2015-12-23 00:00:00+00:00,438.35,439.22670000000005,434.40943999999996,435.28,0.0
2015-12-24 00:00:00+00:00,435.28,443.42508000000004,434.40943999999996,442.54,0.0
2015-12-25 00:00:00+00:00,442.54,456.912,441.65492,456.0,0.0
2015-12-26 00:00:00+00:00,456.0,456.912,454.589,455.5,0.0
2015-12-27 00:00:00+00:00,455.5,456.411,416.27578,417.11,0.0
2015-12-28 00:00:00+00:00,417.11,423.26484,416.27578,422.42,0.0
2015-12-29 00:00:00+00:00,422.42,423.26484,420.12806,420.97,0.0
2015-12-30 00:00:00+00:00,420.97,434.09646000000004,420.12806,433.23,0.0
2015-12-31 00:00:00+00:00,433.23,434.09646000000004,427.37354,428.23,0.0
2016-01-01 00:00:00+00:00,428.23,431.75178,427.37354,430.89,0.0
2016-01-02 00:00:00+00:00,430.89,435.6195,430.02822,434.75,0.0
2016-01-03 00:00:00+00:00,434.75,435.6195,431.89448,432.76,0.0
2016-01-04 00:00:00+00:00,432.76,433.62552,429.91844,430.78,0.0
2016-01-05 00:00:00+00:00,430.78,435.03834,429.91844,434.17,0.0
2016-01-06 00:00:00+00:00,434.17,435.03834,431.56514,432.43,0.0
2016-01-07 00:00:00+00:00,432.43,433.29486,428.40148,429.26,0.0
2016-01-08 00:00:00+00:00,429.26,459.57732000000004,428.40148,458.66,0.0
2016-01-09 00:00:00+00:00,458.66,459.57732000000004,451.73472,452.64,0.0
2016-01-10 00:00:00+00:00,452.64,453.54528,447.57306,448.47,0.0
2016-01-11 00:00:00+00:00,448.47,449.36694000000006,447.53314,448.43,0.0
2016-01-12 00:00:00+00:00,448.43,449.32686,447.08404,447.98,0.0
2016-01-13 00:00:00+00:00,447.98,448.87596,436.126,437.0,0.0
2016-01-14 00:00:00+00:00,437.0,437.874,431.76474,432.63,0.0
2016-01-15 00:00:00+00:00,432.63,433.49526,428.6909,429.55,0.0
2016-01-16 00:00:00+00:00,429.55,430.4091,363.0225,363.75,0.0
2016-01-17 00:00:00+00:00,363.75,388.64574,363.0225,387.87,0.0
2016-01-18 00:00:00+00:00,387.87,388.64574,379.39968000000005,380.16,0.0
2016-01-19 00:00:00+00:00,380.16,386.26098,379.39968000000005,385.49,0.0
2016-01-20 00:00:00+00:00,385.49,386.26098,376.65518000000003,377.41,0.0
2016-01-21 00:00:00+00:00,377.41,421.19070000000005,376.65518000000003,420.35,0.0
2016-01-22 00:00:00+00:00,420.35,421.19070000000005,408.80076,409.62,0.0
2016-01-23 00:00:00+00:00,409.62,410.43924,380.737,381.5,0.0
2016-01-24 00:00:00+00:00,381.5,385.86017999999996,380.737,385.09,0.0
2016-01-25 00:00:00+00:00,385.09,403.99638,384.31982,403.19,0.0
2016-01-26 00:00:00+00:00,403.19,403.99638,390.13816,390.92,0.0
2016-01-27 00:00:00+00:00,390.92,392.44332,390.13816,391.66,0.0
2016-01-28 00:00:00+00:00,391.66,395.14872,390.87668,394.36,0.0
2016-01-29 00:00:00+00:00,394.36,395.14872,379.06036,379.82,0.0
2016-01-30 00:00:00+00:00,379.82,380.57964,377.42364000000003,378.18,0.0
2016-01-31 00:00:00+00:00,378.18,378.93636,375.84680000000003,376.6,0.0
2016-02-01 00:00:00+00:00,376.6,377.3532,367.12428,367.86,0.0
2016-02-02 00:00:00+00:00,367.86,372.73398000000003,367.12428,371.99,0.0
2016-02-03 00:00:00+00:00,371.99,373.7961,371.24602,373.05,0.0
2016-02-04 00:00:00+00:00,373.05,373.7961,367.72308,368.46,0.0
2016-02-05 00:00:00+00:00,368.46,388.776,367.72308,388.0,0.0
2016-02-06 00:00:00+00:00,388.0,388.776,383.30186,384.07,0.0
2016-02-07 00:00:00+00:00,384.07,384.83814,374.53942,375.29,0.0
2016-02-08 00:00:00+00:00,375.29,376.04058000000003,374.25,375.0,0.0
2016-02-09 00:00:00+00:00,375.0,375.75,370.8069,371.55,0.0
2016-02-10 00:00:00+00:00,371.55,374.20691999999997,370.8069,373.46,0.0
2016-02-11 00:00:00+00:00,373.46,379.89828,372.71308,379.14,0.0
2016-02-12 00:00:00+00:00,379.14,379.89828,377.26396,378.02,0.0
2016-02-13 00:00:00+00:00,378.02,383.38524,377.26396,382.62,0.0
2016-02-14 00:00:00+00:00,382.62,390.65976,381.85476,389.88,0.0
2016-02-15 00:00:00+00:00,389.88,405.89016,389.10024,405.08,0.0
2016-02-16 00:00:00+00:00,405.08,405.89016,398.41157999999996,399.21,0.0
2016-02-17 00:00:00+00:00,399.21,407.814,398.41157999999996,407.0,0.0
2016-02-18 00:00:00+00:00,407.0,415.69974,406.186,414.87,0.0
2016-02-19 00:00:00+00:00,414.87,421.37106,414.04026,420.53,0.0
2016-02-20 00:00:00+00:00,420.53,421.37106,419.14004,419.98,0.0
2016-02-21 00:00:00+00:00,419.98,436.06038,419.14004,435.19,0.0
2016-02-22 00:00:00+00:00,435.19,438.876,434.31962,438.0,0.0
2016-02-23 00:00:00+00:00,438.0,438.876,435.88648,436.76,0.0
2016-02-24 00:00:00+00:00,436.76,437.63352,418.4115,419.25,0.0
2016-02-25 00:00:00+00:00,419.25,424.63758,418.4115,423.79,0.0
2016-02-26 00:00:00+00:00,423.79,424.63758,422.61307999999997,423.46,0.0
2016-02-27 00:00:00+00:00,423.46,430.86,422.61307999999997,430.0,0.0
2016-02-28 00:00:00+00:00,430.0,432.45318,429.14,431.59,0.0
2016-02-29 00:00:00+00:00,431.59,432.75378,430.72682,431.89,0.0
2016-03-01 00:00:00+00:00,431.89,437.6235,431.02621999999997,436.75,0.0
2016-03-02 00:00:00+00:00,436.75,437.6235,432.79268,433.66,0.0
2016-03-03 00:00:00+00:00,433.66,434.52732000000003,421.655,422.5,0.0
2016-03-04 00:00:00+00:00,422.5,423.345,419.21988,420.06,0.0
2016-03-05 00:00:00+00:00,420.06,420.90012,407.5832,408.4,0.0
2016-03-06 00:00:00+00:00,408.4,409.2168,398.37166,399.17,0.0
2016-03-07 00:00:00+00:00,399.17,406.50138,398.37166,405.69,0.0
2016-03-08 00:00:00+00:00,405.69,413.19474,404.87862,412.37,0.0
2016-03-09 00:00:00+00:00,412.37,413.19474,411.3257,412.15,0.0
2016-03-10 00:00:00+00:00,412.15,413.66567999999995,411.3257,412.84,0.0
2016-03-11 00:00:00+00:00,412.84,416.832,412.01432,416.0,0.0
2016-03-12 00:00:00+00:00,416.0,420.95022,415.168,420.11,0.0
2016-03-13 00:00:00+00:00,420.11,420.95022,409.0802,409.9,0.0
2016-03-14 00:00:00+00:00,409.9,413.6757,409.0802,412.85,0.0
2016-03-15 00:00:00+00:00,412.85,415.81998,412.02430000000004,414.99,0.0
2016-03-16 00:00:00+00:00,414.99,416.53139999999996,414.16002000000003,415.7,0.0
2016-03-17 00:00:00+00:00,415.7,417.47328,414.8686,416.64,0.0
2016-03-18 00:00:00+00:00,416.64,419.32698,415.80672,418.49,0.0
2016-03-19 00:00:00+00:00,418.49,419.32698,407.14408,407.96,0.0
2016-03-20 00:00:00+00:00,407.96,409.92822,407.14408,409.11,0.0
2016-03-21 00:00:00+00:00,409.11,412.63362,408.29178,411.81,0.0
2016-03-22 00:00:00+00:00,411.81,412.77389999999997,410.98638,411.95,0.0
2016-03-23 00:00:00+00:00,411.95,417.22278,411.1261,416.39,0.0
2016-03-24 00:00:00+00:00,416.39,418.79591999999997,415.55722,417.96,0.0
2016-03-25 00:00:00+00:00,417.96,418.79591999999997,414.33966000000004,415.17,0.0
2016-03-26 00:00:00+00:00,415.17,416.81196,414.33966000000004,415.98,0.0
2016-03-27 00:00:00+00:00,415.98,417.79391999999996,415.14804000000004,416.96,0.0
2016-03-28 00:00:00+00:00,416.96,425.85,416.12608,425.0,0.0
2016-03-29 00:00:00+00:00,425.0,425.85,422.01428,422.86,0.0
2016-03-30 00:00:00+00:00,422.86,423.70572000000004,414.99834,415.83,0.0
2016-03-31 00:00:00+00:00,415.83,416.66166,412.91252000000003,413.74,0.0
2016-04-01 00:00:00+00:00,413.74,415.65966,412.91252000000003,414.83,0.0
2016-04-02 00:00:00+00:00,414.83,417.14262,414.00034,416.31,0.0
2016-04-03 00:00:00+00:00,416.31,419.96826,415.47738,419.13,0.0
2016-04-04 00:00:00+00:00,419.13,419.96826,417.67298,418.51,0.0
2016-04-05 00:00:00+00:00,418.51,420.54942,417.67298,419.71,0.0
2016-04-06 00:00:00+00:00,419.71,422.50332000000003,418.87057999999996,421.66,0.0
2016-04-07 00:00:00+00:00,421.66,422.50332000000003,420.7568,421.6,0.0
2016-04-08 00:00:00+00:00,421.6,422.44320000000005,419.1101,419.95,0.0
2016-04-09 00:00:00+00:00,419.95,420.7899,417.02428000000003,417.86,0.0
2016-04-10 00:00:00+00:00,417.86,419.41715999999997,417.02428000000003,418.58,0.0
2016-04-11 00:00:00+00:00,418.58,421.5915,417.74284,420.75,0.0
2016-04-12 00:00:00+00:00,420.75,423.47526,419.9085,422.63,0.0
2016-04-13 00:00:00+00:00,422.63,426.54138,421.78474,425.69,0.0
2016-04-14 00:00:00+00:00,425.69,426.54138,423.02226,423.87,0.0
2016-04-15 00:00:00+00:00,423.87,425.22876,423.02226,424.38,0.0
2016-04-16 00:00:00+00:00,424.38,430.3089,423.53123999999997,429.45,0.0
2016-04-17 00:00:00+00:00,429.45,431.44115999999997,428.5911,430.58,0.0
2016-04-18 00:00:00+00:00,430.58,431.44115999999997,426.45538,427.31,0.0
2016-04-19 00:00:00+00:00,427.31,428.27484000000004,426.45538,427.42,0.0
2016-04-20 00:00:00+00:00,427.42,436.82189999999997,426.56516,435.95,0.0
2016-04-21 00:00:00+00:00,435.95,442.70364,435.0781,441.82,0.0
2016-04-22 00:00:00+00:00,441.82,451.902,440.93636,451.0,0.0
2016-04-23 00:00:00+00:00,451.0,451.902,446.8046,447.7,0.0
2016-04-24 00:00:00+00:00,447.7,452.82384,446.8046,451.92,0.0
2016-04-25 00:00:00+00:00,451.92,460.95005999999995,451.01616,460.03,0.0
2016-04-26 00:00:00+00:00,460.03,463.425,459.10994,462.5,0.0
2016-04-27 00:00:00+00:00,462.5,468.4851,461.575,467.55,0.0
2016-04-28 00:00:00+00:00,467.55,468.4851,444.39942,445.29,0.0
2016-04-29 00:00:00+00:00,445.29,450.87996000000004,444.39942,449.98,0.0
2016-04-30 00:00:00+00:00,449.98,456.88194000000004,449.08004,455.97,0.0
2016-05-01 00:00:00+00:00,455.97,456.88194000000004,447.94232,448.84,0.0
2016-05-02 00:00:00+00:00,448.84,453.906,447.94232,453.0,0.0
2016-05-03 00:00:00+00:00,453.0,453.906,442.95232,443.84,0.0
2016-05-04 00:00:00+00:00,443.84,451.51122000000004,442.95232,450.61,0.0
2016-05-05 00:00:00+00:00,450.61,451.51122000000004,445.94631999999996,446.84,0.0
2016-05-06 00:00:00+00:00,446.84,450.26874,445.94631999999996,449.37,0.0
2016-05-07 00:00:00+00:00,449.37,459.89796,448.47126000000003,458.98,0.0
2016-05-08 00:00:00+00:00,458.98,459.93804,458.06204,459.02,0.0
2016-05-09 00:00:00+00:00,459.02,459.93804,457.39338,458.31,0.0
2016-05-10 00:00:00+00:00,458.31,461.58132,457.39338,460.66,0.0
2016-05-11 00:00:00+00:00,460.66,461.58132,449.87843999999996,450.78,0.0
2016-05-12 00:00:00+00:00,450.78,453.74568,449.87843999999996,452.84,0.0
2016-05-13 00:00:00+00:00,452.84,455.16852,451.93431999999996,454.26,0.0
2016-05-14 00:00:00+00:00,454.26,456.73163999999997,453.35148,455.82,0.0
2016-05-15 00:00:00+00:00,455.82,457.22262,454.90836,456.31,0.0
2016-05-16 00:00:00+00:00,456.31,458.25467999999995,455.39738,457.34,0.0
2016-05-17 00:00:00+00:00,457.34,458.25467999999995,453.092,454.0,0.0
2016-05-18 00:00:00+00:00,454.0,454.908,452.17384,453.08,0.0
2016-05-19 00:00:00+00:00,453.08,453.98616,452.08402,452.99,0.0
2016-05-20 00:00:00+00:00,452.99,453.89598,435.1779,436.05,0.0
2016-05-21 00:00:00+00:00,436.05,443.40504,435.1779,442.52,0.0
2016-05-22 00:00:00+00:00,442.52,444.09641999999997,441.63496,443.21,0.0
2016-05-23 00:00:00+00:00,443.21,444.09641999999997,437.59306000000004,438.47,0.0
2016-05-24 00:00:00+00:00,438.47,443.87598,437.59306000000004,442.99,0.0
2016-05-25 00:00:00+00:00,442.99,444.9882,442.10402,444.1,0.0
2016-05-26 00:00:00+00:00,444.1,449.5974,443.21180000000004,448.7,0.0
2016-05-27 00:00:00+00:00,448.7,452.95410000000004,447.8026,452.05,0.0
2016-05-28 00:00:00+00:00,452.05,470.91996,451.1459,469.98,0.0
2016-05-29 00:00:00+00:00,469.98,527.69328,469.04004000000003,526.64,0.0
2016-05-30 00:00:00+00:00,526.64,527.69328,510.2774,511.3,0.0
2016-05-31 00:00:00+00:00,511.3,527.4728399999999,510.2774,526.42,0.0
2016-06-01 00:00:00+00:00,526.42,533.03394,525.36716,531.97,0.0
2016-06-02 00:00:00+00:00,531.97,539.44674,530.90606,538.37,0.0
2016-06-03 00:00:00+00:00,538.37,539.44674,536.924,538.0,0.0
2016-06-04 00:00:00+00:00,538.0,569.01576,536.924,567.88,0.0
2016-06-05 00:00:00+00:00,567.88,574.9977,566.74424,573.85,0.0
2016-06-06 00:00:00+00:00,573.85,575.05782,572.7023,573.91,0.0
2016-06-07 00:00:00+00:00,573.91,584.8874400000001,572.76218,583.72,0.0
2016-06-08 00:00:00+00:00,583.72,584.8874400000001,576.91386,578.07,0.0
2016-06-09 00:00:00+00:00,578.07,584.2662,576.91386,583.1,0.0
2016-06-10 00:00:00+00:00,583.1,584.2662,573.17136,574.32,0.0
2016-06-11 00:00:00+00:00,574.32,579.1059,573.17136,577.95,0.0
2016-06-12 00:00:00+00:00,577.95,609.22602,576.7941000000001,608.01,0.0
2016-06-13 00:00:00+00:00,608.01,667.1817,606.79398,665.85,0.0
2016-06-14 00:00:00+00:00,665.85,705.909,664.5183000000001,704.5,0.0
2016-06-15 00:00:00+00:00,704.5,705.909,683.8196200000001,685.19,0.0
2016-06-16 00:00:00+00:00,685.19,695.26776,683.8196200000001,693.88,0.0
2016-06-17 00:00:00+00:00,693.88,766.53,692.49224,765.0,0.0
2016-06-18 00:00:00+00:00,765.0,766.53,745.13674,746.63,0.0
2016-06-19 00:00:00+00:00,746.63,753.46392,745.13674,751.96,0.0
2016-06-20 00:00:00+00:00,751.96,760.8687,750.45608,759.35,0.0
2016-06-21 00:00:00+00:00,759.35,760.8687,722.59192,724.04,0.0
2016-06-22 00:00:00+00:00,724.04,725.48808,663.13108,664.46,0.0
2016-06-23 00:00:00+00:00,664.46,665.7889200000001,591.62438,592.81,0.0
2016-06-24 00:00:00+00:00,592.81,623.32416,591.62438,622.08,0.0
2016-06-25 00:00:00+00:00,622.08,666.33,620.8358400000001,665.0,0.0
2016-06-26 00:00:00+00:00,665.0,666.33,659.1191200000001,660.44,0.0
2016-06-27 00:00:00+00:00,660.44,661.76088,628.92962,630.19,0.0
2016-06-28 00:00:00+00:00,630.19,653.1537000000001,628.92962,651.85,0.0
2016-06-29 00:00:00+00:00,651.85,653.1537000000001,643.8597,645.15,0.0
2016-06-30 00:00:00+00:00,645.15,646.4403,634.71802,635.99,0.0
2016-07-01 00:00:00+00:00,635.99,669.2859000000001,634.71802,667.95,0.0
2016-07-02 00:00:00+00:00,667.95,676.98126,666.6141,675.63,0.0
2016-07-03 00:00:00+00:00,675.63,702.81282,674.27874,701.41,0.0
2016-07-04 00:00:00+00:00,701.41,702.81282,655.65606,656.97,0.0
2016-07-05 00:00:00+00:00,656.97,683.34396,655.65606,681.98,0.0
2016-07-06 00:00:00+00:00,681.98,683.34396,666.664,668.0,0.0
2016-07-07 00:00:00+00:00,668.0,675.10752,666.664,673.76,0.0
2016-07-08 00:00:00+00:00,673.76,675.10752,637.223,638.5,0.0
2016-07-09 00:00:00+00:00,638.5,664.326,637.223,663.0,0.0
2016-07-10 00:00:00+00:00,663.0,664.326,646.11518,647.41,0.0
2016-07-11 00:00:00+00:00,647.41,649.6467,646.11518,648.35,0.0
2016-07-12 00:00:00+00:00,648.35,650.6286600000001,647.0533,649.33,0.0
2016-07-13 00:00:00+00:00,649.33,665.829,648.03134,664.5,0.0
2016-07-14 00:00:00+00:00,664.5,665.829,651.56426,652.87,0.0
2016-07-15 00:00:00+00:00,652.87,660.43824,651.56426,659.12,0.0
2016-07-16 00:00:00+00:00,659.12,664.51638,657.8017600000001,663.19,0.0
2016-07-17 00:00:00+00:00,663.19,664.51638,659.9973600000001,661.32,0.0
2016-07-18 00:00:00+00:00,661.32,680.93916,659.9973600000001,679.58,0.0
2016-07-19 00:00:00+00:00,679.58,680.93916,672.1130800000001,673.46,0.0
2016-07-20 00:00:00+00:00,673.46,676.2999000000001,672.1130800000001,674.95,0.0
2016-07-21 00:00:00+00:00,674.95,676.2999000000001,666.165,667.5,0.0
2016-07-22 00:00:00+00:00,667.5,668.835,662.672,664.0,0.0
2016-07-23 00:00:00+00:00,664.0,665.328,648.4505,649.75,0.0
2016-07-24 00:00:00+00:00,649.75,656.84106,648.4505,655.53,0.0
2016-07-25 00:00:00+00:00,655.53,662.80296,654.21894,661.48,0.0
2016-07-26 00:00:00+00:00,661.48,662.80296,653.67004,654.98,0.0
2016-07-27 00:00:00+00:00,654.98,656.2899600000001,649.85768,651.16,0.0
2016-07-28 00:00:00+00:00,651.16,656.68074,649.85768,655.37,0.0
2016-07-29 00:00:00+00:00,655.37,656.8510799999999,654.05926,655.54,0.0
2016-07-30 00:00:00+00:00,655.54,656.8510799999999,653.57024,654.88,0.0
2016-07-31 00:00:00+00:00,654.88,656.18976,653.37064,654.68,0.0
2016-08-01 00:00:00+00:00,654.68,655.9893599999999,622.6621799999999,623.91,0.0
2016-08-02 00:00:00+00:00,623.91,625.15782,604.3488799999999,605.56,0.0
2016-08-03 00:00:00+00:00,605.56,606.77112,529.67852,530.74,0.0
2016-08-04 00:00:00+00:00,530.74,565.13802,529.67852,564.01,0.0
2016-08-05 00:00:00+00:00,564.01,578.5948800000001,562.88198,577.44,0.0
2016-08-06 00:00:00+00:00,577.44,578.5948800000001,571.57456,572.72,0.0
2016-08-07 00:00:00+00:00,572.72,590.679,571.57456,589.5,0.0
2016-08-08 00:00:00+00:00,589.5,593.7451199999999,588.321,592.56,0.0
2016-08-09 00:00:00+00:00,592.56,593.7451199999999,590.50662,591.69,0.0
2016-08-10 00:00:00+00:00,591.69,592.8733800000001,583.8100400000001,584.98,0.0
2016-08-11 00:00:00+00:00,584.98,592.683,583.8100400000001,591.5,0.0
2016-08-12 00:00:00+00:00,591.5,592.683,584.83798,586.01,0.0
2016-08-13 00:00:00+00:00,586.01,587.18202,584.7381799999999,585.91,0.0
2016-08-14 00:00:00+00:00,585.91,587.08182,582.17332,583.34,0.0
2016-08-15 00:00:00+00:00,583.34,584.5066800000001,566.20532,567.34,0.0
2016-08-16 00:00:00+00:00,567.34,568.47468,564.55862,565.69,0.0
2016-08-17 00:00:00+00:00,565.69,576.0898800000001,564.55862,574.94,0.0
2016-08-18 00:00:00+00:00,574.94,576.0898800000001,569.77816,570.92,0.0
2016-08-19 00:00:00+00:00,570.92,572.06184,569.1594,570.3,0.0
2016-08-20 00:00:00+00:00,570.3,573.98568,569.1594,572.84,0.0
2016-08-21 00:00:00+00:00,572.84,578.67504,571.6943200000001,577.52,0.0
2016-08-22 00:00:00+00:00,577.52,578.67504,576.08552,577.24,0.0
2016-08-23 00:00:00+00:00,577.24,584.4666,576.08552,583.3,0.0
2016-08-24 00:00:00+00:00,583.3,584.4666,580.81604,581.98,0.0
2016-08-25 00:00:00+00:00,581.98,583.14396,577.5925,578.75,0.0
2016-08-26 00:00:00+00:00,578.75,579.9075,574.5985,575.75,0.0
2016-08-27 00:00:00+00:00,575.75,578.92554,574.5985,577.77,0.0
2016-08-28 00:00:00+00:00,577.77,578.92554,566.0656,567.2,0.0
2016-08-29 00:00:00+00:00,567.2,574.3464,566.0656,573.2,0.0
2016-08-30 00:00:00+00:00,573.2,574.3464,570.357,571.5,0.0
2016-08-31 00:00:00+00:00,571.5,577.12194,570.357,575.97,0.0
2016-09-01 00:00:00+00:00,575.97,577.12194,569.61848,570.76,0.0
2016-09-02 00:00:00+00:00,570.76,572.142,569.61848,571.0,0.0
2016-09-03 00:00:00+00:00,571.0,573.144,569.858,572.0,0.0
2016-09-04 00:00:00+00:00,572.0,596.20002,570.856,595.01,0.0
2016-09-05 00:00:00+00:00,595.01,605.1579,593.81998,603.95,0.0
2016-09-06 00:00:00+00:00,603.95,606.19998,602.7421,604.99,0.0
2016-09-07 00:00:00+00:00,604.99,609.37632,603.78002,608.16,0.0
2016-09-08 00:00:00+00:00,608.16,616.5606600000001,606.94368,615.33,0.0
2016-09-09 00:00:00+00:00,615.33,626.31012,614.09934,625.06,0.0
2016-09-10 00:00:00+00:00,625.06,626.31012,620.756,622.0,0.0
2016-09-11 00:00:00+00:00,622.0,623.244,620.4067,621.65,0.0
2016-09-12 00:00:00+00:00,621.65,622.8933,602.81196,604.02,0.0
2016-09-13 00:00:00+00:00,604.02,609.22602,602.81196,608.01,0.0
2016-09-14 00:00:00+00:00,608.01,610.03764,606.79398,608.82,0.0
2016-09-15 00:00:00+00:00,608.82,610.20798,607.6023600000001,608.99,0.0
2016-09-16 00:00:00+00:00,608.99,610.20798,605.50656,606.72,0.0
2016-09-17 00:00:00+00:00,606.72,608.2540799999999,605.50656,607.04,0.0
2016-09-18 00:00:00+00:00,607.04,608.2540799999999,602.8818200000001,604.09,0.0
2016-09-19 00:00:00+00:00,604.09,608.5246199999999,602.8818200000001,607.31,0.0
2016-09-20 00:00:00+00:00,607.31,609.8773199999999,606.09538,608.66,0.0
2016-09-21 00:00:00+00:00,608.66,609.8773199999999,604.289,605.5,0.0
2016-09-22 00:00:00+00:00,605.5,606.711,594.26908,595.46,0.0
2016-09-23 00:00:00+00:00,595.46,596.65092,592.89184,594.08,0.0
2016-09-24 00:00:00+00:00,594.08,601.9014000000001,592.89184,600.7,0.0
2016-09-25 00:00:00+00:00,600.7,601.9014000000001,598.13134,599.33,0.0
2016-09-26 00:00:00+00:00,599.33,600.5286600000001,597.78204,598.98,0.0
2016-09-27 00:00:00+00:00,598.98,608.0035799999999,597.78204,606.79,0.0
2016-09-28 00:00:00+00:00,606.79,608.0035799999999,603.05148,604.26,0.0
2016-09-29 00:00:00+00:00,604.26,605.46852,602.6423,603.85,0.0
2016-09-30 00:00:00+00:00,603.85,605.33826,602.6423,604.13,0.0
2016-10-01 00:00:00+00:00,604.13,609.59676,602.92174,608.38,0.0
2016-10-02 00:00:00+00:00,608.38,614.20596,607.16324,612.98,0.0
2016-10-03 00:00:00+00:00,612.98,614.20596,607.3828,608.6,0.0
2016-10-04 00:00:00+00:00,608.6,614.20596,607.3828,612.98,0.0
2016-10-05 00:00:00+00:00,612.98,614.20596,605.9656399999999,607.18,0.0
2016-10-06 00:00:00+00:00,607.18,609.216,605.9656399999999,608.0,0.0
2016-10-07 00:00:00+00:00,608.0,610.62882,606.784,609.41,0.0
2016-10-08 00:00:00+00:00,609.41,615.96948,608.1911799999999,614.74,0.0
2016-10-09 00:00:00+00:00,614.74,615.96948,613.23108,614.46,0.0
2016-10-10 00:00:00+00:00,614.46,615.68892,611.8338799999999,613.06,0.0
2016-10-11 00:00:00+00:00,613.06,615.99954,611.8338799999999,614.77,0.0
2016-10-12 00:00:00+00:00,614.77,639.5766,613.5404599999999,638.3,0.0
2016-10-13 00:00:00+00:00,638.3,639.5766,633.88968,635.16,0.0
2016-10-14 00:00:00+00:00,635.16,636.4303199999999,632.7519599999999,634.02,0.0
2016-10-15 00:00:00+00:00,634.02,639.4764,632.7519599999999,638.2,0.0
2016-10-16 00:00:00+00:00,638.2,639.4764,635.58628,636.86,0.0
2016-10-17 00:00:00+00:00,636.86,640.2479400000001,635.58628,638.97,0.0
2016-10-18 00:00:00+00:00,638.97,640.2479400000001,634.26892,635.54,0.0
2016-10-19 00:00:00+00:00,635.54,637.2219,634.26892,635.95,0.0
2016-10-20 00:00:00+00:00,635.95,637.2219,626.46456,627.72,0.0
2016-10-21 00:00:00+00:00,627.72,630.14778,626.46456,628.89,0.0
2016-10-22 00:00:00+00:00,628.89,630.258,627.63222,629.0,0.0
2016-10-23 00:00:00+00:00,629.0,654.5565,627.742,653.25,0.0
2016-10-24 00:00:00+00:00,653.25,654.5565,648.39062,649.69,0.0
2016-10-25 00:00:00+00:00,649.69,650.9893800000001,642.6421399999999,643.93,0.0
2016-10-26 00:00:00+00:00,643.93,652.7529000000001,642.6421399999999,651.45,0.0
2016-10-27 00:00:00+00:00,651.45,675.97926,650.1471,674.63,0.0
2016-10-28 00:00:00+00:00,674.63,686.37,673.28074,685.0,0.0
2016-10-29 00:00:00+00:00,685.0,687.2818199999999,683.63,685.91,0.0
2016-10-30 00:00:00+00:00,685.91,713.424,684.53818,712.0,0.0
2016-10-31 00:00:00+00:00,712.0,713.424,695.83554,697.23,0.0
2016-11-01 00:00:00+00:00,697.23,698.62446,695.61598,697.01,0.0
2016-11-02 00:00:00+00:00,697.01,728.0532000000001,695.61598,726.6,0.0
2016-11-03 00:00:00+00:00,726.6,742.60224,725.1468,741.12,0.0
2016-11-04 00:00:00+00:00,741.12,742.60224,682.32262,683.69,0.0
2016-11-05 00:00:00+00:00,683.69,704.1154200000001,682.32262,702.71,0.0
2016-11-06 00:00:00+00:00,702.71,704.88696,701.30458,703.48,0.0
2016-11-07 00:00:00+00:00,703.48,711.3799200000001,702.07304,709.96,0.0
2016-11-08 00:00:00+00:00,709.96,711.3799200000001,701.82354,703.23,0.0
2016-11-09 00:00:00+00:00,703.23,709.5663,701.82354,708.15,0.0
2016-11-10 00:00:00+00:00,708.15,722.943,706.7337,721.5,0.0
2016-11-11 00:00:00+00:00,721.5,722.943,713.0510400000001,714.48,0.0
2016-11-12 00:00:00+00:00,714.48,717.6324000000001,713.0510400000001,716.2,0.0
2016-11-13 00:00:00+00:00,716.2,717.6324000000001,700.87544,702.28,0.0
2016-11-14 00:00:00+00:00,702.28,703.6845599999999,698.97924,700.38,0.0
2016-11-15 00:00:00+00:00,700.38,706.44006,698.97924,705.03,0.0
2016-11-16 00:00:00+00:00,705.03,713.15346,703.6199399999999,711.73,0.0
2016-11-17 00:00:00+00:00,711.73,740.89884,710.30654,739.42,0.0
2016-11-18 00:00:00+00:00,739.42,740.89884,735.3663200000001,736.84,0.0
2016-11-19 00:00:00+00:00,736.84,750.47796,735.3663200000001,748.98,0.0
2016-11-20 00:00:00+00:00,748.98,752.2114200000001,747.48204,750.71,0.0
2016-11-21 00:00:00+00:00,750.71,752.2114200000001,725.6358200000001,727.09,0.0
2016-11-22 00:00:00+00:00,727.09,738.44394,725.6358200000001,736.97,0.0
2016-11-23 00:00:00+00:00,736.97,750.75852,735.49606,749.26,0.0
2016-11-24 00:00:00+00:00,749.26,750.75852,738.68966,740.17,0.0
2016-11-25 00:00:00+00:00,740.17,741.6503399999999,734.16872,735.64,0.0
2016-11-26 00:00:00+00:00,735.64,738.5441400000001,734.16872,737.07,0.0
2016-11-27 00:00:00+00:00,737.07,738.5441400000001,728.4501799999999,729.91,0.0
2016-11-28 00:00:00+00:00,729.91,731.36982,725.85538,727.31,0.0
2016-11-29 00:00:00+00:00,727.31,730.9089,725.85538,729.45,0.0
2016-11-30 00:00:00+00:00,729.45,731.48004,727.9911000000001,730.02,0.0
2016-12-01 00:00:00+00:00,730.02,743.5341,728.5599599999999,742.05,0.0
2016-12-02 00:00:00+00:00,742.05,752.31162,740.5658999999999,750.81,0.0
2016-12-03 00:00:00+00:00,750.81,771.52998,749.3083799999999,769.99,0.0
2016-12-04 00:00:00+00:00,769.99,771.52998,761.44406,762.97,0.0
2016-12-05 00:00:00+00:00,762.97,764.49594,760.476,762.0,0.0
2016-12-06 00:00:00+00:00,762.0,763.524,749.08882,750.59,0.0
2016-12-07 00:00:00+00:00,750.59,760.50798,749.08882,758.99,0.0
2016-12-08 00:00:00+00:00,758.99,768.01296,757.47202,766.48,0.0
2016-12-09 00:00:00+00:00,766.48,768.81456,764.94704,767.28,0.0
2016-12-10 00:00:00+00:00,767.28,770.61816,765.7454399999999,769.08,0.0
2016-12-11 00:00:00+00:00,769.08,773.82456,767.5418400000001,772.28,0.0
2016-12-12 00:00:00+00:00,772.28,773.82456,766.65362,768.19,0.0
2016-12-13 00:00:00+00:00,768.19,779.54598,766.65362,777.99,0.0
2016-12-14 00:00:00+00:00,777.99,780.04698,776.43402,778.49,0.0
2016-12-15 00:00:00+00:00,778.49,780.04698,775.5358200000001,777.09,0.0
2016-12-16 00:00:00+00:00,777.09,778.64418,774.32824,775.88,0.0
2016-12-17 00:00:00+00:00,775.88,782.88264,774.32824,781.32,0.0
2016-12-18 00:00:00+00:00,781.32,788.85456,779.7573600000001,787.28,0.0
2016-12-19 00:00:00+00:00,787.28,790.24734,785.70544,788.67,0.0
2016-12-20 00:00:00+00:00,788.67,792.6120599999999,787.0926599999999,791.03,0.0
2016-12-21 00:00:00+00:00,791.03,803.11302,789.44794,801.51,0.0
2016-12-22 00:00:00+00:00,801.51,836.63994,799.90698,834.97,0.0
2016-12-23 00:00:00+00:00,834.97,861.90036,833.30006,860.18,0.0
2016-12-24 00:00:00+00:00,860.18,915.7578599999999,858.4596399999999,913.93,0.0
2016-12-25 00:00:00+00:00,913.93,915.7578599999999,890.8148,892.6,0.0
2016-12-26 00:00:00+00:00,892.6,894.3852,889.20802,890.99,0.0
2016-12-27 00:00:00+00:00,890.99,898.61364,889.20802,896.82,0.0
2016-12-28 00:00:00+00:00,896.82,932.20068,895.0263600000001,930.34,0.0
2016-12-29 00:00:00+00:00,930.34,977.84178,928.47932,975.89,0.0
2016-12-30 00:00:00+00:00,975.89,977.84178,968.4093,970.35,0.0
2016-12-31 00:00:00+00:00,970.35,972.2907,956.20376,958.12,0.0
2017-01-01 00:00:00+00:00,958.12,966.76968,956.20376,964.84,0.0
2017-01-02 00:00:00+00:00,964.84,999.35472,962.9103200000001,997.36,0.0
2017-01-03 00:00:00+00:00,997.36,1015.44684,995.36528,1013.42,0.0
2017-01-04 00:00:00+00:00,1013.42,1039.90566,1011.39316,1037.83,0.0
2017-01-05 00:00:00+00:00,1037.83,1111.37832,1035.75434,1109.16,0.0
2017-01-06 00:00:00+00:00,1109.16,1111.37832,997.6507,999.65,0.0
2017-01-07 00:00:00+00:00,999.65,1001.6492999999999,890.1661,891.95,0.0
2017-01-08 00:00:00+00:00,891.95,907.97232,890.1661,906.16,0.0
2017-01-09 00:00:00+00:00,906.16,912.31098,904.34768,910.49,0.0
2017-01-10 00:00:00+00:00,910.49,912.31098,895.1261599999999,896.92,0.0
2017-01-11 00:00:00+00:00,896.92,905.46732,895.1261599999999,903.66,0.0
2017-01-12 00:00:00+00:00,903.66,905.46732,779.35816,780.92,0.0
2017-01-13 00:00:00+00:00,780.92,807.13104,779.35816,805.52,0.0
2017-01-14 00:00:00+00:00,805.52,826.65,803.90896,825.0,0.0
2017-01-15 00:00:00+00:00,825.0,826.65,817.9109,819.55,0.0
2017-01-16 00:00:00+00:00,819.55,823.65402,817.9109,822.01,0.0
2017-01-17 00:00:00+00:00,822.01,832.2211199999999,820.36598,830.56,0.0
2017-01-18 00:00:00+00:00,830.56,908.4132000000001,828.89888,906.6,0.0
2017-01-19 00:00:00+00:00,906.6,908.4132000000001,883.66912,885.44,0.0
2017-01-20 00:00:00+00:00,885.44,904.9062,883.66912,903.1,0.0
2017-01-21 00:00:00+00:00,903.1,904.9062,893.84872,895.64,0.0
2017-01-22 00:00:00+00:00,895.64,923.83398,893.84872,921.99,0.0
2017-01-23 00:00:00+00:00,921.99,924.17466,920.14602,922.33,0.0
2017-01-24 00:00:00+00:00,922.33,924.17466,918.1300600000001,919.97,0.0
2017-01-25 00:00:00+00:00,919.97,921.80994,881.82282,883.59,0.0
2017-01-26 00:00:00+00:00,883.59,894.92628,881.82282,893.14,0.0
2017-01-27 00:00:00+00:00,893.14,916.8801,891.35372,915.05,0.0
2017-01-28 00:00:00+00:00,915.05,919.84602,913.2198999999999,918.01,0.0
2017-01-29 00:00:00+00:00,918.01,920.45724,916.17398,918.62,0.0
2017-01-30 00:00:00+00:00,918.62,920.45724,910.36562,912.19,0.0
2017-01-31 00:00:00+00:00,912.19,921.84,910.36562,920.0,0.0
2017-02-01 00:00:00+00:00,920.0,966.0282,918.16,964.1,0.0
2017-02-02 00:00:00+00:00,964.1,985.38684,962.1718000000001,983.42,0.0
2017-02-03 00:00:00+00:00,983.42,1010.68734,981.4531599999999,1008.67,0.0
2017-02-04 00:00:00+00:00,1008.67,1017.6813,1006.65266,1015.65,0.0
2017-02-05 00:00:00+00:00,1015.65,1036.13814,1013.6187,1034.07,0.0
2017-02-06 00:00:00+00:00,1034.07,1036.13814,1009.05784,1011.08,0.0
2017-02-07 00:00:00+00:00,1011.08,1026.00792,1009.05784,1023.96,0.0
2017-02-08 00:00:00+00:00,1023.96,1054.9456799999998,1021.9120800000001,1052.84,0.0
2017-02-09 00:00:00+00:00,1052.84,1054.9456799999998,1048.5986,1050.7,0.0
2017-02-10 00:00:00+00:00,1050.7,1052.8014,983.36932,985.34,0.0
2017-02-11 00:00:00+00:00,985.34,999.58518,983.36932,997.59,0.0
2017-02-12 00:00:00+00:00,997.59,1014.48492,995.59482,1012.46,0.0
2017-02-13 00:00:00+00:00,1012.46,1014.48492,998.73852,1000.74,0.0
2017-02-14 00:00:00+00:00,1000.74,1003.2024,998.73852,1001.2,0.0
2017-02-15 00:00:00+00:00,1001.2,1009.09416,999.1976000000001,1007.08,0.0
2017-02-16 00:00:00+00:00,1007.08,1013.2725,1005.0658400000001,1011.25,0.0
2017-02-17 00:00:00+00:00,1011.25,1037.2704,1009.2275,1035.2,0.0
2017-02-18 00:00:00+00:00,1035.2,1056.6590999999999,1033.1296,1054.55,0.0
2017-02-19 00:00:00+00:00,1054.55,1058.112,1052.4409,1056.0,0.0
2017-02-20 00:00:00+00:00,1056.0,1058.112,1048.7682599999998,1050.87,0.0
2017-02-21 00:00:00+00:00,1050.87,1086.22812,1048.7682599999998,1084.06,0.0
2017-02-22 00:00:00+00:00,1084.06,1127.25,1081.89188,1125.0,0.0
2017-02-23 00:00:00+00:00,1125.0,1132.27002,1122.75,1130.01,0.0
2017-02-24 00:00:00+00:00,1130.01,1189.78482,1127.74998,1187.41,0.0
2017-02-25 00:00:00+00:00,1187.41,1189.78482,1177.77972,1180.14,0.0
2017-02-26 00:00:00+00:00,1180.14,1182.5002800000002,1148.06926,1150.37,0.0
2017-02-27 00:00:00+00:00,1150.37,1182.8209200000001,1148.06926,1180.46,0.0
2017-02-28 00:00:00+00:00,1180.46,1196.55834,1178.09908,1194.17,0.0
2017-03-01 00:00:00+00:00,1194.17,1196.55834,1188.5082200000002,1190.89,0.0
2017-03-02 00:00:00+00:00,1190.89,1227.42996,1188.5082200000002,1224.98,0.0
2017-03-03 00:00:00+00:00,1224.98,1260.1152,1222.53004,1257.6,0.0
2017-03-04 00:00:00+00:00,1257.6,1289.574,1255.0847999999999,1287.0,0.0
2017-03-05 00:00:00+00:00,1287.0,1289.574,1259.6756,1262.2,0.0
2017-03-06 00:00:00+00:00,1262.2,1273.58208,1259.6756,1271.04,0.0
2017-03-07 00:00:00+00:00,1271.04,1282.059,1268.49792,1279.5,0.0
2017-03-08 00:00:00+00:00,1279.5,1282.059,1231.41224,1233.88,0.0
2017-03-09 00:00:00+00:00,1233.88,1236.34776,1152.7997799999998,1155.11,0.0
2017-03-10 00:00:00+00:00,1155.11,1194.47418,1152.7997799999998,1192.09,0.0
2017-03-11 00:00:00+00:00,1192.09,1194.47418,1102.73012,1104.94,0.0
2017-03-12 00:00:00+00:00,1104.94,1178.94318,1102.73012,1176.59,0.0
2017-03-13 00:00:00+00:00,1176.59,1230.13536,1174.2368199999999,1227.68,0.0
2017-03-14 00:00:00+00:00,1227.68,1243.20144,1225.2246400000001,1240.72,0.0
2017-03-15 00:00:00+00:00,1240.72,1249.21344,1238.23856,1246.72,0.0
2017-03-16 00:00:00+00:00,1246.72,1259.514,1244.22656,1257.0,0.0
2017-03-17 00:00:00+00:00,1257.0,1259.514,1167.8596,1170.2,0.0
2017-03-18 00:00:00+00:00,1170.2,1172.5404,1066.1634,1068.3,0.0
2017-03-19 00:00:00+00:00,1068.3,1070.4366,965.75462,967.69,0.0
2017-03-20 00:00:00+00:00,967.69,1013.01198,965.75462,1010.99,0.0
2017-03-21 00:00:00+00:00,1010.99,1033.563,1008.96802,1031.5,0.0
2017-03-22 00:00:00+00:00,1031.5,1115.226,1029.437,1113.0,0.0
2017-03-23 00:00:00+00:00,1113.0,1115.226,1028.1396,1030.2,0.0
2017-03-24 00:00:00+00:00,1030.2,1032.2604000000001,1027.93002,1029.99,0.0
2017-03-25 00:00:00+00:00,1029.99,1032.04998,926.0741399999999,927.93,0.0
2017-03-26 00:00:00+00:00,927.93,963.73362,926.0741399999999,961.81,0.0
2017-03-27 00:00:00+00:00,961.81,963.73362,957.55106,959.47,0.0
2017-03-28 00:00:00+00:00,959.47,1043.1220799999999,957.55106,1041.04,0.0
2017-03-29 00:00:00+00:00,1041.04,1044.85554,1038.95792,1042.77,0.0
2017-03-30 00:00:00+00:00,1042.77,1044.85554,1037.69046,1039.77,0.0
2017-03-31 00:00:00+00:00,1039.77,1041.84954,1032.67052,1034.74,0.0
2017-04-01 00:00:00+00:00,1034.74,1075.2361799999999,1032.67052,1073.09,0.0
2017-04-02 00:00:00+00:00,1073.09,1084.97562,1070.94382,1082.81,0.0
2017-04-03 00:00:00+00:00,1082.81,1084.97562,1077.83002,1079.99,0.0
2017-04-04 00:00:00+00:00,1079.99,1149.27396,1077.83002,1146.98,0.0
2017-04-05 00:00:00+00:00,1146.98,1149.27396,1138.9475400000001,1141.23,0.0
2017-04-06 00:00:00+00:00,1141.23,1143.51246,1131.26294,1133.53,0.0
2017-04-07 00:00:00+00:00,1133.53,1196.11746,1131.26294,1193.73,0.0
2017-04-08 00:00:00+00:00,1193.73,1196.11746,1187.8395600000001,1190.22,0.0
2017-04-09 00:00:00+00:00,1190.22,1192.60044,1181.66194,1184.03,0.0
2017-04-10 00:00:00+00:00,1184.03,1208.59236,1181.66194,1206.18,0.0
2017-04-11 00:00:00+00:00,1206.18,1212.40998,1203.76764,1209.99,0.0
2017-04-12 00:00:00+00:00,1209.99,1221.52818,1207.57002,1219.09,0.0
2017-04-13 00:00:00+00:00,1219.09,1221.52818,1209.74566,1212.17,0.0
2017-04-14 00:00:00+00:00,1212.17,1214.59434,1172.08114,1174.43,0.0
2017-04-15 00:00:00+00:00,1174.43,1176.7788600000001,1168.01928,1170.36,0.0
2017-04-16 00:00:00+00:00,1170.36,1192.881,1168.01928,1190.5,0.0
2017-04-17 00:00:00+00:00,1190.5,1192.881,1158.7777999999998,1161.1,0.0
2017-04-18 00:00:00+00:00,1161.1,1179.32394,1158.7777999999998,1176.97,0.0
2017-04-19 00:00:00+00:00,1176.97,1203.6024,1174.61606,1201.2,0.0
2017-04-20 00:00:00+00:00,1201.2,1207.41,1198.7976,1205.0,0.0
2017-04-21 00:00:00+00:00,1205.0,1239.10326,1202.59,1236.63,0.0
2017-04-22 00:00:00+00:00,1236.63,1246.0972199999999,1234.1567400000001,1243.61,0.0
2017-04-23 00:00:00+00:00,1243.61,1246.0972199999999,1230.77352,1233.24,0.0
2017-04-24 00:00:00+00:00,1233.24,1243.32168,1230.77352,1240.84,0.0
2017-04-25 00:00:00+00:00,1240.84,1256.0771399999999,1238.3583199999998,1253.57,0.0
2017-04-26 00:00:00+00:00,1253.57,1275.21534,1251.06286,1272.67,0.0
2017-04-27 00:00:00+00:00,1272.67,1290.59604,1270.1246600000002,1288.02,0.0
2017-04-28 00:00:00+00:00,1288.02,1332.99066,1285.44396,1330.33,0.0
2017-04-29 00:00:00+00:00,1330.33,1333.3614,1327.66934,1330.7,0.0
2017-04-30 00:00:00+00:00,1330.7,1335.666,1328.0386,1333.0,0.0
2017-05-01 00:00:00+00:00,1333.0,1357.5095999999999,1330.334,1354.8,0.0
2017-05-02 00:00:00+00:00,1354.8,1393.6417199999999,1352.0904,1390.86,0.0
2017-05-03 00:00:00+00:00,1390.86,1450.4451,1388.07828,1447.55,0.0
2017-05-04 00:00:00+00:00,1447.55,1504.002,1444.6549,1501.0,0.0
2017-05-05 00:00:00+00:00,1501.0,1540.30446,1497.998,1537.23,0.0
2017-05-06 00:00:00+00:00,1537.23,1540.30446,1515.7125,1518.75,0.0
2017-05-07 00:00:00+00:00,1518.75,1557.14808,1515.7125,1554.04,0.0
2017-05-08 00:00:00+00:00,1554.04,1561.8574800000001,1550.93192,1558.74,0.0
2017-05-09 00:00:00+00:00,1558.74,1654.4022,1555.62252,1651.1,0.0
2017-05-10 00:00:00+00:00,1651.1,1723.70052,1647.7977999999998,1720.26,0.0
2017-05-11 00:00:00+00:00,1720.26,1778.06904,1716.8194799999999,1774.52,0.0
2017-05-12 00:00:00+00:00,1774.52,1832.658,1770.9709599999999,1829.0,0.0
2017-05-13 00:00:00+00:00,1829.0,1832.658,1689.4942400000002,1692.88,0.0
2017-05-14 00:00:00+00:00,1692.88,1774.3416,1689.4942400000002,1770.8,0.0
2017-05-15 00:00:00+00:00,1770.8,1783.56,1767.2584,1780.0,0.0
2017-05-16 00:00:00+00:00,1780.0,1783.56,1714.4741800000002,1717.91,0.0
2017-05-17 00:00:00+00:00,1717.91,1721.34582,1705.57202,1708.99,0.0
2017-05-18 00:00:00+00:00,1708.99,1787.54796,1705.57202,1783.98,0.0
2017-05-19 00:00:00+00:00,1783.98,1883.74998,1780.41204,1879.99,0.0
2017-05-20 00:00:00+00:00,1879.99,1961.2947600000002,1876.23002,1957.38,0.0
2017-05-21 00:00:00+00:00,1957.38,2012.8576799999998,1953.46524,2008.84,0.0
2017-05-22 00:00:00+00:00,2008.84,2021.5851,2004.82232,2017.55,0.0
2017-05-23 00:00:00+00:00,2017.55,2104.17996,2013.5149,2099.98,0.0
2017-05-24 00:00:00+00:00,2099.98,2260.83264,2095.78004,2256.32,0.0
2017-05-25 00:00:00+00:00,2256.32,2426.3329799999997,2251.8073600000002,2421.49,0.0
2017-05-26 00:00:00+00:00,2421.49,2426.3329799999997,2272.45598,2277.01,0.0
2017-05-27 00:00:00+00:00,2277.01,2284.37964,2272.45598,2279.82,0.0
2017-05-28 00:00:00+00:00,2279.82,2284.37964,2043.66448,2047.76,0.0
2017-05-29 00:00:00+00:00,2047.76,2181.7347600000003,2043.66448,2177.38,0.0
2017-05-30 00:00:00+00:00,2177.38,2294.60004,2173.02524,2290.02,0.0
2017-05-31 00:00:00+00:00,2290.02,2294.60004,2200.48022,2204.89,0.0
2017-06-01 00:00:00+00:00,2204.89,2302.60602,2200.48022,2298.01,0.0
2017-06-02 00:00:00+00:00,2298.01,2414.74986,2293.4139800000003,2409.93,0.0
2017-06-03 00:00:00+00:00,2409.93,2493.95796,2405.11014,2488.98,0.0
2017-06-04 00:00:00+00:00,2488.98,2546.3725799999997,2484.00204,2541.29,0.0
2017-06-05 00:00:00+00:00,2541.29,2546.3725799999997,2524.47094,2529.53,0.0
2017-06-06 00:00:00+00:00,2529.53,2704.51824,2524.47094,2699.12,0.0
2017-06-07 00:00:00+00:00,2699.12,2878.0446,2693.72176,2872.3,0.0
2017-06-08 00:00:00+00:00,2872.3,2878.0446,2677.6639400000004,2683.03,0.0
2017-06-09 00:00:00+00:00,2683.03,2814.62802,2677.6639400000004,2809.01,0.0
2017-06-10 00:00:00+00:00,2809.01,2830.7902799999997,2803.3919800000003,2825.14,0.0
2017-06-11 00:00:00+00:00,2825.14,2904.42726,2819.48972,2898.63,0.0
2017-06-12 00:00:00+00:00,2898.63,2960.86992,2892.8327400000003,2954.96,0.0
2017-06-13 00:00:00+00:00,2954.96,2960.86992,2651.65606,2656.97,0.0
2017-06-14 00:00:00+00:00,2656.97,2711.412,2651.65606,2706.0,0.0
2017-06-15 00:00:00+00:00,2706.0,2711.412,2440.11,2445.0,0.0
2017-06-16 00:00:00+00:00,2445.0,2449.89,2419.9504,2424.8,0.0
2017-06-17 00:00:00+00:00,2424.8,2482.89588,2419.9504,2477.94,0.0
2017-06-18 00:00:00+00:00,2477.94,2635.0195200000003,2472.98412,2629.76,0.0
2017-06-19 00:00:00+00:00,2629.76,2635.0195200000003,2516.956,2522.0,0.0
2017-06-20 00:00:00+00:00,2522.0,2605.2,2516.956,2600.0,0.0
2017-06-21 00:00:00+00:00,2600.0,2745.48,2594.8,2740.0,0.0
2017-06-22 00:00:00+00:00,2740.0,2745.48,2653.37262,2658.69,0.0
2017-06-23 00:00:00+00:00,2658.69,2718.90696,2653.37262,2713.48,0.0
2017-06-24 00:00:00+00:00,2713.48,2718.90696,2679.6799,2685.05,0.0
2017-06-25 00:00:00+00:00,2685.05,2690.4201000000003,2551.886,2557.0,0.0
2017-06-26 00:00:00+00:00,2557.0,2562.114,2497.02594,2502.03,0.0
2017-06-27 00:00:00+00:00,2502.03,2507.0340600000004,2425.14,2430.0,0.0
2017-06-28 00:00:00+00:00,2430.0,2563.22622,2425.14,2558.11,0.0
2017-06-29 00:00:00+00:00,2558.11,2563.4166,2552.9937800000002,2558.3,0.0
2017-06-30 00:00:00+00:00,2558.3,2563.4166,2536.60662,2541.69,0.0
2017-07-01 00:00:00+00:00,2541.69,2546.77338,2471.67674,2476.63,0.0
2017-07-02 00:00:00+00:00,2476.63,2481.5832600000003,2416.41748,2421.26,0.0
2017-07-03 00:00:00+00:00,2421.26,2517.73542,2416.41748,2512.71,0.0
2017-07-04 00:00:00+00:00,2512.71,2555.0298599999996,2507.68458,2549.93,0.0
2017-07-05 00:00:00+00:00,2549.93,2604.08778,2544.83014,2598.89,0.0
2017-07-06 00:00:00+00:00,2598.89,2605.2,2593.69222,2600.0,0.0
2017-07-07 00:00:00+00:00,2600.0,2605.2,2594.47066,2599.67,0.0
2017-07-08 00:00:00+00:00,2599.67,2604.86934,2497.85428,2502.86,0.0
2017-07-09 00:00:00+00:00,2502.86,2560.2502799999997,2497.85428,2555.14,0.0
2017-07-10 00:00:00+00:00,2555.14,2560.2502799999997,2504.56084,2509.58,0.0
2017-07-11 00:00:00+00:00,2509.58,2514.5991599999998,2322.43582,2327.09,0.0
2017-07-12 00:00:00+00:00,2327.09,2331.74418,2306.3081399999996,2310.93,0.0
2017-07-13 00:00:00+00:00,2310.93,2392.776,2306.3081399999996,2388.0,0.0
2017-07-14 00:00:00+00:00,2388.0,2392.776,2333.8130199999996,2338.49,0.0
2017-07-15 00:00:00+00:00,2338.49,2343.16698,2211.6677999999997,2216.1,0.0
2017-07-16 00:00:00+00:00,2216.1,2220.5322,1968.3454199999999,1972.29,0.0
2017-07-17 00:00:00+00:00,1972.29,1976.23458,1907.13808,1910.96,0.0
2017-07-18 00:00:00+00:00,1910.96,2224.5101400000003,1907.13808,2220.07,0.0
2017-07-19 00:00:00+00:00,2220.07,2304.61002,2215.62986,2300.01,0.0
2017-07-20 00:00:00+00:00,2300.01,2304.61002,2260.67958,2265.21,0.0
2017-07-21 00:00:00+00:00,2265.21,2845.68,2260.67958,2840.0,0.0
2017-07-22 00:00:00+00:00,2840.0,2845.68,2667.6041,2672.95,0.0
2017-07-23 00:00:00+00:00,2672.95,2831.16102,2667.6041,2825.51,0.0
2017-07-24 00:00:00+00:00,2825.51,2831.16102,2742.86328,2748.36,0.0
2017-07-25 00:00:00+00:00,2748.36,2765.0991599999998,2742.86328,2759.58,0.0
2017-07-26 00:00:00+00:00,2759.58,2765.0991599999998,2559.1714,2564.3,0.0
2017-07-27 00:00:00+00:00,2564.3,2569.4286,2511.89614,2516.93,0.0
2017-07-28 00:00:00+00:00,2516.93,2661.84306,2511.89614,2656.53,0.0
2017-07-29 00:00:00+00:00,2656.53,2790.3696,2651.2169400000002,2784.8,0.0
2017-07-30 00:00:00+00:00,2784.8,2790.3696,2699.1209400000002,2704.53,0.0
2017-07-31 00:00:00+00:00,2704.53,2744.39784,2699.1209400000002,2738.92,0.0
2017-08-01 00:00:00+00:00,2738.92,2868.6258000000003,2733.44216,2862.9,0.0
2017-08-02 00:00:00+00:00,2862.9,2868.6258000000003,2725.87732,2731.34,0.0
2017-08-03 00:00:00+00:00,2731.34,2736.8026800000002,2693.99122,2699.39,0.0
2017-08-04 00:00:00+00:00,2699.39,2795.58,2693.99122,2790.0,0.0
2017-08-05 00:00:00+00:00,2790.0,2862.23304,2784.42,2856.52,0.0
2017-08-06 00:00:00+00:00,2856.52,3257.27154,2850.80696,3250.77,0.0
2017-08-07 00:00:00+00:00,3250.77,3257.27154,3203.7796,3210.2,0.0
2017-08-08 00:00:00+00:00,3210.2,3387.261,3203.7796,3380.5,0.0
2017-08-09 00:00:00+00:00,3380.5,3415.5675,3373.739,3408.75,0.0
2017-08-10 00:00:00+00:00,3408.75,3415.5675,3333.5994400000004,3340.28,0.0
2017-08-11 00:00:00+00:00,3340.28,3420.23682,3333.5994400000004,3413.41,0.0
2017-08-12 00:00:00+00:00,3413.41,3657.3,3406.5831799999996,3650.0,0.0
2017-08-13 00:00:00+00:00,3650.0,3876.25704,3642.7,3868.52,0.0
2017-08-14 00:00:00+00:00,3868.52,4081.90752,3860.78296,4073.76,0.0
2017-08-15 00:00:00+00:00,4073.76,4324.29132,4065.6124800000002,4315.66,0.0
2017-08-16 00:00:00+00:00,4315.66,4324.29132,4171.61006,4179.97,0.0
2017-08-17 00:00:00+00:00,4179.97,4384.5516,4171.61006,4375.8,0.0
2017-08-18 00:00:00+00:00,4375.8,4384.5516,4271.23042,4279.79,0.0
2017-08-19 00:00:00+00:00,4279.79,4288.34958,4096.50058,4104.71,0.0
2017-08-20 00:00:00+00:00,4104.71,4154.3821800000005,4096.50058,4146.09,0.0
2017-08-21 00:00:00+00:00,4146.09,4154.3821800000005,4046.4908,4054.6,0.0
2017-08-22 00:00:00+00:00,4054.6,4062.7092,3978.30744,3986.28,0.0
2017-08-23 00:00:00+00:00,3986.28,4099.07178,3978.30744,4090.89,0.0
2017-08-24 00:00:00+00:00,4090.89,4141.93734,4082.70822,4133.67,0.0
2017-08-25 00:00:00+00:00,4133.67,4340.43354,4125.40266,4331.77,0.0
2017-08-26 00:00:00+00:00,4331.77,4366.485540000001,4323.106460000001,4357.77,0.0
2017-08-27 00:00:00+00:00,4357.77,4366.485540000001,4331.140359999999,4339.82,0.0
2017-08-28 00:00:00+00:00,4339.82,4348.49964,4330.3719,4339.05,0.0
2017-08-29 00:00:00+00:00,4339.05,4385.41332,4330.3719,4376.66,0.0
2017-08-30 00:00:00+00:00,4376.66,4603.72908,4367.90668,4594.54,0.0
2017-08-31 00:00:00+00:00,4594.54,4603.72908,4573.354960000001,4582.52,0.0
2017-09-01 00:00:00+00:00,4582.52,4742.3357399999995,4573.354960000001,4732.87,0.0
2017-09-02 00:00:00+00:00,4732.87,4918.22682,4723.40426,4908.41,0.0
2017-09-03 00:00:00+00:00,4908.41,4918.22682,4576.398859999999,4585.57,0.0
2017-09-04 00:00:00+00:00,4585.57,4612.74708,4576.398859999999,4603.54,0.0
2017-09-05 00:00:00+00:00,4603.54,4612.74708,4194.50418,4202.91,0.0
2017-09-06 00:00:00+00:00,4202.91,4393.790040000001,4194.50418,4385.02,0.0
2017-09-07 00:00:00+00:00,4385.02,4621.344239999999,4376.24996,4612.12,0.0
2017-09-08 00:00:00+00:00,4612.12,4623.06768,4602.89576,4613.84,0.0
2017-09-09 00:00:00+00:00,4613.84,4623.06768,4303.63548,4312.26,0.0
2017-09-10 00:00:00+00:00,4312.26,4339.531739999999,4303.63548,4330.87,0.0
2017-09-11 00:00:00+00:00,4330.87,4339.531739999999,4224.46414,4232.93,0.0
2017-09-12 00:00:00+00:00,4232.93,4241.3958600000005,4190.19282,4198.59,0.0
2017-09-13 00:00:00+00:00,4198.59,4206.98718,4161.600119999999,4169.94,0.0
2017-09-14 00:00:00+00:00,4169.94,4178.27988,3857.48956,3865.22,0.0
2017-09-15 00:00:00+00:00,3865.22,3872.9504399999996,3209.99714,3216.43,0.0
2017-09-16 00:00:00+00:00,3216.43,3714.915,3209.99714,3707.5,0.0
2017-09-17 00:00:00+00:00,3707.5,3714.915,3681.73178,3689.11,0.0
2017-09-18 00:00:00+00:00,3689.11,3696.48822,3671.1729400000004,3678.53,0.0
2017-09-19 00:00:00+00:00,3678.53,4100.25414,3671.1729400000004,4092.07,0.0
2017-09-20 00:00:00+00:00,4092.07,4100.25414,3891.5513,3899.35,0.0
2017-09-21 00:00:00+00:00,3899.35,3907.1486999999997,3886.69104,3894.48,0.0
2017-09-22 00:00:00+00:00,3894.48,3902.26896,3593.71816,3600.92,0.0
2017-09-23 00:00:00+00:00,3600.92,3611.99958,3593.71816,3604.79,0.0
2017-09-24 00:00:00+00:00,3604.79,3785.17524,3597.58042,3777.62,0.0
2017-09-25 00:00:00+00:00,3777.62,3785.17524,3658.97738,3666.31,0.0
2017-09-26 00:00:00+00:00,3666.31,3939.84396,3658.97738,3931.98,0.0
2017-09-27 00:00:00+00:00,3931.98,3939.84396,3873.238,3881.0,0.0
2017-09-28 00:00:00+00:00,3881.0,4212.91902,3873.238,4204.51,0.0
2017-09-29 00:00:00+00:00,4204.51,4212.91902,4181.0012400000005,4189.38,0.0
2017-09-30 00:00:00+00:00,4189.38,4197.75876,4155.94146,4164.27,0.0
2017-10-01 00:00:00+00:00,4164.27,4362.86832,4155.94146,4354.16,0.0
2017-10-02 00:00:00+00:00,4354.16,4413.82002,4345.45168,4405.01,0.0
2017-10-03 00:00:00+00:00,4405.01,4413.82002,4385.28186,4394.07,0.0
2017-10-04 00:00:00+00:00,4394.07,4402.858139999999,4299.71334,4308.33,0.0
2017-10-05 00:00:00+00:00,4308.33,4316.94666,4203.1269,4211.55,0.0
2017-10-06 00:00:00+00:00,4211.55,4327.21716,4203.1269,4318.58,0.0
2017-10-07 00:00:00+00:00,4318.58,4378.309139999999,4309.94284,4369.57,0.0
2017-10-08 00:00:00+00:00,4369.57,4448.33892,4360.83086,4439.46,0.0
2017-10-09 00:00:00+00:00,4439.46,4614.87132,4430.58108,4605.66,0.0
2017-10-10 00:00:00+00:00,4605.66,4783.38768,4596.4486799999995,4773.84,0.0
2017-10-11 00:00:00+00:00,4773.84,4786.053,4764.2923200000005,4776.5,0.0
2017-10-12 00:00:00+00:00,4776.5,4831.81434,4766.947,4822.17,0.0
2017-10-13 00:00:00+00:00,4822.17,5446.6215,4812.52566,5435.75,0.0
2017-10-14 00:00:00+00:00,5435.75,5647.512479999999,5424.8785,5636.24,0.0
2017-10-15 00:00:00+00:00,5636.24,5837.641979999999,5624.96752,5825.99,0.0
2017-10-16 00:00:00+00:00,5825.99,5837.641979999999,5680.306619999999,5691.69,0.0
2017-10-17 00:00:00+00:00,5691.69,5775.76848,5680.306619999999,5764.24,0.0
2017-10-18 00:00:00+00:00,5764.24,5775.76848,5583.470679999999,5594.66,0.0
2017-10-19 00:00:00+00:00,5594.66,5605.84932,5560.77616,5571.92,0.0
2017-10-20 00:00:00+00:00,5571.92,5708.55432,5560.77616,5697.16,0.0
2017-10-21 00:00:00+00:00,5697.16,5998.41288,5685.7656799999995,5986.44,0.0
2017-10-22 00:00:00+00:00,5986.44,6024.6753,5974.467119999999,6012.65,0.0
2017-10-23 00:00:00+00:00,6012.65,6024.6753,5970.52502,5982.49,0.0
2017-10-24 00:00:00+00:00,5982.49,5994.4549799999995,5888.78882,5900.59,0.0
2017-10-25 00:00:00+00:00,5900.59,5912.3911800000005,5499.73848,5510.76,0.0
2017-10-26 00:00:00+00:00,5510.76,5743.814700000001,5499.73848,5732.35,0.0
2017-10-27 00:00:00+00:00,5732.35,5901.599639999999,5720.8853,5889.82,0.0
2017-10-28 00:00:00+00:00,5889.82,5901.599639999999,5758.35022,5769.89,0.0
2017-10-29 00:00:00+00:00,5769.89,5781.42978,5717.1927,5728.65,0.0
2017-10-30 00:00:00+00:00,5728.65,6148.7629799999995,5717.1927,6136.49,0.0
2017-10-31 00:00:00+00:00,6136.49,6148.7629799999995,6120.89368,6133.16,0.0
2017-11-01 00:00:00+00:00,6133.16,6428.90214,6120.89368,6416.07,0.0
2017-11-02 00:00:00+00:00,6416.07,6765.48396,6403.237859999999,6751.98,0.0
2017-11-03 00:00:00+00:00,6751.98,7038.60912,6738.47604,7024.56,0.0
2017-11-04 00:00:00+00:00,7024.56,7227.46608,7010.510880000001,7213.04,0.0
2017-11-05 00:00:00+00:00,7213.04,7380.721979999999,7198.61392,7365.99,0.0
2017-11-06 00:00:00+00:00,7365.99,7407.2950200000005,7351.25802,7392.51,0.0
2017-11-07 00:00:00+00:00,7392.51,7407.2950200000005,6946.65884,6960.58,0.0
2017-11-08 00:00:00+00:00,6960.58,7142.89728,6946.65884,7128.64,0.0
2017-11-09 00:00:00+00:00,7128.64,7483.37688,7114.3827200000005,7468.44,0.0
2017-11-10 00:00:00+00:00,7468.44,7483.37688,7078.23516,7092.42,0.0
2017-11-11 00:00:00+00:00,7092.42,7106.60484,6556.0815600000005,6569.22,0.0
2017-11-12 00:00:00+00:00,6569.22,6582.35844,6328.20822,6340.89,0.0
2017-11-13 00:00:00+00:00,6340.89,6353.57178,5878.29984,5890.08,0.0
2017-11-14 00:00:00+00:00,5890.08,6506.61726,5878.29984,6493.63,0.0
2017-11-15 00:00:00+00:00,6493.63,6605.915459999999,6480.64274,6592.73,0.0
2017-11-16 00:00:00+00:00,6592.73,7294.339559999999,6579.54454,7279.78,0.0
2017-11-17 00:00:00+00:00,7279.78,7884.5075400000005,7265.22044,7868.77,0.0
2017-11-18 00:00:00+00:00,7868.77,7884.5075400000005,7702.7636,7718.2,0.0
2017-11-19 00:00:00+00:00,7718.2,7806.8826,7702.7636,7791.3,0.0
2017-11-20 00:00:00+00:00,7791.3,8065.81944,7775.7174,8049.72,0.0
2017-11-21 00:00:00+00:00,8049.72,8259.295619999999,8033.62056,8242.81,0.0
2017-11-22 00:00:00+00:00,8242.81,8259.295619999999,8079.68824,8095.88,0.0
2017-11-23 00:00:00+00:00,8095.88,8253.19344,8079.68824,8236.72,0.0
2017-11-24 00:00:00+00:00,8236.72,8253.19344,8027.22338,8043.31,0.0
2017-11-25 00:00:00+00:00,8043.31,8229.20556,8027.22338,8212.78,0.0
2017-11-26 00:00:00+00:00,8212.78,8786.337599999999,8196.354440000001,8768.8,0.0
2017-11-27 00:00:00+00:00,8768.8,9330.323400000001,8751.2624,9311.7,0.0
2017-11-28 00:00:00+00:00,9311.7,9736.75464,9293.0766,9717.32,0.0
2017-11-29 00:00:00+00:00,9717.32,9938.838,9697.88536,9919.0,0.0
2017-11-30 00:00:00+00:00,9919.0,9938.838,9627.0573,9646.35,0.0
2017-12-01 00:00:00+00:00,9646.35,10008.16638,9627.0573,9988.19,0.0
2017-12-02 00:00:00+00:00,9988.19,10901.63976,9968.21362,10879.88,0.0
2017-12-03 00:00:00+00:00,10879.88,10934.695740000001,10858.120239999998,10912.87,0.0
2017-12-04 00:00:00+00:00,10912.87,11201.87904,10891.04426,11179.52,0.0
2017-12-05 00:00:00+00:00,11179.52,11614.40244,11157.160960000001,11591.22,0.0
2017-12-06 00:00:00+00:00,11591.22,11683.73082,11568.037559999999,11660.41,0.0
2017-12-07 00:00:00+00:00,11660.41,13871.61786,11637.089179999999,13843.93,0.0
2017-12-08 00:00:00+00:00,13843.93,16894.60176,13816.24214,16860.88,0.0
2017-12-09 00:00:00+00:00,16860.88,16894.60176,15843.51946,15875.27,0.0
2017-12-10 00:00:00+00:00,15875.27,15907.020540000001,14623.065260000001,14652.37,0.0
2017-12-11 00:00:00+00:00,14652.37,15099.0879,14623.065260000001,15068.95,0.0
2017-12-12 00:00:00+00:00,15068.95,16766.18544,15038.812100000001,16732.72,0.0
2017-12-13 00:00:00+00:00,16732.72,16950.6336,16699.25456,16916.8,0.0
2017-12-14 00:00:00+00:00,16916.8,16950.6336,16219.80538,16252.31,0.0
2017-12-15 00:00:00+00:00,16252.31,16440.9663,16219.80538,16408.15,0.0
2017-12-16 00:00:00+00:00,16408.15,17542.87572,16375.333700000001,17507.86,0.0
2017-12-17 00:00:00+00:00,17507.86,19318.4598,17472.84428,19279.9,0.0
2017-12-18 00:00:00+00:00,19279.9,19318.4598,18867.44948,18905.26,0.0
2017-12-19 00:00:00+00:00,18905.26,18949.61358,18867.44948,18911.79,0.0
2017-12-20 00:00:00+00:00,18911.79,18949.61358,17348.17412,17382.94,0.0
2017-12-21 00:00:00+00:00,17382.94,17417.705879999998,16324.52552,16357.24,0.0
2017-12-22 00:00:00+00:00,16357.24,16389.95448,15490.02786,15521.07,0.0
2017-12-23 00:00:00+00:00,15521.07,15552.11214,13749.05678,13776.61,0.0
2017-12-24 00:00:00+00:00,13776.61,14149.773060000001,13749.05678,14121.53,0.0
2017-12-25 00:00:00+00:00,14121.53,14149.773060000001,13527.201379999999,13554.31,0.0
2017-12-26 00:00:00+00:00,13554.31,13768.42188,13527.201379999999,13740.94,0.0
2017-12-27 00:00:00+00:00,13740.94,15709.34598,13713.458120000001,15677.99,0.0
2017-12-28 00:00:00+00:00,15677.99,15709.34598,15391.34562,15422.19,0.0
2017-12-29 00:00:00+00:00,15422.19,15453.034380000001,14185.58198,14214.01,0.0
2017-12-30 00:00:00+00:00,14214.01,14442.367080000002,14185.58198,14413.54,0.0
2017-12-31 00:00:00+00:00,14413.54,14442.367080000002,12587.31492,12612.54,0.0
2018-01-01 00:00:00+00:00,12612.54,13823.592,12587.31492,13796.0,0.0
2018-01-02 00:00:00+00:00,13796.0,13823.592,13348.23004,13374.98,0.0
2018-01-03 00:00:00+00:00,13374.98,14823.046919999999,13348.23004,14793.46,0.0
2018-01-04 00:00:00+00:00,14793.46,15069.31848,14763.87308,15039.24,0.0
2018-01-05 00:00:00+00:00,15039.24,15199.999319999999,15009.16152,15169.66,0.0
2018-01-06 00:00:00+00:00,15169.66,16948.55946,15139.32068,16914.73,0.0
2018-01-07 00:00:00+00:00,16914.73,17190.2619,16880.90054,17155.95,0.0
2018-01-08 00:00:00+00:00,17155.95,17190.2619,16160.52418,16192.91,0.0
2018-01-09 00:00:00+00:00,16192.91,16225.29582,14932.70474,14962.63,0.0
2018-01-10 00:00:00+00:00,14962.63,14992.55526,14408.54516,14437.42,0.0
2018-01-11 00:00:00+00:00,14437.42,14912.62572,14408.54516,14882.86,0.0
2018-01-12 00:00:00+00:00,14882.86,14912.62572,13258.9789,13285.55,0.0
2018-01-13 00:00:00+00:00,13285.55,13818.77238,13258.9789,13791.19,0.0
2018-01-14 00:00:00+00:00,13791.19,14274.67236,13763.60762,14246.18,0.0
2018-01-15 00:00:00+00:00,14246.18,14274.67236,13556.66234,13583.83,0.0
2018-01-16 00:00:00+00:00,13583.83,13610.997659999999,13527.031719999999,13554.14,0.0
2018-01-17 00:00:00+00:00,13554.14,13581.24828,11284.65546,11307.27,0.0
2018-01-18 00:00:00+00:00,11307.27,11329.884540000001,11069.07748,11091.26,0.0
2018-01-19 00:00:00+00:00,11091.26,11197.16964,11069.07748,11174.82,0.0
2018-01-20 00:00:00+00:00,11174.82,11529.52302,11152.47036,11506.51,0.0
2018-01-21 00:00:00+00:00,11506.51,12770.06916,11483.49698,12744.58,0.0
2018-01-22 00:00:00+00:00,12744.58,12770.06916,11490.39316,11513.42,0.0
2018-01-23 00:00:00+00:00,11513.42,11536.44684,10748.94902,10770.49,0.0
2018-01-24 00:00:00+00:00,10770.49,10853.152979999999,10748.94902,10831.49,0.0
2018-01-25 00:00:00+00:00,10831.49,11414.81406,10809.82702,11392.03,0.0
2018-01-26 00:00:00+00:00,11392.03,11414.81406,11128.488420000001,11150.79,0.0
2018-01-27 00:00:00+00:00,11150.79,11173.09158,11072.051519999999,11094.24,0.0
2018-01-28 00:00:00+00:00,11094.24,11454.232740000001,11072.051519999999,11431.37,0.0
2018-01-29 00:00:00+00:00,11431.37,11765.81466,11408.50726,11742.33,0.0
2018-01-30 00:00:00+00:00,11742.33,11765.81466,11163.74776,11186.12,0.0
2018-01-31 00:00:00+00:00,11186.12,11208.492240000001,10062.35496,10082.52,0.0
2018-02-01 00:00:00+00:00,10082.52,10224.408,10062.35496,10204.0,0.0
2018-02-02 00:00:00+00:00,10204.0,10224.408,9080.07346,9098.27,0.0
2018-02-03 00:00:00+00:00,9098.27,9116.466540000001,8835.02454,8852.73,0.0
2018-02-04 00:00:00+00:00,8852.73,9243.06924,8835.02454,9224.62,0.0
2018-02-05 00:00:00+00:00,9224.62,9243.06924,8185.655879999999,8202.06,0.0
2018-02-06 00:00:00+00:00,8202.06,8218.464119999999,6911.60908,6925.46,0.0
2018-02-07 00:00:00+00:00,6925.46,7727.79474,6911.60908,7712.37,0.0
2018-02-08 00:00:00+00:00,7712.37,7727.79474,7569.99966,7585.17,0.0
2018-02-09 00:00:00+00:00,7585.17,8261.57016,7569.99966,8245.08,0.0
2018-02-10 00:00:00+00:00,8245.08,8706.237720000001,8228.58984,8688.86,0.0
2018-02-11 00:00:00+00:00,8688.86,8706.237720000001,8543.878,8561.0,0.0
2018-02-12 00:00:00+00:00,8561.0,8578.122,8051.88396,8068.02,0.0
2018-02-13 00:00:00+00:00,8068.02,8913.51144,8051.88396,8895.72,0.0
2018-02-14 00:00:00+00:00,8895.72,8913.51144,8510.814260000001,8527.87,0.0
2018-02-15 00:00:00+00:00,8527.87,9490.583279999999,8510.814260000001,9471.64,0.0
2018-02-16 00:00:00+00:00,9471.64,10053.83754,9452.69672,10033.77,0.0
2018-02-17 00:00:00+00:00,10033.77,10198.91712,10013.70246,10178.56,0.0
2018-02-18 00:00:00+00:00,10178.56,11108.00166,10158.202879999999,11085.83,0.0
2018-02-19 00:00:00+00:00,11085.83,11108.00166,10371.675079999999,10392.46,0.0
2018-02-20 00:00:00+00:00,10392.46,11194.12356,10371.675079999999,11171.78,0.0
2018-02-21 00:00:00+00:00,11171.78,11268.471959999999,11149.436440000001,11245.98,0.0
2018-02-22 00:00:00+00:00,11245.98,11268.471959999999,10464.80844,10485.78,0.0
2018-02-23 00:00:00+00:00,10485.78,10506.75156,9831.078440000001,9850.78,0.0
2018-02-24 00:00:00+00:00,9850.78,10191.6426,9831.078440000001,10171.3,0.0
2018-02-25 00:00:00+00:00,10171.3,10191.6426,9680.36048,9699.76,0.0
2018-02-26 00:00:00+00:00,9699.76,9719.159520000001,9563.12542,9582.29,0.0
2018-02-27 00:00:00+00:00,9582.29,10340.098919999999,9563.12542,10319.46,0.0
2018-02-28 00:00:00+00:00,10319.46,10649.86722,10298.82108,10628.61,0.0
2018-03-01 00:00:00+00:00,10628.61,10649.86722,10311.475719999999,10332.14,0.0
2018-03-02 00:00:00+00:00,10332.14,10952.982240000001,10311.475719999999,10931.12,0.0
2018-03-03 00:00:00+00:00,10931.12,11062.611060000001,10909.25776,11040.53,0.0
2018-03-04 00:00:00+00:00,11040.53,11476.24668,11018.44894,11453.34,0.0
2018-03-05 00:00:00+00:00,11453.34,11539.863659999999,11430.43332,11516.83,0.0
2018-03-06 00:00:00+00:00,11516.83,11539.863659999999,11419.59504,11442.48,0.0
2018-03-07 00:00:00+00:00,11442.48,11465.364959999999,10706.234620000001,10727.69,0.0
2018-03-08 00:00:00+00:00,10727.69,10749.14538,9900.619079999999,9920.46,0.0
2018-03-09 00:00:00+00:00,9920.46,9940.30092,9305.851,9324.5,0.0
2018-03-10 00:00:00+00:00,9324.5,9343.149,9244.274399999998,9262.8,0.0
2018-03-11 00:00:00+00:00,9262.8,9281.3256,8759.815260000001,8777.37,0.0
2018-03-12 00:00:00+00:00,8777.37,9558.00786,8759.815260000001,9538.93,0.0
2018-03-13 00:00:00+00:00,9538.93,9558.00786,9111.74,9130.0,0.0
2018-03-14 00:00:00+00:00,9130.0,9171.847080000001,9111.74,9153.54,0.0
2018-03-15 00:00:00+00:00,9153.54,9171.847080000001,8198.560019999999,8214.99,0.0
2018-03-16 00:00:00+00:00,8214.99,8279.866680000001,8198.560019999999,8263.34,0.0
2018-03-17 00:00:00+00:00,8263.34,8314.485779999999,8246.81332,8297.89,0.0
2018-03-18 00:00:00+00:00,8297.89,8314.485779999999,7869.30984,7885.08,0.0
2018-03-19 00:00:00+00:00,7885.08,8230.88892,7869.30984,8214.46,0.0
2018-03-20 00:00:00+00:00,8214.46,8622.851279999999,8198.031079999999,8605.64,0.0
2018-03-21 00:00:00+00:00,8605.64,8927.769900000001,8588.42872,8909.95,0.0
2018-03-22 00:00:00+00:00,8909.95,8927.769900000001,8891.44148,8909.26,0.0
2018-03-23 00:00:00+00:00,8909.26,8927.078520000001,8707.91926,8725.37,0.0
2018-03-24 00:00:00+00:00,8725.37,8935.31496,8707.91926,8917.48,0.0
2018-03-25 00:00:00+00:00,8917.48,8935.31496,8516.69248,8533.76,0.0
2018-03-26 00:00:00+00:00,8533.76,8550.82752,8441.04408,8457.96,0.0
2018-03-27 00:00:00+00:00,8457.96,8474.875919999999,8130.207,8146.5,0.0
2018-03-28 00:00:00+00:00,8146.5,8162.793,7781.6555,7797.25,0.0
2018-03-29 00:00:00+00:00,7797.25,7966.511219999999,7781.6555,7950.61,0.0
2018-03-30 00:00:00+00:00,7950.61,7966.511219999999,7084.97166,7099.17,0.0
2018-03-31 00:00:00+00:00,7099.17,7113.36834,6840.48162,6854.19,0.0
2018-04-01 00:00:00+00:00,6854.19,6951.43512,6840.48162,6937.56,0.0
2018-04-02 00:00:00+00:00,6937.56,6951.43512,6813.8849199999995,6827.54,0.0
2018-04-03 00:00:00+00:00,6827.54,7079.42058,6813.8849199999995,7065.29,0.0
2018-04-04 00:00:00+00:00,7065.29,7441.33296,7051.15942,7426.48,0.0
2018-04-05 00:00:00+00:00,7426.48,7441.33296,6797.08858,6810.71,0.0
2018-04-06 00:00:00+00:00,6810.71,6824.33142,6773.086679999999,6786.66,0.0
2018-04-07 00:00:00+00:00,6786.66,6800.23332,6621.41064,6634.68,0.0
2018-04-08 00:00:00+00:00,6634.68,6923.94024,6621.41064,6910.12,0.0
2018-04-09 00:00:00+00:00,6910.12,7043.76942,6896.29976,7029.71,0.0
2018-04-10 00:00:00+00:00,7029.71,7043.76942,6770.841179999999,6784.41,0.0
2018-04-11 00:00:00+00:00,6784.41,6862.9986,6770.841179999999,6849.3,0.0
2018-04-12 00:00:00+00:00,6849.3,6969.2707199999995,6835.6014000000005,6955.36,0.0
2018-04-13 00:00:00+00:00,6955.36,7957.34292,6941.44928,7941.46,0.0
2018-04-14 00:00:00+00:00,7941.46,7957.34292,7879.4595,7895.25,0.0
2018-04-15 00:00:00+00:00,7895.25,8029.93782,7879.4595,8013.91,0.0
2018-04-16 00:00:00+00:00,8013.91,8384.8362,7997.88218,8368.1,0.0
2018-04-17 00:00:00+00:00,8368.1,8384.8362,8052.8919399999995,8069.03,0.0
2018-04-18 00:00:00+00:00,8069.03,8085.16806,7891.37562,7907.19,0.0
2018-04-19 00:00:00+00:00,7907.19,8192.31192,7891.37562,8175.96,0.0
2018-04-20 00:00:00+00:00,8175.96,8304.696240000001,8159.60808,8288.12,0.0
2018-04-21 00:00:00+00:00,8288.12,8894.26302,8271.54376,8876.51,0.0
2018-04-22 00:00:00+00:00,8876.51,8948.4612,8858.75698,8930.6,0.0
2018-04-23 00:00:00+00:00,8930.6,8948.4612,8795.13448,8812.76,0.0
2018-04-24 00:00:00+00:00,8812.76,8970.585360000001,8795.13448,8952.68,0.0
2018-04-25 00:00:00+00:00,8952.68,9677.426220000001,8934.77464,9658.11,0.0
2018-04-26 00:00:00+00:00,9658.11,9677.426220000001,8852.39972,8870.14,0.0
2018-04-27 00:00:00+00:00,8870.14,9313.25934,8852.39972,9294.67,0.0
2018-04-28 00:00:00+00:00,9294.67,9313.25934,8910.6929,8928.55,0.0
2018-04-29 00:00:00+00:00,8928.55,9368.10882,8910.6929,9349.41,0.0
2018-04-30 00:00:00+00:00,9349.41,9417.1968,9330.71118,9398.4,0.0
2018-05-01 00:00:00+00:00,9398.4,9417.1968,9221.070899999999,9239.55,0.0
2018-05-02 00:00:00+00:00,9239.55,9258.0291,9056.830039999999,9074.98,0.0
2018-05-03 00:00:00+00:00,9074.98,9239.20152,9056.830039999999,9220.76,0.0
2018-05-04 00:00:00+00:00,9220.76,9772.8567,9202.31848,9753.35,0.0
2018-05-05 00:00:00+00:00,9753.35,9772.8567,9676.737739999999,9696.13,0.0
2018-05-06 00:00:00+00:00,9696.13,9857.59584,9676.737739999999,9837.92,0.0
2018-05-07 00:00:00+00:00,9837.92,9857.59584,9612.17712,9631.44,0.0
2018-05-08 00:00:00+00:00,9631.44,9650.70288,9350.42168,9369.16,0.0
2018-05-09 00:00:00+00:00,9369.16,9387.89832,9168.31662,9186.69,0.0
2018-05-10 00:00:00+00:00,9186.69,9328.990740000001,9168.31662,9310.37,0.0
2018-05-11 00:00:00+00:00,9310.37,9328.990740000001,8997.84824,9015.88,0.0
2018-05-12 00:00:00+00:00,9015.88,9033.911759999999,8380.03634,8396.83,0.0
2018-05-13 00:00:00+00:00,8396.83,8480.447040000001,8380.03634,8463.52,0.0
2018-05-14 00:00:00+00:00,8463.52,8708.84292,8446.59296,8691.46,0.0
2018-05-15 00:00:00+00:00,8691.46,8708.84292,8654.16698,8671.51,0.0
2018-05-16 00:00:00+00:00,8671.51,8688.85302,8454.11788,8471.06,0.0
2018-05-17 00:00:00+00:00,8471.06,8488.00212,8326.58346,8343.27,0.0
2018-05-18 00:00:00+00:00,8343.27,8359.956540000001,8047.732279999999,8063.86,0.0
2018-05-19 00:00:00+00:00,8063.86,8255.55816,8047.732279999999,8239.08,0.0
2018-05-20 00:00:00+00:00,8239.08,8258.55414,8222.60184,8242.07,0.0
2018-05-21 00:00:00+00:00,8242.07,8537.63118,8225.58586,8520.59,0.0
2018-05-22 00:00:00+00:00,8520.59,8537.63118,8379.836739999999,8396.63,0.0
2018-05-23 00:00:00+00:00,8396.63,8413.42326,7971.40524,7987.38,0.0
2018-05-24 00:00:00+00:00,7987.38,8003.35476,7496.8861799999995,7511.91,0.0
2018-05-25 00:00:00+00:00,7511.91,7591.9335599999995,7496.8861799999995,7576.78,0.0
2018-05-26 00:00:00+00:00,7576.78,7591.9335599999995,7450.18976,7465.12,0.0
2018-05-27 00:00:00+00:00,7465.12,7480.05024,7320.04058,7334.71,0.0
2018-05-28 00:00:00+00:00,7334.71,7359.24912,7320.04058,7344.56,0.0
2018-05-29 00:00:00+00:00,7344.56,7359.24912,7091.84788,7106.06,0.0
2018-05-30 00:00:00+00:00,7106.06,7471.93404,7091.84788,7457.02,0.0
2018-05-31 00:00:00+00:00,7457.02,7471.93404,7371.94656,7386.72,0.0
2018-06-01 00:00:00+00:00,7386.72,7504.63932,7371.94656,7489.66,0.0
2018-06-02 00:00:00+00:00,7489.66,7533.70734,7474.6806799999995,7518.67,0.0
2018-06-03 00:00:00+00:00,7518.67,7652.41428,7503.63266,7637.14,0.0
2018-06-04 00:00:00+00:00,7637.14,7729.277700000001,7621.865720000001,7713.85,0.0
2018-06-05 00:00:00+00:00,7713.85,7729.277700000001,7480.479060000001,7495.47,0.0
2018-06-06 00:00:00+00:00,7495.47,7634.668860000001,7480.479060000001,7619.43,0.0
2018-06-07 00:00:00+00:00,7619.43,7669.26792,7604.19114,7653.96,0.0
2018-06-08 00:00:00+00:00,7653.96,7702.74474,7638.65208,7687.37,0.0
2018-06-09 00:00:00+00:00,7687.37,7702.74474,7600.30892,7615.54,0.0
2018-06-10 00:00:00+00:00,7615.54,7630.7710799999995,7482.1058,7497.1,0.0
2018-06-11 00:00:00+00:00,7497.1,7512.0942000000005,6748.5758000000005,6762.1,0.0
2018-06-12 00:00:00+00:00,6762.1,6893.06862,6748.5758000000005,6879.31,0.0
2018-06-13 00:00:00+00:00,6879.31,6893.06862,6539.894,6553.0,0.0
2018-06-14 00:00:00+00:00,6553.0,6566.106,6287.29022,6299.89,0.0
2018-06-15 00:00:00+00:00,6299.89,6650.6848199999995,6287.29022,6637.41,0.0
2018-06-16 00:00:00+00:00,6637.41,6650.6848199999995,6378.37768,6391.16,0.0
2018-06-17 00:00:00+00:00,6391.16,6501.65736,6378.37768,6488.68,0.0
2018-06-18 00:00:00+00:00,6488.68,6501.65736,6432.8984199999995,6445.79,0.0
2018-06-19 00:00:00+00:00,6445.79,6725.925,6432.8984199999995,6712.5,0.0
2018-06-20 00:00:00+00:00,6712.5,6756.89682,6699.075,6743.41,0.0
2018-06-21 00:00:00+00:00,6743.41,6774.35166,6729.92318,6760.83,0.0
2018-06-22 00:00:00+00:00,6760.83,6774.35166,6706.35042,6719.79,0.0
2018-06-23 00:00:00+00:00,6719.79,6733.22958,6047.1814,6059.3,0.0
2018-06-24 00:00:00+00:00,6059.3,6182.80092,6047.1814,6170.46,0.0
2018-06-25 00:00:00+00:00,6170.46,6182.80092,6144.72592,6157.04,0.0
2018-06-26 00:00:00+00:00,6157.04,6262.11924,6144.72592,6249.62,0.0
2018-06-27 00:00:00+00:00,6249.62,6262.11924,6085.26508,6097.46,0.0
2018-06-28 00:00:00+00:00,6097.46,6156.25794,6085.26508,6143.97,0.0
2018-06-29 00:00:00+00:00,6143.97,6156.25794,5866.383720000001,5878.14,0.0
2018-06-30 00:00:00+00:00,5878.14,6235.72656,5866.383720000001,6223.28,0.0
2018-07-01 00:00:00+00:00,6223.28,6421.72782,6210.833439999999,6408.91,0.0
2018-07-02 00:00:00+00:00,6408.91,6421.72782,6352.92868,6365.66,0.0
2018-07-03 00:00:00+00:00,6365.66,6639.69288,6352.92868,6626.44,0.0
2018-07-04 00:00:00+00:00,6626.44,6639.69288,6505.93206,6518.97,0.0
2018-07-05 00:00:00+00:00,6518.97,6615.52464,6505.93206,6602.32,0.0
2018-07-06 00:00:00+00:00,6602.32,6615.52464,6542.39898,6555.51,0.0
2018-07-07 00:00:00+00:00,6555.51,6641.84718,6542.39898,6628.59,0.0
2018-07-08 00:00:00+00:00,6628.59,6791.9367600000005,6615.3328200000005,6778.38,0.0
2018-07-09 00:00:00+00:00,6778.38,6791.9367600000005,6710.59192,6724.04,0.0
2018-07-10 00:00:00+00:00,6724.04,6737.48808,6669.3146400000005,6682.68,0.0
2018-07-11 00:00:00+00:00,6682.68,6696.04536,6316.61146,6329.27,0.0
2018-07-12 00:00:00+00:00,6329.27,6415.98636,6316.61146,6403.18,0.0
2018-07-13 00:00:00+00:00,6403.18,6415.98636,6226.99106,6239.47,0.0
2018-07-14 00:00:00+00:00,6239.47,6251.94894,6207.6598,6220.1,0.0
2018-07-15 00:00:00+00:00,6220.1,6261.337680000001,6207.6598,6248.84,0.0
2018-07-16 00:00:00+00:00,6248.84,6360.78618,6236.34232,6348.09,0.0
2018-07-17 00:00:00+00:00,6348.09,6746.27562,6335.39382,6732.81,0.0
2018-07-18 00:00:00+00:00,6732.81,7336.26324,6719.3443800000005,7321.62,0.0
2018-07-19 00:00:00+00:00,7321.62,7385.85222,7306.97676,7371.11,0.0
2018-07-20 00:00:00+00:00,7371.11,7488.8478,7356.36778,7473.9,0.0
2018-07-21 00:00:00+00:00,7473.9,7488.8478,7320.32002,7334.99,0.0
2018-07-22 00:00:00+00:00,7334.99,7423.80798,7320.32002,7408.99,0.0
2018-07-23 00:00:00+00:00,7408.99,7423.80798,7391.84668,7406.66,0.0
2018-07-24 00:00:00+00:00,7406.66,7730.5302,7391.84668,7715.1,0.0
2018-07-25 00:00:00+00:00,7715.1,8434.94622,7699.669800000001,8418.11,0.0
2018-07-26 00:00:00+00:00,8418.11,8434.94622,8155.306699999999,8171.65,0.0
2018-07-27 00:00:00+00:00,8171.65,8187.9933,7923.930380000001,7939.81,0.0
2018-07-28 00:00:00+00:00,7939.81,8194.68666,7923.930380000001,8178.33,0.0
2018-07-29 00:00:00+00:00,8178.33,8236.359840000001,8161.97334,8219.92,0.0
2018-07-30 00:00:00+00:00,8219.92,8237.35182,8203.48016,8220.91,0.0
2018-07-31 00:00:00+00:00,8220.91,8237.35182,8155.147019999999,8171.49,0.0
2018-08-01 00:00:00+00:00,8171.49,8187.83298,7719.80944,7735.28,0.0
2018-08-02 00:00:00+00:00,7735.28,7750.7505599999995,7592.4846,7607.7,0.0
2018-08-03 00:00:00+00:00,7607.7,7622.9154,7520.80824,7535.88,0.0
2018-08-04 00:00:00+00:00,7535.88,7550.95176,7399.940460000001,7414.77,0.0
2018-08-05 00:00:00+00:00,7414.77,7429.59954,6997.257439999999,7011.28,0.0
2018-08-06 00:00:00+00:00,7011.28,7046.3646,6997.257439999999,7032.3,0.0
2018-08-07 00:00:00+00:00,7032.3,7046.3646,6923.35554,6937.23,0.0
2018-08-08 00:00:00+00:00,6937.23,6951.10446,6704.79354,6718.23,0.0
2018-08-09 00:00:00+00:00,6718.23,6731.6664599999995,6265.03482,6277.59,0.0
2018-08-10 00:00:00+00:00,6277.59,6545.42472,6265.03482,6532.36,0.0
2018-08-11 00:00:00+00:00,6532.36,6545.42472,6126.68208,6138.96,0.0
2018-08-12 00:00:00+00:00,6138.96,6240.305700000001,6126.68208,6227.85,0.0
2018-08-13 00:00:00+00:00,6227.85,6326.04684,6215.3943,6313.42,0.0
2018-08-14 00:00:00+00:00,6313.42,6326.04684,6239.62574,6252.13,0.0
2018-08-15 00:00:00+00:00,6252.13,6264.63426,6177.59006,6189.97,0.0
2018-08-16 00:00:00+00:00,6189.97,6283.21134,6177.59006,6270.67,0.0
2018-08-17 00:00:00+00:00,6270.67,6325.3755,6258.12866,6312.75,0.0
2018-08-18 00:00:00+00:00,6312.75,6590.89548,6300.1245,6577.74,0.0
2018-08-19 00:00:00+00:00,6577.74,6590.89548,6381.39164,6394.18,0.0
2018-08-20 00:00:00+00:00,6394.18,6499.55316,6381.39164,6486.58,0.0
2018-08-21 00:00:00+00:00,6486.58,6499.55316,6250.1147200000005,6262.64,0.0
2018-08-22 00:00:00+00:00,6262.64,6485.35482,6250.1147200000005,6472.41,0.0
2018-08-23 00:00:00+00:00,6472.41,6485.35482,6341.86086,6354.57,0.0
2018-08-24 00:00:00+00:00,6354.57,6539.01192,6341.86086,6525.96,0.0
2018-08-25 00:00:00+00:00,6525.96,6704.77278,6512.90808,6691.39,0.0
2018-08-26 00:00:00+00:00,6691.39,6751.74654,6678.00722,6738.27,0.0
2018-08-27 00:00:00+00:00,6738.27,6751.74654,6694.54408,6707.96,0.0
2018-08-28 00:00:00+00:00,6707.96,6915.06252,6694.54408,6901.26,0.0
2018-08-29 00:00:00+00:00,6901.26,7092.34638,6887.45748,7078.19,0.0
2018-08-30 00:00:00+00:00,7078.19,7092.34638,7018.06574,7032.13,0.0
2018-08-31 00:00:00+00:00,7032.13,7046.19426,6972.56692,6986.54,0.0
2018-09-01 00:00:00+00:00,6986.54,7032.8175599999995,6972.56692,7018.78,0.0
2018-09-02 00:00:00+00:00,7018.78,7211.824860000001,7004.74244,7197.43,0.0
2018-09-03 00:00:00+00:00,7197.43,7306.42368,7183.03514,7291.84,0.0
2018-09-04 00:00:00+00:00,7291.84,7306.42368,7250.54984,7265.08,0.0
2018-09-05 00:00:00+00:00,7265.08,7373.90838,7250.54984,7359.19,0.0
2018-09-06 00:00:00+00:00,7359.19,7373.90838,6681.92936,6695.32,0.0
2018-09-07 00:00:00+00:00,6695.32,6708.710639999999,6488.18762,6501.19,0.0
2018-09-08 00:00:00+00:00,6501.19,6514.1923799999995,6387.050300000001,6399.85,0.0
2018-09-09 00:00:00+00:00,6399.85,6412.6497,6171.69188,6184.06,0.0
2018-09-10 00:00:00+00:00,6184.06,6253.46196,6171.69188,6240.98,0.0
2018-09-11 00:00:00+00:00,6240.98,6319.20318,6228.4980399999995,6306.59,0.0
2018-09-12 00:00:00+00:00,6306.59,6319.20318,6270.97292,6283.54,0.0
2018-09-13 00:00:00+00:00,6283.54,6338.69208,6270.97292,6326.04,0.0
2018-09-14 00:00:00+00:00,6326.04,6492.559200000001,6313.38792,6479.6,0.0
2018-09-15 00:00:00+00:00,6479.6,6500.09424,6466.6408,6487.12,0.0
2018-09-16 00:00:00+00:00,6487.12,6535.4347800000005,6474.145759999999,6522.39,0.0
2018-09-17 00:00:00+00:00,6522.39,6535.4347800000005,6484.37526,6497.37,0.0
2018-09-18 00:00:00+00:00,6497.37,6510.36474,6241.4820199999995,6253.99,0.0
2018-09-19 00:00:00+00:00,6253.99,6355.07478,6241.4820199999995,6342.39,0.0
2018-09-20 00:00:00+00:00,6342.39,6402.0786,6329.705220000001,6389.3,0.0
2018-09-21 00:00:00+00:00,6389.3,6509.0120400000005,6376.5214000000005,6496.02,0.0
2018-09-22 00:00:00+00:00,6496.02,6769.63224,6483.02796,6756.12,0.0
2018-09-23 00:00:00+00:00,6756.12,6769.63224,6705.2626,6718.7,0.0
2018-09-24 00:00:00+00:00,6718.7,6732.1374,6692.24868,6705.66,0.0
2018-09-25 00:00:00+00:00,6705.66,6719.07132,6570.2831,6583.45,0.0
2018-09-26 00:00:00+00:00,6583.45,6596.6169,6419.84458,6432.71,0.0
2018-09-27 00:00:00+00:00,6432.71,6472.2687000000005,6419.84458,6459.35,0.0
2018-09-28 00:00:00+00:00,6459.35,6699.45216,6446.4313,6686.08,0.0
2018-09-29 00:00:00+00:00,6686.08,6699.45216,6615.40268,6628.66,0.0
2018-09-30 00:00:00+00:00,6628.66,6641.91732,6579.454720000001,6592.64,0.0
2018-10-01 00:00:00+00:00,6592.64,6624.24204,6579.454720000001,6611.02,0.0
2018-10-02 00:00:00+00:00,6611.02,6624.24204,6573.40684,6586.58,0.0
2018-10-03 00:00:00+00:00,6586.58,6599.75316,6508.26738,6521.31,0.0
2018-10-04 00:00:00+00:00,6521.31,6534.352620000001,6470.76254,6483.73,0.0
2018-10-05 00:00:00+00:00,6483.73,6581.27628,6470.76254,6568.14,0.0
2018-10-06 00:00:00+00:00,6568.14,6633.87126,6555.003720000001,6620.63,0.0
2018-10-07 00:00:00+00:00,6620.63,6633.87126,6560.47276,6573.62,0.0
2018-10-08 00:00:00+00:00,6573.62,6602.10786,6560.47276,6588.93,0.0
2018-10-09 00:00:00+00:00,6588.93,6654.61266,6575.7521400000005,6641.33,0.0
2018-10-10 00:00:00+00:00,6641.33,6654.61266,6613.5963,6626.85,0.0
2018-10-11 00:00:00+00:00,6626.85,6640.103700000001,6567.907859999999,6581.07,0.0
2018-10-12 00:00:00+00:00,6581.07,6594.23214,6195.37442,6207.79,0.0
2018-10-13 00:00:00+00:00,6207.79,6259.494,6195.37442,6247.0,0.0
2018-10-14 00:00:00+00:00,6247.0,6278.431799999999,6234.506,6265.9,0.0
2018-10-15 00:00:00+00:00,6265.9,6278.431799999999,6252.62968,6265.16,0.0
2018-10-16 00:00:00+00:00,6265.16,6612.36834,6252.62968,6599.17,0.0
2018-10-17 00:00:00+00:00,6599.17,6629.6829,6585.97166,6616.45,0.0
2018-10-18 00:00:00+00:00,6616.45,6629.6829,6582.31898,6595.51,0.0
2018-10-19 00:00:00+00:00,6595.51,6608.70102,6496.5907799999995,6509.61,0.0
2018-10-20 00:00:00+00:00,6509.61,6522.62922,6450.65284,6463.58,0.0
2018-10-21 00:00:00+00:00,6463.58,6517.92984,6450.65284,6504.92,0.0
2018-10-22 00:00:00+00:00,6504.92,6517.92984,6491.770439999999,6504.78,0.0
2018-10-23 00:00:00+00:00,6504.78,6517.78956,6480.90222,6493.89,0.0
2018-10-24 00:00:00+00:00,6493.89,6506.877780000001,6463.8963,6476.85,0.0
2018-10-25 00:00:00+00:00,6476.85,6502.749540000001,6463.8963,6489.77,0.0
2018-10-26 00:00:00+00:00,6489.77,6502.749540000001,6453.35742,6466.29,0.0
2018-10-27 00:00:00+00:00,6466.29,6485.11434,6453.35742,6472.17,0.0
2018-10-28 00:00:00+00:00,6472.17,6485.11434,6444.29558,6457.21,0.0
2018-10-29 00:00:00+00:00,6457.21,6470.12442,6436.47126,6449.37,0.0
2018-10-30 00:00:00+00:00,6449.37,6462.2687399999995,6294.89498,6307.51,0.0
2018-10-31 00:00:00+00:00,6307.51,6320.12502,6289.00678,6301.61,0.0
2018-11-01 00:00:00+00:00,6301.61,6351.45756,6289.00678,6338.78,0.0
2018-11-02 00:00:00+00:00,6338.78,6385.82616,6326.10244,6373.08,0.0
2018-11-03 00:00:00+00:00,6373.08,6403.20084,6360.33384,6390.42,0.0
2018-11-04 00:00:00+00:00,6390.42,6403.20084,6348.5774,6361.3,0.0
2018-11-05 00:00:00+00:00,6361.3,6466.908,6348.5774,6454.0,0.0
2018-11-06 00:00:00+00:00,6454.0,6466.908,6424.884480000001,6437.76,0.0
2018-11-07 00:00:00+00:00,6437.76,6490.79568,6424.884480000001,6477.84,0.0
2018-11-08 00:00:00+00:00,6477.84,6549.90366,6464.88432,6536.83,0.0
2018-11-09 00:00:00+00:00,6536.83,6549.90366,6432.08006,6444.97,0.0
2018-11-10 00:00:00+00:00,6444.97,6457.85994,6364.6452,6377.4,0.0
2018-11-11 00:00:00+00:00,6377.4,6401.23692,6364.6452,6388.46,0.0
2018-11-12 00:00:00+00:00,6388.46,6421.34706,6375.68308,6408.53,0.0
2018-11-13 00:00:00+00:00,6408.53,6421.34706,6371.9805,6384.75,0.0
2018-11-14 00:00:00+00:00,6384.75,6397.5195,6345.5335,6358.25,0.0
2018-11-15 00:00:00+00:00,6358.25,6370.9665,5745.2564600000005,5756.77,0.0
2018-11-16 00:00:00+00:00,5756.77,5768.28354,5647.412539999999,5658.73,0.0
2018-11-17 00:00:00+00:00,5658.73,5670.04746,5581.39484,5592.58,0.0
2018-11-18 00:00:00+00:00,5592.58,5603.76516,5561.29512,5572.44,0.0
2018-11-19 00:00:00+00:00,5572.44,5627.52258,5561.29512,5616.29,0.0
2018-11-20 00:00:00+00:00,5616.29,5627.52258,4839.08244,4848.78,0.0
2018-11-21 00:00:00+00:00,4848.78,4858.477559999999,4482.99604,4491.98,0.0
2018-11-22 00:00:00+00:00,4491.98,4625.672879999999,4482.99604,4616.44,0.0
2018-11-23 00:00:00+00:00,4616.44,4625.672879999999,4303.685380000001,4312.31,0.0
2018-11-24 00:00:00+00:00,4312.31,4361.68596,4303.685380000001,4352.98,0.0
2018-11-25 00:00:00+00:00,4352.98,4361.68596,3854.28598,3862.01,0.0
2018-11-26 00:00:00+00:00,3862.01,4018.74144,3854.28598,4010.72,0.0
2018-11-27 00:00:00+00:00,4010.72,4018.74144,3785.7633,3793.35,0.0
2018-11-28 00:00:00+00:00,3793.35,3836.1068999999998,3785.7633,3828.45,0.0
2018-11-29 00:00:00+00:00,3828.45,4265.0631,3820.7931,4256.55,0.0
2018-11-30 00:00:00+00:00,4256.55,4287.32754,4248.0369,4278.77,0.0
2018-12-01 00:00:00+00:00,4278.77,4287.32754,4005.49296,4013.52,0.0
2018-12-02 00:00:00+00:00,4013.52,4196.46618,4005.49296,4188.09,0.0
2018-12-03 00:00:00+00:00,4188.09,4196.46618,4132.3188,4140.6,0.0
2018-12-04 00:00:00+00:00,4140.6,4148.881200000001,3886.42158,3894.21,0.0
2018-12-05 00:00:00+00:00,3894.21,3964.85388,3886.42158,3956.94,0.0
2018-12-06 00:00:00+00:00,3956.94,3964.85388,3737.49004,3744.98,0.0
2018-12-07 00:00:00+00:00,3744.98,3752.46996,3477.97012,3484.94,0.0
2018-12-08 00:00:00+00:00,3484.94,3491.90988,3418.83862,3425.69,0.0
2018-12-09 00:00:00+00:00,3425.69,3460.5673199999997,3418.83862,3453.66,0.0
2018-12-10 00:00:00+00:00,3453.66,3595.61688,3446.75268,3588.44,0.0
2018-12-11 00:00:00+00:00,3588.44,3595.61688,3466.03404,3472.98,0.0
2018-12-12 00:00:00+00:00,3472.98,3479.92596,3400.4654400000004,3407.28,0.0
2018-12-13 00:00:00+00:00,3407.28,3494.70546,3400.4654400000004,3487.73,0.0
2018-12-14 00:00:00+00:00,3487.73,3494.70546,3301.4937800000002,3308.11,0.0
2018-12-15 00:00:00+00:00,3308.11,3314.72622,3235.93516,3242.42,0.0
2018-12-16 00:00:00+00:00,3242.42,3248.90484,3225.44618,3231.91,0.0
2018-12-17 00:00:00+00:00,3231.91,3253.13328,3225.44618,3246.64,0.0
2018-12-18 00:00:00+00:00,3246.64,3563.65308,3240.1467199999997,3556.54,0.0
2018-12-19 00:00:00+00:00,3556.54,3721.51818,3549.42692,3714.09,0.0
2018-12-20 00:00:00+00:00,3714.09,3742.0191,3706.6618200000003,3734.55,0.0
2018-12-21 00:00:00+00:00,3734.55,4143.4603799999995,3727.0809000000004,4135.19,0.0
2018-12-22 00:00:00+00:00,4135.19,4143.4603799999995,3892.03034,3899.83,0.0
2018-12-23 00:00:00+00:00,3899.83,4039.9137,3892.03034,4031.85,0.0
2018-12-24 00:00:00+00:00,4031.85,4039.9137,3987.1796600000002,3995.17,0.0
2018-12-25 00:00:00+00:00,3995.17,4083.3003,3987.1796600000002,4075.15,0.0
2018-12-26 00:00:00+00:00,4075.15,4083.3003,3813.87696,3821.52,0.0
2018-12-27 00:00:00+00:00,3821.52,3855.9064200000003,3813.87696,3848.21,0.0
2018-12-28 00:00:00+00:00,3848.21,3855.9064200000003,3631.6222000000002,3638.9,0.0
2018-12-29 00:00:00+00:00,3638.9,3931.03638,3631.6222000000002,3923.19,0.0
2018-12-30 00:00:00+00:00,3923.19,3931.03638,3762.81928,3770.36,0.0
2018-12-31 00:00:00+00:00,3770.36,3872.9905200000003,3762.81928,3865.26,0.0
2019-01-01 00:00:00+00:00,3865.26,3872.9905200000003,3730.4341799999997,3737.91,0.0
2019-01-02 00:00:00+00:00,3737.91,3863.5917600000002,3730.4341799999997,3855.88,0.0
2019-01-03 00:00:00+00:00,3855.88,3939.17262,3848.16824,3931.31,0.0
2019-01-04 00:00:00+00:00,3931.31,3939.17262,3815.22426,3822.87,0.0
2019-01-05 00:00:00+00:00,3822.87,3864.33324,3815.22426,3856.62,0.0
2019-01-06 00:00:00+00:00,3856.62,3864.33324,3824.27612,3831.94,0.0
2019-01-07 00:00:00+00:00,3831.94,4079.91354,3824.27612,4071.77,0.0
2019-01-08 00:00:00+00:00,4071.77,4079.91354,4024.1855,4032.25,0.0
2019-01-09 00:00:00+00:00,4032.25,4040.3145,4012.9280599999997,4020.97,0.0
2019-01-10 00:00:00+00:00,4020.97,4029.01194,4008.88616,4016.92,0.0
2019-01-11 00:00:00+00:00,4016.92,4024.95384,3638.9575,3646.25,0.0
2019-01-12 00:00:00+00:00,3646.25,3664.2138,3638.9575,3656.9,0.0
2019-01-13 00:00:00+00:00,3656.9,3664.2138,3630.03538,3637.31,0.0
2019-01-14 00:00:00+00:00,3637.31,3644.58462,3524.89608,3531.96,0.0
2019-01-15 00:00:00+00:00,3531.96,3689.84496,3524.89608,3682.48,0.0
2019-01-16 00:00:00+00:00,3682.48,3689.84496,3592.95968,3600.16,0.0
2019-01-17 00:00:00+00:00,3600.16,3628.6728599999997,3592.95968,3621.43,0.0
2019-01-18 00:00:00+00:00,3621.43,3665.72682,3614.18714,3658.41,0.0
2019-01-19 00:00:00+00:00,3658.41,3665.72682,3618.47854,3625.73,0.0
2019-01-20 00:00:00+00:00,3625.73,3711.38796,3618.47854,3703.98,0.0
2019-01-21 00:00:00+00:00,3703.98,3711.38796,3541.88204,3548.98,0.0
2019-01-22 00:00:00+00:00,3548.98,3556.07796,3532.93996,3540.02,0.0
2019-01-23 00:00:00+00:00,3540.02,3594.5247,3532.93996,3587.35,0.0
2019-01-24 00:00:00+00:00,3587.35,3594.5247,3559.2672000000002,3566.4,0.0
2019-01-25 00:00:00+00:00,3566.4,3593.4225,3559.2672000000002,3586.25,0.0
2019-01-26 00:00:00+00:00,3586.25,3593.4225,3570.63442,3577.79,0.0
2019-01-27 00:00:00+00:00,3577.79,3584.94558,3569.1474000000003,3576.3,0.0
2019-01-28 00:00:00+00:00,3576.3,3583.4526,3547.391,3554.5,0.0
2019-01-29 00:00:00+00:00,3554.5,3561.609,3441.68284,3448.58,0.0
2019-01-30 00:00:00+00:00,3448.58,3455.47716,3414.7568,3421.6,0.0
2019-01-31 00:00:00+00:00,3421.6,3476.94,3414.7568,3470.0,0.0
2019-02-01 00:00:00+00:00,3470.0,3476.94,3437.92038,3444.81,0.0
2019-02-02 00:00:00+00:00,3444.81,3482.28066,3437.92038,3475.33,0.0
2019-02-03 00:00:00+00:00,3475.33,3513.2324399999998,3468.37934,3506.22,0.0
2019-02-04 00:00:00+00:00,3506.22,3513.2324399999998,3449.10796,3456.02,0.0
2019-02-05 00:00:00+00:00,3456.02,3462.93204,3445.4453,3452.35,0.0
2019-02-06 00:00:00+00:00,3452.35,3474.27468,3445.4453,3467.34,0.0
2019-02-07 00:00:00+00:00,3467.34,3474.27468,3398.8885999999998,3405.7,0.0
2019-02-08 00:00:00+00:00,3405.7,3412.5114,3387.9704800000004,3394.76,0.0
2019-02-09 00:00:00+00:00,3394.76,3668.40216,3387.9704800000004,3661.08,0.0
2019-02-10 00:00:00+00:00,3661.08,3671.70876,3653.7578399999998,3664.38,0.0
2019-02-11 00:00:00+00:00,3664.38,3693.66258,3657.0512400000002,3686.29,0.0
2019-02-12 00:00:00+00:00,3686.29,3693.66258,3622.2110599999996,3629.47,0.0
2019-02-13 00:00:00+00:00,3629.47,3639.68484,3622.2110599999996,3632.42,0.0
2019-02-14 00:00:00+00:00,3632.42,3639.68484,3607.271,3614.5,0.0
2019-02-15 00:00:00+00:00,3614.5,3621.729,3593.10938,3600.31,0.0
2019-02-16 00:00:00+00:00,3600.31,3615.4163999999996,3593.10938,3608.2,0.0
2019-02-17 00:00:00+00:00,3608.2,3626.7891,3600.9836,3619.55,0.0
2019-02-18 00:00:00+00:00,3619.55,3678.08148,3612.3109000000004,3670.74,0.0
2019-02-19 00:00:00+00:00,3670.74,3918.6216000000004,3663.3985199999997,3910.8,0.0
2019-02-20 00:00:00+00:00,3910.8,3934.38306,3902.9784,3926.53,0.0
2019-02-21 00:00:00+00:00,3926.53,3995.15436,3918.6769400000003,3987.18,0.0
2019-02-22 00:00:00+00:00,3987.18,3995.15436,3936.99024,3944.88,0.0
2019-02-23 00:00:00+00:00,3944.88,3991.44696,3936.99024,3983.48,0.0
2019-02-24 00:00:00+00:00,3983.48,4147.8792,3975.51304,4139.6,0.0
2019-02-25 00:00:00+00:00,4139.6,4147.8792,3759.3562199999997,3766.89,0.0
2019-02-26 00:00:00+00:00,3766.89,3856.02666,3759.3562199999997,3848.33,0.0
2019-02-27 00:00:00+00:00,3848.33,3856.02666,3823.7871,3831.45,0.0
2019-02-28 00:00:00+00:00,3831.45,3840.89646,3823.7871,3833.23,0.0
2019-03-01 00:00:00+00:00,3833.23,3857.78016,3825.56354,3850.08,0.0
2019-03-02 00:00:00+00:00,3850.08,3857.78016,3826.9507599999997,3834.62,0.0
2019-03-03 00:00:00+00:00,3834.62,3842.28924,3823.77712,3831.44,0.0
2019-03-04 00:00:00+00:00,3831.44,3839.10288,3806.95084,3814.58,0.0
2019-03-05 00:00:00+00:00,3814.58,3822.20916,3723.51804,3730.98,0.0
2019-03-06 00:00:00+00:00,3730.98,3879.9945,3723.51804,3872.25,0.0
2019-03-07 00:00:00+00:00,3872.25,3884.6037,3864.5055,3876.85,0.0
2019-03-08 00:00:00+00:00,3876.85,3894.59364,3869.0962999999997,3886.82,0.0
2019-03-09 00:00:00+00:00,3886.82,3894.59364,3868.20808,3875.96,0.0
2019-03-10 00:00:00+00:00,3875.96,3958.46112,3868.20808,3950.56,0.0
2019-03-11 00:00:00+00:00,3950.56,3958.46112,3920.3136600000003,3928.17,0.0
2019-03-12 00:00:00+00:00,3928.17,3936.02634,3873.32782,3881.09,0.0
2019-03-13 00:00:00+00:00,3881.09,3900.29502,3873.32782,3892.51,0.0
2019-03-14 00:00:00+00:00,3892.51,3900.29502,3870.01446,3877.77,0.0
2019-03-15 00:00:00+00:00,3877.77,3892.98042,3870.01446,3885.21,0.0
2019-03-16 00:00:00+00:00,3885.21,3944.373,3877.43958,3936.5,0.0
2019-03-17 00:00:00+00:00,3936.5,4023.9818999999998,3928.627,4015.95,0.0
2019-03-18 00:00:00+00:00,4015.95,4023.9818999999998,3986.93016,3994.92,0.0
2019-03-19 00:00:00+00:00,3994.92,4006.76754,3986.93016,3998.77,0.0
2019-03-20 00:00:00+00:00,3998.77,4037.16822,3990.77246,4029.11,0.0
2019-03-21 00:00:00+00:00,4029.11,4064.5128,4021.0517800000002,4056.4,0.0
2019-03-22 00:00:00+00:00,4056.4,4064.5128,3984.35532,3992.34,0.0
2019-03-23 00:00:00+00:00,3992.34,4007.05812,3984.35532,3999.06,0.0
2019-03-24 00:00:00+00:00,3999.06,4019.94384,3991.0618799999997,4011.92,0.0
2019-03-25 00:00:00+00:00,4011.92,4019.94384,3986.12178,3994.11,0.0
2019-03-26 00:00:00+00:00,3994.11,4002.0982200000003,3928.01822,3935.89,0.0
2019-03-27 00:00:00+00:00,3935.89,3955.63548,3928.01822,3947.74,0.0
2019-03-28 00:00:00+00:00,3947.74,4056.6070200000004,3939.8445199999996,4048.51,0.0
2019-03-29 00:00:00+00:00,4048.51,4056.6070200000004,4029.29526,4037.37,0.0
2019-03-30 00:00:00+00:00,4037.37,4123.7811,4029.29526,4115.55,0.0
2019-03-31 00:00:00+00:00,4115.55,4123.7811,4106.21112,4114.44,0.0
2019-04-01 00:00:00+00:00,4114.44,4122.668879999999,4105.93168,4114.16,0.0
2019-04-02 00:00:00+00:00,4114.16,4160.835059999999,4105.93168,4152.53,0.0
2019-04-03 00:00:00+00:00,4152.53,4892.64576,4144.22494,4882.88,0.0
2019-04-04 00:00:00+00:00,4882.88,4969.72962,4873.11424,4959.81,0.0
2019-04-05 00:00:00+00:00,4959.81,4969.72962,4901.41752,4911.24,0.0
2019-04-06 00:00:00+00:00,4911.24,5038.82754,4901.41752,5028.77,0.0
2019-04-07 00:00:00+00:00,5028.77,5063.62704,5018.712460000001,5053.52,0.0
2019-04-08 00:00:00+00:00,5053.52,5199.76878,5043.412960000001,5189.39,0.0
2019-04-09 00:00:00+00:00,5189.39,5279.24742,5179.01122,5268.71,0.0
2019-04-10 00:00:00+00:00,5268.71,5279.24742,5165.45838,5175.81,0.0
2019-04-11 00:00:00+00:00,5175.81,5320.80036,5165.45838,5310.18,0.0
2019-04-12 00:00:00+00:00,5310.18,5320.80036,5024.949960000001,5035.02,0.0
2019-04-13 00:00:00+00:00,5035.02,5082.9957,5024.949960000001,5072.85,0.0
2019-04-14 00:00:00+00:00,5072.85,5082.9957,5054.49076,5064.62,0.0
2019-04-15 00:00:00+00:00,5064.62,5162.81502,5054.49076,5152.51,0.0
2019-04-16 00:00:00+00:00,5152.51,5162.81502,5026.10764,5036.18,0.0
2019-04-17 00:00:00+00:00,5036.18,5207.043299999999,5026.10764,5196.65,0.0
2019-04-18 00:00:00+00:00,5196.65,5230.81074,5186.2567,5220.37,0.0
2019-04-19 00:00:00+00:00,5220.37,5286.862620000001,5209.92926,5276.31,0.0
2019-04-20 00:00:00+00:00,5276.31,5287.59408,5265.75738,5277.04,0.0
2019-04-21 00:00:00+00:00,5277.04,5319.89856,5266.48592,5309.28,0.0
2019-04-22 00:00:00+00:00,5309.28,5319.89856,5271.26634,5281.83,0.0
2019-04-23 00:00:00+00:00,5281.83,5387.94438,5271.26634,5377.19,0.0
2019-04-24 00:00:00+00:00,5377.19,5529.19632,5366.435619999999,5518.16,0.0
2019-04-25 00:00:00+00:00,5518.16,5529.19632,5423.32162,5434.19,0.0
2019-04-26 00:00:00+00:00,5434.19,5445.0583799999995,5185.218779999999,5195.61,0.0
2019-04-27 00:00:00+00:00,5195.61,5303.41566,5185.218779999999,5292.83,0.0
2019-04-28 00:00:00+00:00,5292.83,5303.41566,5269.62962,5280.19,0.0
2019-04-29 00:00:00+00:00,5280.19,5311.89258,5269.62962,5301.29,0.0
2019-04-30 00:00:00+00:00,5301.29,5311.89258,5250.128699999999,5260.65,0.0
2019-05-01 00:00:00+00:00,5260.65,5280.32958,5250.128699999999,5269.79,0.0
2019-05-02 00:00:00+00:00,5269.79,5337.32334,5259.25042,5326.67,0.0
2019-05-03 00:00:00+00:00,5326.67,5400.94032,5316.01666,5390.16,0.0
2019-05-04 00:00:00+00:00,5390.16,5668.45428,5379.37968,5657.14,0.0
2019-05-05 00:00:00+00:00,5657.14,5782.62216,5645.825720000001,5771.08,0.0
2019-05-06 00:00:00+00:00,5771.08,5782.62216,5706.22468,5717.66,0.0
2019-05-07 00:00:00+00:00,5717.66,5729.095319999999,5673.10106,5684.47,0.0
2019-05-08 00:00:00+00:00,5684.47,5767.2314400000005,5673.10106,5755.72,0.0
2019-05-09 00:00:00+00:00,5755.72,5948.593440000001,5744.20856,5936.72,0.0
2019-05-10 00:00:00+00:00,5936.72,6159.20382,5924.84656,6146.91,0.0
2019-05-11 00:00:00+00:00,6146.91,6360.71604,6134.61618,6348.02,0.0
2019-05-12 00:00:00+00:00,6348.02,7262.80662,6335.323960000001,7248.31,0.0
2019-05-13 00:00:00+00:00,7248.31,7262.80662,6964.67274,6978.63,0.0
2019-05-14 00:00:00+00:00,6978.63,7838.756219999999,6964.67274,7823.11,0.0
2019-05-15 00:00:00+00:00,7823.11,8008.67538,7807.46378,7992.69,0.0
2019-05-16 00:00:00+00:00,7992.69,8223.3138,7976.7046199999995,8206.9,0.0
2019-05-17 00:00:00+00:00,8206.9,8223.3138,7870.18808,7885.96,0.0
2019-05-18 00:00:00+00:00,7885.96,7901.73192,7347.49556,7362.22,0.0
2019-05-19 00:00:00+00:00,7362.22,7376.94444,7250.5199,7265.05,0.0
2019-05-20 00:00:00+00:00,7265.05,8210.0874,7250.5199,8193.7,0.0
2019-05-21 00:00:00+00:00,8193.7,8210.0874,7991.015939999999,8007.03,0.0
2019-05-22 00:00:00+00:00,8007.03,8023.04406,7936.595,7952.5,0.0
2019-05-23 00:00:00+00:00,7952.5,7968.405,7610.67814,7625.93,0.0
2019-05-24 00:00:00+00:00,7625.93,7896.05058,7610.67814,7880.29,0.0
2019-05-25 00:00:00+00:00,7880.29,8019.26652,7864.52942,8003.26,0.0
2019-05-26 00:00:00+00:00,8003.26,8087.5929,7987.25348,8071.45,0.0
2019-05-27 00:00:00+00:00,8071.45,8761.90884,8055.3071,8744.42,0.0
2019-05-28 00:00:00+00:00,8744.42,8787.60012,8726.93116,8770.06,0.0
2019-05-29 00:00:00+00:00,8770.06,8787.60012,8702.44024,8719.88,0.0
2019-05-30 00:00:00+00:00,8719.88,8737.319759999998,8645.65404,8662.98,0.0
2019-05-31 00:00:00+00:00,8662.98,8680.30596,8255.915079999999,8272.46,0.0
2019-06-01 00:00:00+00:00,8272.46,8570.91762,8255.915079999999,8553.81,0.0
2019-06-02 00:00:00+00:00,8553.81,8571.909599999999,8536.702379999999,8554.8,0.0
2019-06-03 00:00:00+00:00,8554.8,8756.50806,8537.6904,8739.03,0.0
2019-06-04 00:00:00+00:00,8739.03,8756.50806,8118.65016,8134.92,0.0
2019-06-05 00:00:00+00:00,8134.92,8151.18984,7660.4484,7675.8,0.0
2019-06-06 00:00:00+00:00,7675.8,7801.61208,7660.4484,7786.04,0.0
2019-06-07 00:00:00+00:00,7786.04,7818.8364599999995,7770.46792,7803.23,0.0
2019-06-08 00:00:00+00:00,7803.23,8014.28658,7787.62354,7998.29,0.0
2019-06-09 00:00:00+00:00,7998.29,8014.28658,7915.47732,7931.34,0.0
2019-06-10 00:00:00+00:00,7931.34,7947.20268,7625.32878,7640.61,0.0
2019-06-11 00:00:00+00:00,7640.61,8036.42076,7625.32878,8020.38,0.0
2019-06-12 00:00:00+00:00,8020.38,8036.42076,7901.74484,7917.58,0.0
2019-06-13 00:00:00+00:00,7917.58,8189.406120000001,7901.74484,8173.06,0.0
2019-06-14 00:00:00+00:00,8173.06,8254.355759999999,8156.71388,8237.88,0.0
2019-06-15 00:00:00+00:00,8237.88,8710.9872,8221.40424,8693.6,0.0
2019-06-16 00:00:00+00:00,8693.6,8877.18894,8676.212800000001,8859.47,0.0
2019-06-17 00:00:00+00:00,8859.47,8996.947979999999,8841.751059999999,8978.99,0.0
2019-06-18 00:00:00+00:00,8978.99,9346.13496,8961.03202,9327.48,0.0
2019-06-19 00:00:00+00:00,9327.48,9346.13496,9058.02764,9076.18,0.0
2019-06-20 00:00:00+00:00,9076.18,9300.263400000002,9058.02764,9281.7,0.0
2019-06-21 00:00:00+00:00,9281.7,9550.4127,9263.1366,9531.35,0.0
2019-06-22 00:00:00+00:00,9531.35,10229.79876,9512.2873,10209.38,0.0
2019-06-23 00:00:00+00:00,10209.38,10689.96726,10188.961239999999,10668.63,0.0
2019-06-24 00:00:00+00:00,10668.63,10836.10896,10647.292739999999,10814.48,0.0
2019-06-25 00:00:00+00:00,10814.48,11039.535,10792.85104,11017.5,0.0
2019-06-26 00:00:00+00:00,11017.5,11789.9328,10995.465,11766.4,0.0
2019-06-27 00:00:00+00:00,11766.4,12958.4151,11742.867199999999,12932.55,0.0
2019-06-28 00:00:00+00:00,12932.55,12958.4151,11110.5843,11132.85,0.0
2019-06-29 00:00:00+00:00,11132.85,12399.0987,11110.5843,12374.35,0.0
2019-06-30 00:00:00+00:00,12374.35,12399.0987,11866.59924,11890.38,0.0
2019-07-01 00:00:00+00:00,11890.38,11914.160759999999,10716.25454,10737.73,0.0
2019-07-02 00:00:00+00:00,10737.73,10759.20546,10557.562559999998,10578.72,0.0
2019-07-03 00:00:00+00:00,10578.72,10827.0108,10557.562559999998,10805.4,0.0
2019-07-04 00:00:00+00:00,10805.4,12008.72952,10783.7892,11984.76,0.0
2019-07-05 00:00:00+00:00,11984.76,12008.72952,11138.16902,11160.49,0.0
2019-07-06 00:00:00+00:00,11160.49,11182.81098,10933.249679999999,10955.16,0.0
2019-07-07 00:00:00+00:00,10955.16,11254.50408,10933.249679999999,11232.04,0.0
2019-07-08 00:00:00+00:00,11232.04,11499.96402,11209.575920000001,11477.01,0.0
2019-07-09 00:00:00+00:00,11477.01,12337.70616,11454.055980000001,12313.08,0.0
2019-07-10 00:00:00+00:00,12313.08,12611.95356,12288.45384,12586.78,0.0
2019-07-11 00:00:00+00:00,12586.78,12611.95356,12075.7002,12099.9,0.0
2019-07-12 00:00:00+00:00,12099.9,12124.0998,11330.164260000001,11352.87,0.0
2019-07-13 00:00:00+00:00,11352.87,11827.57794,11330.164260000001,11803.97,0.0
2019-07-14 00:00:00+00:00,11803.97,11827.57794,11366.3218,11389.1,0.0
2019-07-15 00:00:00+00:00,11389.1,11411.878200000001,10166.58608,10186.96,0.0
2019-07-16 00:00:00+00:00,10186.96,10895.247,10166.58608,10873.5,0.0
2019-07-17 00:00:00+00:00,10873.5,10895.247,9378.92456,9397.72,0.0
2019-07-18 00:00:00+00:00,9397.72,9693.628560000001,9378.92456,9674.28,0.0
2019-07-19 00:00:00+00:00,9674.28,10659.83712,9654.93144,10638.56,0.0
2019-07-20 00:00:00+00:00,10638.56,10659.83712,10514.6785,10535.75,0.0
2019-07-21 00:00:00+00:00,10535.75,10786.4298,10514.6785,10764.9,0.0
2019-07-22 00:00:00+00:00,10764.9,10786.4298,10566.23518,10587.41,0.0
2019-07-23 00:00:00+00:00,10587.41,10608.58482,10302.97276,10323.62,0.0
2019-07-24 00:00:00+00:00,10323.62,10344.267240000001,9824.6114,9844.3,0.0
2019-07-25 00:00:00+00:00,9844.3,9863.988599999999,9752.62566,9772.17,0.0
2019-07-26 00:00:00+00:00,9772.17,9894.92034,9752.62566,9875.17,0.0
2019-07-27 00:00:00+00:00,9875.17,9894.92034,9828.9527,9848.65,0.0
2019-07-28 00:00:00+00:00,9848.65,9868.3473,9455.042019999999,9473.99,0.0
2019-07-29 00:00:00+00:00,9473.99,9549.06,9455.042019999999,9530.0,0.0
2019-07-30 00:00:00+00:00,9530.0,9549.06,9482.32734,9501.33,0.0
2019-07-31 00:00:00+00:00,9501.33,9608.30826,9482.32734,9589.13,0.0
2019-08-01 00:00:00+00:00,9589.13,10104.869400000001,9569.951739999999,10084.7,0.0
2019-08-02 00:00:00+00:00,10084.7,10427.98434,10064.5306,10407.17,0.0
2019-08-03 00:00:00+00:00,10407.17,10550.6091,10386.35566,10529.55,0.0
2019-08-04 00:00:00+00:00,10529.55,10836.19914,10508.490899999999,10814.57,0.0
2019-08-05 00:00:00+00:00,10814.57,11002.19046,10792.940859999999,10980.23,0.0
2019-08-06 00:00:00+00:00,10980.23,11811.56598,10958.26954,11787.99,0.0
2019-08-07 00:00:00+00:00,11787.99,11811.56598,11442.73866,11465.67,0.0
2019-08-08 00:00:00+00:00,11465.67,11984.74164,11442.73866,11960.82,0.0
2019-08-09 00:00:00+00:00,11960.82,12020.40282,11936.89836,11996.41,0.0
2019-08-10 00:00:00+00:00,11996.41,12020.40282,11832.92672,11856.64,0.0
2019-08-11 00:00:00+00:00,11856.64,11880.35328,11259.65556,11282.22,0.0
2019-08-12 00:00:00+00:00,11282.22,11589.973680000001,11259.65556,11566.84,0.0
2019-08-13 00:00:00+00:00,11566.84,11589.973680000001,11363.48748,11386.26,0.0
2019-08-14 00:00:00+00:00,11386.26,11409.03252,10836.403760000001,10858.12,0.0
2019-08-15 00:00:00+00:00,10858.12,10879.83624,9996.92608,10016.96,0.0
2019-08-16 00:00:00+00:00,10016.96,10322.77434,9996.92608,10302.17,0.0
2019-08-17 00:00:00+00:00,10302.17,10380.15888,10281.56566,10359.44,0.0
2019-08-18 00:00:00+00:00,10359.44,10380.15888,10194.09096,10214.52,0.0
2019-08-19 00:00:00+00:00,10214.52,10338.235200000001,10194.09096,10317.6,0.0
2019-08-20 00:00:00+00:00,10317.6,10939.09452,10296.9648,10917.26,0.0
2019-08-21 00:00:00+00:00,10917.26,10939.09452,10739.03888,10760.56,0.0
2019-08-22 00:00:00+00:00,10760.56,10782.081119999999,10109.1412,10129.4,0.0
2019-08-23 00:00:00+00:00,10129.4,10149.6588,10091.75604,10111.98,0.0
2019-08-24 00:00:00+00:00,10111.98,10426.62162,10091.75604,10405.81,0.0
2019-08-25 00:00:00+00:00,10405.81,10426.62162,10123.5124,10143.8,0.0
2019-08-26 00:00:00+00:00,10143.8,10164.087599999999,10114.78988,10135.06,0.0
2019-08-27 00:00:00+00:00,10135.06,10381.00056,10114.78988,10360.28,0.0
2019-08-28 00:00:00+00:00,10360.28,10381.00056,10151.6061,10171.95,0.0
2019-08-29 00:00:00+00:00,10171.95,10192.2939,9698.38436,9717.82,0.0
2019-08-30 00:00:00+00:00,9717.82,9737.25564,9465.580899999999,9484.55,0.0
2019-08-31 00:00:00+00:00,9484.55,9597.14598,9465.580899999999,9577.99,0.0
2019-09-01 00:00:00+00:00,9577.99,9620.1018,9558.83402,9600.9,0.0
2019-09-02 00:00:00+00:00,9600.9,9789.329580000001,9581.698199999999,9769.79,0.0
2019-09-03 00:00:00+00:00,9769.79,10407.413279999999,9750.25042,10386.64,0.0
2019-09-04 00:00:00+00:00,10386.64,10642.532580000001,10365.86672,10621.29,0.0
2019-09-05 00:00:00+00:00,10621.29,10642.532580000001,10562.99168,10584.16,0.0
2019-09-06 00:00:00+00:00,10584.16,10605.32832,10556.6444,10577.8,0.0
2019-09-07 00:00:00+00:00,10577.8,10598.9556,10296.83506,10317.47,0.0
2019-09-08 00:00:00+00:00,10317.47,10508.18442,10296.83506,10487.21,0.0
2019-09-09 00:00:00+00:00,10487.21,10508.18442,10385.497379999999,10406.31,0.0
2019-09-10 00:00:00+00:00,10406.31,10427.12262,10293.03268,10313.66,0.0
2019-09-11 00:00:00+00:00,10313.66,10334.28732,10080.827940000001,10101.03,0.0
2019-09-12 00:00:00+00:00,10101.03,10179.63864,10080.827940000001,10159.32,0.0
2019-09-13 00:00:00+00:00,10159.32,10441.00032,10139.00136,10420.16,0.0
2019-09-14 00:00:00+00:00,10420.16,10441.00032,10343.172199999999,10363.9,0.0
2019-09-15 00:00:00+00:00,10363.9,10384.6278,10340.60734,10361.33,0.0
2019-09-16 00:00:00+00:00,10361.33,10382.05266,10289.80914,10310.43,0.0
2019-09-17 00:00:00+00:00,10310.43,10331.050860000001,10245.09874,10265.63,0.0
2019-09-18 00:00:00+00:00,10265.63,10286.161259999999,10169.979280000001,10190.36,0.0
2019-09-19 00:00:00+00:00,10190.36,10210.74072,10137.27482,10157.59,0.0
2019-09-20 00:00:00+00:00,10157.59,10296.43176,10137.27482,10275.88,0.0
2019-09-21 00:00:00+00:00,10275.88,10296.43176,10152.763780000001,10173.11,0.0
2019-09-22 00:00:00+00:00,10173.11,10193.45622,9959.53102,9979.49,0.0
2019-09-23 00:00:00+00:00,9979.49,10053.1161,9959.53102,10033.05,0.0
2019-09-24 00:00:00+00:00,10033.05,10053.1161,9664.013239999998,9683.38,0.0
2019-09-25 00:00:00+00:00,9683.38,9702.74676,8536.50278,8553.61,0.0
2019-09-26 00:00:00+00:00,8553.61,8570.71722,8415.365539999999,8432.23,0.0
2019-09-27 00:00:00+00:00,8432.23,8449.09446,8039.52872,8055.64,0.0
2019-09-28 00:00:00+00:00,8055.64,8210.2878,8039.52872,8193.9,0.0
2019-09-29 00:00:00+00:00,8193.9,8241.45,8177.512199999999,8225.0,0.0
2019-09-30 00:00:00+00:00,8225.0,8241.45,8040.62652,8056.74,0.0
2019-10-01 00:00:00+00:00,8056.74,8324.35548,8040.62652,8307.74,0.0
2019-10-02 00:00:00+00:00,8307.74,8339.56584,8291.12452,8322.92,0.0
2019-10-03 00:00:00+00:00,8322.92,8398.79406,8306.27416,8382.03,0.0
2019-10-04 00:00:00+00:00,8382.03,8398.79406,8219.69766,8236.17,0.0
2019-10-05 00:00:00+00:00,8236.17,8252.64234,8139.16904,8155.48,0.0
2019-10-06 00:00:00+00:00,8155.48,8171.790959999999,8131.39462,8147.69,0.0
2019-10-07 00:00:00+00:00,8147.69,8163.985379999999,7854.00052,7869.74,0.0
2019-10-08 00:00:00+00:00,7869.74,8228.44404,7854.00052,8212.02,0.0
2019-10-09 00:00:00+00:00,8212.02,8228.44404,8173.62,8190.0,0.0
2019-10-10 00:00:00+00:00,8190.0,8605.09584,8173.62,8587.92,0.0
2019-10-11 00:00:00+00:00,8587.92,8605.09584,8569.7262,8586.9,0.0
2019-10-12 00:00:00+00:00,8586.9,8604.0738,8253.19054,8269.73,0.0
2019-10-13 00:00:00+00:00,8269.73,8324.62602,8253.19054,8308.01,0.0
2019-10-14 00:00:00+00:00,8308.01,8324.62602,8267.19248,8283.76,0.0
2019-10-15 00:00:00+00:00,8283.76,8370.247080000001,8267.19248,8353.54,0.0
2019-10-16 00:00:00+00:00,8353.54,8370.247080000001,8145.83568,8162.16,0.0
2019-10-17 00:00:00+00:00,8162.16,8178.48432,7986.504980000001,8002.51,0.0
2019-10-18 00:00:00+00:00,8002.51,8092.9335599999995,7986.504980000001,8076.78,0.0
2019-10-19 00:00:00+00:00,8076.78,8092.9335599999995,7938.2417,7954.15,0.0
2019-10-20 00:00:00+00:00,7954.15,7975.96008,7938.2417,7960.04,0.0
2019-10-21 00:00:00+00:00,7960.04,8247.52212,7944.11992,8231.06,0.0
2019-10-22 00:00:00+00:00,8231.06,8247.52212,8206.07496,8222.52,0.0
2019-10-23 00:00:00+00:00,8222.52,8238.965040000001,8010.70648,8026.76,0.0
2019-10-24 00:00:00+00:00,8026.76,8042.813520000001,7454.62088,7469.56,0.0
2019-10-25 00:00:00+00:00,7469.56,7484.49912,7417.01624,7431.88,0.0
2019-10-26 00:00:00+00:00,7431.88,8684.123580000001,7417.01624,8666.79,0.0
2019-10-27 00:00:00+00:00,8666.79,9278.319599999999,8649.45642,9259.8,0.0
2019-10-28 00:00:00+00:00,9259.8,9570.643080000002,9241.2804,9551.54,0.0
2019-10-29 00:00:00+00:00,9551.54,9570.643080000002,9200.32248,9218.76,0.0
2019-10-30 00:00:00+00:00,9218.76,9452.2167,9200.32248,9433.35,0.0
2019-10-31 00:00:00+00:00,9433.35,9452.2167,9146.290760000002,9164.62,0.0
2019-11-01 00:00:00+00:00,9164.62,9182.94924,9129.68404,9147.98,0.0
2019-11-02 00:00:00+00:00,9147.98,9271.49598,9129.68404,9252.99,0.0
2019-11-03 00:00:00+00:00,9252.99,9319.782360000001,9234.48402,9301.18,0.0
2019-11-04 00:00:00+00:00,9301.18,9319.782360000001,9187.74768,9206.16,0.0
2019-11-05 00:00:00+00:00,9206.16,9436.8861,9187.74768,9418.05,0.0
2019-11-06 00:00:00+00:00,9418.05,9436.8861,9291.56962,9310.19,0.0
2019-11-07 00:00:00+00:00,9310.19,9362.02668,9291.56962,9343.34,0.0
2019-11-08 00:00:00+00:00,9343.34,9362.02668,9185.83152,9204.24,0.0
2019-11-09 00:00:00+00:00,9204.24,9222.64848,8748.50792,8766.04,0.0
2019-11-10 00:00:00+00:00,8766.04,8827.02882,8748.50792,8809.41,0.0
2019-11-11 00:00:00+00:00,8809.41,9055.19424,8791.79118,9037.12,0.0
2019-11-12 00:00:00+00:00,9037.12,9055.19424,8700.37438,8717.81,0.0
2019-11-13 00:00:00+00:00,8717.81,8819.12304,8700.37438,8801.52,0.0
2019-11-14 00:00:00+00:00,8801.52,8819.12304,8744.89516,8762.42,0.0
2019-11-15 00:00:00+00:00,8762.42,8779.94484,8615.05536,8632.32,0.0
2019-11-16 00:00:00+00:00,8632.32,8649.58464,8440.77462,8457.69,0.0
2019-11-17 00:00:00+00:00,8457.69,8499.6654,8440.77462,8482.7,0.0
2019-11-18 00:00:00+00:00,8482.7,8520.93786,8465.734600000002,8503.93,0.0
2019-11-19 00:00:00+00:00,8503.93,8520.93786,8159.638019999999,8175.99,0.0
2019-11-20 00:00:00+00:00,8175.99,8192.34198,8104.5584,8120.8,0.0
2019-11-21 00:00:00+00:00,8120.8,8137.0416000000005,8065.64638,8081.81,0.0
2019-11-22 00:00:00+00:00,8081.81,8097.973620000001,7601.83586,7617.07,0.0
2019-11-23 00:00:00+00:00,7617.07,7632.304139999999,7271.777300000001,7286.35,0.0
2019-11-24 00:00:00+00:00,7286.35,7338.67806,7271.777300000001,7324.03,0.0
2019-11-25 00:00:00+00:00,7324.03,7338.67806,6893.5851999999995,6907.4,0.0
2019-11-26 00:00:00+00:00,6907.4,7144.5105,6893.5851999999995,7130.25,0.0
2019-11-27 00:00:00+00:00,7130.25,7177.95726,7115.9895,7163.63,0.0
2019-11-28 00:00:00+00:00,7163.63,7538.87766,7149.30274,7523.83,0.0
2019-11-29 00:00:00+00:00,7523.83,7538.87766,7416.138,7431.0,0.0
2019-11-30 00:00:00+00:00,7431.0,7772.98494,7416.138,7757.47,0.0
2019-12-01 00:00:00+00:00,7757.47,7772.98494,7542.604560000001,7557.72,0.0
2019-12-02 00:00:00+00:00,7557.72,7572.83544,7387.88462,7402.69,0.0
2019-12-03 00:00:00+00:00,7402.69,7417.495379999999,7294.9708200000005,7309.59,0.0
2019-12-04 00:00:00+00:00,7309.59,7324.20918,7282.176460000001,7296.77,0.0
2019-12-05 00:00:00+00:00,7296.77,7311.36354,7178.464300000001,7192.85,0.0
2019-12-06 00:00:00+00:00,7192.85,7410.76194,7178.464300000001,7395.97,0.0
2019-12-07 00:00:00+00:00,7395.97,7562.28438,7381.17806,7547.19,0.0
2019-12-08 00:00:00+00:00,7547.19,7562.28438,7489.82034,7504.83,0.0
2019-12-09 00:00:00+00:00,7504.83,7537.4347800000005,7489.82034,7522.39,0.0
2019-12-10 00:00:00+00:00,7522.39,7537.4347800000005,7322.74516,7337.42,0.0
2019-12-11 00:00:00+00:00,7337.42,7352.09484,7206.31848,7220.76,0.0
2019-12-12 00:00:00+00:00,7220.76,7235.2015200000005,7187.90538,7202.31,0.0
2019-12-13 00:00:00+00:00,7202.31,7216.714620000001,7174.78168,7189.16,0.0
2019-12-14 00:00:00+00:00,7189.16,7266.37374,7174.78168,7251.87,0.0
2019-12-15 00:00:00+00:00,7251.87,7266.37374,7053.60452,7067.74,0.0
2019-12-16 00:00:00+00:00,7067.74,7125.36228,7053.60452,7111.14,0.0
2019-12-17 00:00:00+00:00,7111.14,7125.36228,6865.78092,6879.54,0.0
2019-12-18 00:00:00+00:00,6879.54,6893.29908,6598.895759999999,6612.12,0.0
2019-12-19 00:00:00+00:00,6612.12,7298.85858,6598.895759999999,7284.29,0.0
2019-12-20 00:00:00+00:00,7284.29,7298.85858,7136.558279999999,7150.86,0.0
2019-12-21 00:00:00+00:00,7150.86,7204.55034,7136.558279999999,7190.17,0.0
2019-12-22 00:00:00+00:00,7190.17,7204.55034,7128.9136,7143.2,0.0
2019-12-23 00:00:00+00:00,7143.2,7529.43882,7128.9136,7514.41,0.0
2019-12-24 00:00:00+00:00,7514.41,7529.43882,7307.43584,7322.08,0.0
2019-12-25 00:00:00+00:00,7322.08,7336.72416,7236.18862,7250.69,0.0
2019-12-26 00:00:00+00:00,7250.69,7265.191379999999,7178.33456,7192.72,0.0
2019-12-27 00:00:00+00:00,7192.72,7208.788799999999,7178.33456,7194.4,0.0
2019-12-28 00:00:00+00:00,7194.4,7258.4178600000005,7180.0112,7243.93,0.0
2019-12-29 00:00:00+00:00,7243.93,7315.67214,7229.44214,7301.07,0.0
2019-12-30 00:00:00+00:00,7301.07,7400.13072,7286.46786,7385.36,0.0
2019-12-31 00:00:00+00:00,7385.36,7400.13072,7205.160800000001,7219.6,0.0
2020-01-01 00:00:00+00:00,7219.6,7234.0392,7153.97338,7168.31,0.0
2020-01-02 00:00:00+00:00,7168.31,7190.03136,7153.97338,7175.68,0.0
2020-01-03 00:00:00+00:00,7175.68,7190.03136,6930.44134,6944.33,0.0
2020-01-04 00:00:00+00:00,6944.33,7341.0027,6930.44134,7326.35,0.0
2020-01-05 00:00:00+00:00,7326.35,7362.58578,7311.697300000001,7347.89,0.0
2020-01-06 00:00:00+00:00,7347.89,7366.273139999999,7333.19422,7351.57,0.0
2020-01-07 00:00:00+00:00,7351.57,7774.7584799999995,7336.86686,7759.24,0.0
2020-01-08 00:00:00+00:00,7759.24,8181.80094,7743.72152,8165.47,0.0
2020-01-09 00:00:00+00:00,8165.47,8181.80094,8026.5647,8042.65,0.0
2020-01-10 00:00:00+00:00,8042.65,8058.735299999999,7802.28416,7817.92,0.0
2020-01-11 00:00:00+00:00,7817.92,8201.02932,7802.28416,8184.66,0.0
2020-01-12 00:00:00+00:00,8184.66,8201.02932,8005.44702,8021.49,0.0
2020-01-13 00:00:00+00:00,8021.49,8190.31794,8005.44702,8173.97,0.0
2020-01-14 00:00:00+00:00,8173.97,8190.31794,8089.02952,8105.24,0.0
2020-01-15 00:00:00+00:00,8105.24,8860.10484,8089.02952,8842.42,0.0
2020-01-16 00:00:00+00:00,8842.42,8860.10484,8796.262219999999,8813.89,0.0
2020-01-17 00:00:00+00:00,8813.89,8831.51778,8704.58594,8722.03,0.0
2020-01-18 00:00:00+00:00,8722.03,8918.14068,8704.58594,8900.34,0.0
2020-01-19 00:00:00+00:00,8900.34,8928.6717,8882.53932,8910.85,0.0
2020-01-20 00:00:00+00:00,8910.85,8928.6717,8685.95328,8703.36,0.0
2020-01-21 00:00:00+00:00,8703.36,8720.766720000001,8609.217059999999,8626.47,0.0
2020-01-22 00:00:00+00:00,8626.47,8739.704520000001,8609.217059999999,8722.26,0.0
2020-01-23 00:00:00+00:00,8722.26,8739.704520000001,8641.62212,8658.94,0.0
2020-01-24 00:00:00+00:00,8658.94,8676.257880000001,8371.33378,8388.11,0.0
2020-01-25 00:00:00+00:00,8388.11,8445.02634,8371.33378,8428.17,0.0
2020-01-26 00:00:00+00:00,8428.17,8445.02634,8310.70528,8327.36,0.0
2020-01-27 00:00:00+00:00,8327.36,8605.59684,8310.70528,8588.42,0.0
2020-01-28 00:00:00+00:00,8588.42,8913.57156,8571.24316,8895.78,0.0
2020-01-29 00:00:00+00:00,8895.78,9404.46138,8877.988440000001,9385.69,0.0
2020-01-30 00:00:00+00:00,9385.69,9404.46138,9261.25038,9279.81,0.0
2020-01-31 00:00:00+00:00,9279.81,9521.374740000001,9261.25038,9502.37,0.0
2020-02-01 00:00:00+00:00,9502.37,9521.374740000001,9315.10246,9333.77,0.0
2020-02-02 00:00:00+00:00,9333.77,9396.84618,9315.10246,9378.09,0.0
2020-02-03 00:00:00+00:00,9378.09,9396.84618,9295.93088,9314.56,0.0
2020-02-04 00:00:00+00:00,9314.56,9333.18912,9265.94098,9284.51,0.0
2020-02-05 00:00:00+00:00,9284.51,9303.079020000001,9143.815719999999,9162.14,0.0
2020-02-06 00:00:00+00:00,9162.14,9634.129799999999,9143.815719999999,9614.9,0.0
2020-02-07 00:00:00+00:00,9614.9,9775.17132,9595.6702,9755.66,0.0
2020-02-08 00:00:00+00:00,9755.66,9827.15508,9736.14868,9807.54,0.0
2020-02-09 00:00:00+00:00,9807.54,9926.93424,9787.924920000001,9907.12,0.0
2020-02-10 00:00:00+00:00,9907.12,10182.73482,9887.305760000001,10162.41,0.0
2020-02-11 00:00:00+00:00,10162.41,10182.73482,9835.08042,9854.79,0.0
2020-02-12 00:00:00+00:00,9854.79,10295.93076,9835.08042,10275.38,0.0
2020-02-13 00:00:00+00:00,10275.38,10375.0086,10254.82924,10354.3,0.0
2020-02-14 00:00:00+00:00,10354.3,10375.0086,10221.94514,10242.43,0.0
2020-02-15 00:00:00+00:00,10242.43,10389.26706,10221.94514,10368.53,0.0
2020-02-16 00:00:00+00:00,10368.53,10389.26706,9884.36166,9904.17,0.0
2020-02-17 00:00:00+00:00,9904.17,9957.54534,9884.36166,9937.67,0.0
2020-02-18 00:00:00+00:00,9937.67,9957.54534,9684.522140000001,9703.93,0.0
2020-02-19 00:00:00+00:00,9703.93,10201.0113,9684.522140000001,10180.65,0.0
2020-02-20 00:00:00+00:00,10180.65,10201.0113,9585.510559999999,9604.72,0.0
2020-02-21 00:00:00+00:00,9604.72,9626.07372,9585.510559999999,9606.86,0.0
2020-02-22 00:00:00+00:00,9606.86,9715.97316,9587.64628,9696.58,0.0
2020-02-23 00:00:00+00:00,9696.58,9715.97316,9650.290739999999,9669.63,0.0
2020-02-24 00:00:00+00:00,9669.63,10009.368779999999,9650.290739999999,9989.39,0.0
2020-02-25 00:00:00+00:00,9989.39,10009.368779999999,9644.4225,9663.75,0.0
2020-02-26 00:00:00+00:00,9663.75,9683.0775,9290.5317,9309.15,0.0
2020-02-27 00:00:00+00:00,9309.15,9327.7683,8767.94896,8785.52,0.0
2020-02-28 00:00:00+00:00,8785.52,8822.32944,8767.94896,8804.72,0.0
2020-02-29 00:00:00+00:00,8804.72,8822.32944,8694.9253,8712.35,0.0
2020-03-01 00:00:00+00:00,8712.35,8729.7747,8514.35716,8531.42,0.0
2020-03-02 00:00:00+00:00,8531.42,8551.23834,8514.35716,8534.17,0.0
2020-03-03 00:00:00+00:00,8534.17,8930.645639999999,8517.10166,8912.82,0.0
2020-03-04 00:00:00+00:00,8912.82,8930.645639999999,8736.83132,8754.34,0.0
2020-03-05 00:00:00+00:00,8754.34,8776.4178,8736.83132,8758.9,0.0
2020-03-06 00:00:00+00:00,8758.9,9085.52478,8741.3822,9067.39,0.0
2020-03-07 00:00:00+00:00,9067.39,9174.20178,9049.25522,9155.89,0.0
2020-03-08 00:00:00+00:00,9155.89,9174.20178,8880.83274,8898.63,0.0
2020-03-09 00:00:00+00:00,8898.63,8916.427259999999,8023.30124,8039.38,0.0
2020-03-10 00:00:00+00:00,8039.38,8055.45876,7916.07612,7931.94,0.0
2020-03-11 00:00:00+00:00,7931.94,7947.8038799999995,7869.68908,7885.46,0.0
2020-03-12 00:00:00+00:00,7885.46,7952.5233,7869.68908,7936.65,0.0
2020-03-13 00:00:00+00:00,7936.65,7952.5233,4820.54958,4830.21,0.0
2020-03-14 00:00:00+00:00,4830.21,5620.24806,4820.54958,5609.03,0.0
2020-03-15 00:00:00+00:00,5609.03,5620.24806,5155.92748,5166.26,0.0
2020-03-16 00:00:00+00:00,5166.26,5359.13688,5155.92748,5348.44,0.0
2020-03-17 00:00:00+00:00,5348.44,5359.13688,5016.2973,5026.35,0.0
2020-03-18 00:00:00+00:00,5026.35,5368.32522,5016.2973,5357.61,0.0
2020-03-19 00:00:00+00:00,5357.61,5421.0504599999995,5346.89478,5410.23,0.0
2020-03-20 00:00:00+00:00,5410.23,6207.5904,5399.40954,6195.2,0.0
2020-03-21 00:00:00+00:00,6195.2,6238.892879999999,6182.8096,6226.44,0.0
2020-03-22 00:00:00+00:00,6226.44,6238.892879999999,6177.4703,6189.85,0.0
2020-03-23 00:00:00+00:00,6189.85,6202.229700000001,5810.97476,5822.62,0.0
2020-03-24 00:00:00+00:00,5822.62,6515.16432,5810.97476,6502.16,0.0
2020-03-25 00:00:00+00:00,6502.16,6782.02698,6489.15568,6768.49,0.0
2020-03-26 00:00:00+00:00,6768.49,6782.02698,6685.06308,6698.46,0.0
2020-03-27 00:00:00+00:00,6698.46,6777.2775,6685.06308,6763.75,0.0
2020-03-28 00:00:00+00:00,6763.75,6777.2775,6356.35182,6369.09,0.0
2020-03-29 00:00:00+00:00,6369.09,6381.82818,6248.4281,6260.95,0.0
2020-03-30 00:00:00+00:00,6260.95,6273.4719,5873.63918,5885.41,0.0
2020-03-31 00:00:00+00:00,5885.41,6418.10058,5873.63918,6405.29,0.0
2020-04-01 00:00:00+00:00,6405.29,6441.13656,6392.47942,6428.28,0.0
2020-04-02 00:00:00+00:00,6428.28,6666.17574,6415.42344,6652.87,0.0
2020-04-03 00:00:00+00:00,6652.87,6822.72822,6639.56426,6809.11,0.0
2020-04-04 00:00:00+00:00,6809.11,6822.72822,6728.18666,6741.67,0.0
2020-04-05 00:00:00+00:00,6741.67,6885.4333799999995,6728.18666,6871.69,0.0
2020-04-06 00:00:00+00:00,6871.69,6885.4333799999995,6763.88512,6777.44,0.0
2020-04-07 00:00:00+00:00,6777.44,7357.886399999999,6763.88512,7343.2,0.0
2020-04-08 00:00:00+00:00,7343.2,7357.886399999999,7191.1389,7205.55,0.0
2020-04-09 00:00:00+00:00,7205.55,7379.76006,7191.1389,7365.03,0.0
2020-04-10 00:00:00+00:00,7365.03,7379.76006,7279.10262,7293.69,0.0
2020-04-11 00:00:00+00:00,7293.69,7308.2773799999995,6859.49352,6873.24,0.0
2020-04-12 00:00:00+00:00,6873.24,6905.3832,6859.49352,6891.6,0.0
2020-04-13 00:00:00+00:00,6891.6,6929.20074,6877.8168000000005,6915.37,0.0
2020-04-14 00:00:00+00:00,6915.37,6929.20074,6843.94468,6857.66,0.0
2020-04-15 00:00:00+00:00,6857.66,6885.6939,6843.94468,6871.95,0.0
2020-04-16 00:00:00+00:00,6871.95,6885.6939,6610.5524000000005,6623.8,0.0
2020-04-17 00:00:00+00:00,6623.8,7126.494540000001,6610.5524000000005,7112.27,0.0
2020-04-18 00:00:00+00:00,7112.27,7126.494540000001,7020.8202200000005,7034.89,0.0
2020-04-19 00:00:00+00:00,7034.89,7273.87872,7020.8202200000005,7259.36,0.0
2020-04-20 00:00:00+00:00,7259.36,7273.87872,7115.77992,7130.04,0.0
2020-04-21 00:00:00+00:00,7130.04,7144.30008,6826.55952,6840.24,0.0
2020-04-22 00:00:00+00:00,6840.24,6866.22504,6826.55952,6852.52,0.0
2020-04-23 00:00:00+00:00,6852.52,7145.25198,6838.814960000001,7130.99,0.0
2020-04-24 00:00:00+00:00,7130.99,7492.555200000001,7116.72802,7477.6,0.0
2020-04-25 00:00:00+00:00,7477.6,7522.09416,7462.6448,7507.08,0.0
2020-04-26 00:00:00+00:00,7507.08,7564.6190400000005,7492.06584,7549.52,0.0
2020-04-27 00:00:00+00:00,7549.52,7714.668540000001,7534.42096,7699.27,0.0
2020-04-28 00:00:00+00:00,7699.27,7806.24132,7683.87146,7790.66,0.0
2020-04-29 00:00:00+00:00,7790.66,7806.24132,7749.79934,7765.33,0.0
2020-04-30 00:00:00+00:00,7765.33,8795.185259999998,7749.79934,8777.63,0.0
2020-05-01 00:00:00+00:00,8777.63,8795.185259999998,8611.51246,8628.77,0.0
2020-05-02 00:00:00+00:00,8628.77,8842.30932,8611.51246,8824.66,0.0
2020-05-03 00:00:00+00:00,8824.66,8991.76764,8807.01068,8973.82,0.0
2020-05-04 00:00:00+00:00,8973.82,8991.76764,8886.142100000001,8903.95,0.0
2020-05-05 00:00:00+00:00,8903.95,8921.7579,8868.15814,8885.93,0.0
2020-05-06 00:00:00+00:00,8885.93,9049.02192,8868.15814,9030.96,0.0
2020-05-07 00:00:00+00:00,9030.96,9189.131580000001,9012.898079999999,9170.79,0.0
2020-05-08 00:00:00+00:00,9170.79,10022.48496,9152.44842,10002.48,0.0
2020-05-09 00:00:00+00:00,10002.48,10022.48496,9802.1564,9821.8,0.0
2020-05-10 00:00:00+00:00,9821.8,9841.443599999999,9508.335219999999,9527.39,0.0
2020-05-11 00:00:00+00:00,9527.39,9546.44478,8736.951079999999,8754.46,0.0
2020-05-12 00:00:00+00:00,8754.46,8771.96892,8600.0155,8617.25,0.0
2020-05-13 00:00:00+00:00,8617.25,8832.15906,8600.0155,8814.53,0.0
2020-05-14 00:00:00+00:00,8814.53,9324.541860000001,8796.900940000001,9305.93,0.0
2020-05-15 00:00:00+00:00,9305.93,9809.89062,9287.31814,9790.31,0.0
2020-05-16 00:00:00+00:00,9790.31,9809.89062,9284.98282,9303.59,0.0
2020-05-17 00:00:00+00:00,9303.59,9404.4714,9284.98282,9385.7,0.0
2020-05-18 00:00:00+00:00,9385.7,9688.7388,9366.928600000001,9669.4,0.0
2020-05-19 00:00:00+00:00,9669.4,9738.80874,9650.0612,9719.37,0.0
2020-05-20 00:00:00+00:00,9719.37,9805.31148,9699.931260000001,9785.74,0.0
2020-05-21 00:00:00+00:00,9785.74,9805.31148,9491.64866,9510.67,0.0
2020-05-22 00:00:00+00:00,9510.67,9529.69134,9039.45486,9057.57,0.0
2020-05-23 00:00:00+00:00,9057.57,9185.59452,9039.45486,9167.26,0.0
2020-05-24 00:00:00+00:00,9167.26,9196.67664,9148.92548,9178.32,0.0
2020-05-25 00:00:00+00:00,9178.32,9196.67664,8713.26854,8730.73,0.0
2020-05-26 00:00:00+00:00,8730.73,8917.45932,8713.26854,8899.66,0.0
2020-05-27 00:00:00+00:00,8899.66,8917.45932,8825.1643,8842.85,0.0
2020-05-28 00:00:00+00:00,8842.85,9215.935080000001,8825.1643,9197.54,0.0
2020-05-29 00:00:00+00:00,9197.54,9588.348419999998,9179.14492,9569.21,0.0
2020-05-30 00:00:00+00:00,9569.21,9588.348419999998,9407.12804,9425.98,0.0
2020-05-31 00:00:00+00:00,9425.98,9717.4962,9407.12804,9698.1,0.0
2020-06-01 00:00:00+00:00,9698.1,9717.4962,9431.93832,9450.84,0.0
2020-06-02 00:00:00+00:00,9450.84,10224.63846,9431.93832,10204.23,0.0
2020-06-03 00:00:00+00:00,10204.23,10224.63846,9506.51886,9525.57,0.0
2020-06-04 00:00:00+00:00,9525.57,9677.356080000001,9506.51886,9658.04,0.0
2020-06-05 00:00:00+00:00,9658.04,9814.14912,9638.72392,9794.56,0.0
2020-06-06 00:00:00+00:00,9794.56,9814.14912,9604.5025,9623.75,0.0
2020-06-07 00:00:00+00:00,9623.75,9689.77086,9604.5025,9670.43,0.0
2020-06-08 00:00:00+00:00,9670.43,9773.3577,9651.08914,9753.85,0.0
2020-06-09 00:00:00+00:00,9753.85,9802.15518,9734.3423,9782.59,0.0
2020-06-10 00:00:00+00:00,9782.59,9802.15518,9755.599699999999,9775.15,0.0
2020-06-11 00:00:00+00:00,9775.15,9911.91426,9755.599699999999,9892.13,0.0
2020-06-12 00:00:00+00:00,9892.13,9911.91426,9267.84716,9286.42,0.0
2020-06-13 00:00:00+00:00,9286.42,9478.88994,9267.84716,9459.97,0.0
2020-06-14 00:00:00+00:00,9459.97,9492.447,9441.05006,9473.5,0.0
2020-06-15 00:00:00+00:00,9473.5,9492.447,9311.40986,9330.07,0.0
2020-06-16 00:00:00+00:00,9330.07,9445.5534,9311.40986,9426.7,0.0
2020-06-17 00:00:00+00:00,9426.7,9545.052,9407.8466,9526.0,0.0
2020-06-18 00:00:00+00:00,9526.0,9545.052,9435.90038,9454.81,0.0
2020-06-19 00:00:00+00:00,9454.81,9473.71962,9361.26994,9380.03,0.0
2020-06-20 00:00:00+00:00,9380.03,9398.790060000001,9281.5497,9300.15,0.0
2020-06-21 00:00:00+00:00,9300.15,9376.14486,9281.5497,9357.43,0.0
2020-06-22 00:00:00+00:00,9357.43,9376.14486,9266.21044,9284.78,0.0
2020-06-23 00:00:00+00:00,9284.78,9711.2838,9266.21044,9691.9,0.0
2020-06-24 00:00:00+00:00,9691.9,9711.2838,9602.247019999999,9621.49,0.0
2020-06-25 00:00:00+00:00,9621.49,9640.73298,9258.02684,9276.58,0.0
2020-06-26 00:00:00+00:00,9276.58,9295.13316,9222.3683,9240.85,0.0
2020-06-27 00:00:00+00:00,9240.85,9259.3317,9136.1411,9154.45,0.0
2020-06-28 00:00:00+00:00,9154.45,9172.7589,8986.221539999999,9004.23,0.0
2020-06-29 00:00:00+00:00,9004.23,9145.72494,8986.221539999999,9127.47,0.0
2020-06-30 00:00:00+00:00,9127.47,9203.7207,9109.215059999999,9185.35,0.0
2020-07-01 00:00:00+00:00,9185.35,9203.7207,9115.70206,9133.97,0.0
2020-07-02 00:00:00+00:00,9133.97,9254.85276,9115.70206,9236.38,0.0
2020-07-03 00:00:00+00:00,9236.38,9254.85276,9069.804039999999,9087.98,0.0
2020-07-04 00:00:00+00:00,9087.98,9106.15596,9054.27516,9072.42,0.0
2020-07-05 00:00:00+00:00,9072.42,9149.572619999999,9054.27516,9131.31,0.0
2020-07-06 00:00:00+00:00,9131.31,9149.572619999999,9070.91182,9089.09,0.0
2020-07-07 00:00:00+00:00,9089.09,9367.60782,9070.91182,9348.91,0.0
2020-07-08 00:00:00+00:00,9348.91,9367.60782,9237.71754,9256.23,0.0
2020-07-09 00:00:00+00:00,9256.23,9458.950139999999,9237.71754,9440.07,0.0
2020-07-10 00:00:00+00:00,9440.07,9458.950139999999,9219.56392,9238.04,0.0
2020-07-11 00:00:00+00:00,9238.04,9305.9748,9219.56392,9287.4,0.0
2020-07-12 00:00:00+00:00,9287.4,9305.9748,9217.48808,9235.96,0.0
2020-07-13 00:00:00+00:00,9235.96,9314.4918,9217.48808,9295.9,0.0
2020-07-14 00:00:00+00:00,9295.9,9314.4918,9219.65374,9238.13,0.0
2020-07-15 00:00:00+00:00,9238.13,9273.029040000001,9219.65374,9254.52,0.0
2020-07-16 00:00:00+00:00,9254.52,9273.029040000001,9175.12298,9193.51,0.0
2020-07-17 00:00:00+00:00,9193.51,9211.89702,9112.738,9131.0,0.0
2020-07-18 00:00:00+00:00,9131.0,9172.49838,9112.738,9154.19,0.0
2020-07-19 00:00:00+00:00,9154.19,9193.05942,9135.88162,9174.71,0.0
2020-07-20 00:00:00+00:00,9174.71,9233.08932,9156.360579999999,9214.66,0.0
2020-07-21 00:00:00+00:00,9214.66,9233.08932,9145.54226,9163.87,0.0
2020-07-22 00:00:00+00:00,9163.87,9411.44532,9145.54226,9392.66,0.0
2020-07-23 00:00:00+00:00,9392.66,9556.4748,9373.874679999999,9537.4,0.0
2020-07-24 00:00:00+00:00,9537.4,9632.336220000001,9518.3252,9613.11,0.0
2020-07-25 00:00:00+00:00,9613.11,9632.336220000001,9532.177440000001,9551.28,0.0
2020-07-26 00:00:00+00:00,9551.28,9726.915,9532.177440000001,9707.5,0.0
2020-07-27 00:00:00+00:00,9707.5,9958.70766,9688.085,9938.83,0.0
2020-07-28 00:00:00+00:00,9938.83,11064.4848,9918.95234,11042.4,0.0
2020-07-29 00:00:00+00:00,11042.4,11064.4848,10913.07012,10934.94,0.0
2020-07-30 00:00:00+00:00,10934.94,11124.87534,10913.07012,11102.67,0.0
2020-07-31 00:00:00+00:00,11102.67,11137.15986,11080.46466,11114.93,0.0
2020-08-01 00:00:00+00:00,11114.93,11366.56776,11092.70014,11343.88,0.0
2020-08-02 00:00:00+00:00,11343.88,11847.33738,11321.192239999998,11823.69,0.0
2020-08-03 00:00:00+00:00,11823.69,11847.33738,11055.61446,11077.77,0.0
2020-08-04 00:00:00+00:00,11077.77,11265.05514,11055.61446,11242.57,0.0
2020-08-05 00:00:00+00:00,11242.57,11265.05514,11171.8615,11194.25,0.0
2020-08-06 00:00:00+00:00,11194.25,11773.780560000001,11171.8615,11750.28,0.0
2020-08-07 00:00:00+00:00,11750.28,11796.48588,11726.77944,11772.94,0.0
2020-08-08 00:00:00+00:00,11772.94,11796.48588,11582.3888,11605.6,0.0
2020-08-09 00:00:00+00:00,11605.6,11791.1352,11582.3888,11767.6,0.0
2020-08-10 00:00:00+00:00,11767.6,11791.1352,11660.69188,11684.06,0.0
2020-08-11 00:00:00+00:00,11684.06,11916.816060000001,11660.69188,11893.03,0.0
2020-08-12 00:00:00+00:00,11893.03,11916.816060000001,11369.64514,11392.43,0.0
2020-08-13 00:00:00+00:00,11392.43,11596.256220000001,11369.64514,11573.11,0.0
2020-08-14 00:00:00+00:00,11573.11,11800.98486,11549.96378,11777.43,0.0
2020-08-15 00:00:00+00:00,11777.43,11800.98486,11750.83124,11774.38,0.0
2020-08-16 00:00:00+00:00,11774.38,11897.72796,11750.83124,11873.98,0.0
2020-08-17 00:00:00+00:00,11873.98,11937.838020000001,11850.232039999999,11914.01,0.0
2020-08-18 00:00:00+00:00,11914.01,12318.307439999999,11890.18198,12293.72,0.0
2020-08-19 00:00:00+00:00,12293.72,12318.307439999999,11945.59094,11969.53,0.0
2020-08-20 00:00:00+00:00,11969.53,11993.469060000001,11710.532,11734.0,0.0
2020-08-21 00:00:00+00:00,11734.0,11889.55164,11710.532,11865.82,0.0
2020-08-22 00:00:00+00:00,11865.82,11889.55164,11499.7544,11522.8,0.0
2020-08-23 00:00:00+00:00,11522.8,11706.80688,11499.7544,11683.44,0.0
2020-08-24 00:00:00+00:00,11683.44,11706.80688,11629.713960000001,11653.02,0.0
2020-08-25 00:00:00+00:00,11653.02,11787.45786,11629.713960000001,11763.93,0.0
2020-08-26 00:00:00+00:00,11763.93,11787.45786,11314.725199999999,11337.4,0.0
2020-08-27 00:00:00+00:00,11337.4,11490.304740000001,11314.725199999999,11467.37,0.0
2020-08-28 00:00:00+00:00,11467.37,11490.304740000001,11279.40598,11302.01,0.0
2020-08-29 00:00:00+00:00,11302.01,11557.8195,11279.40598,11534.75,0.0
2020-08-30 00:00:00+00:00,11534.75,11557.8195,11458.67672,11481.64,0.0
2020-08-31 00:00:00+00:00,11481.64,11731.19556,11458.67672,11707.78,0.0
2020-09-01 00:00:00+00:00,11707.78,11731.19556,11636.25086,11659.57,0.0
2020-09-02 00:00:00+00:00,11659.57,11947.0965,11636.25086,11923.25,0.0
2020-09-03 00:00:00+00:00,11923.25,11947.0965,11374.645120000001,11397.44,0.0
2020-09-04 00:00:00+00:00,11397.44,11420.23488,10167.13498,10187.51,0.0
2020-09-05 00:00:00+00:00,10187.51,10488.82578,10167.13498,10467.89,0.0
2020-09-06 00:00:00+00:00,10467.89,10488.82578,10139.30076,10159.62,0.0
2020-09-07 00:00:00+00:00,10159.62,10275.43986,10139.30076,10254.93,0.0
2020-09-08 00:00:00+00:00,10254.93,10388.47548,10234.42014,10367.74,0.0
2020-09-09 00:00:00+00:00,10367.74,10388.47548,10101.276960000001,10121.52,0.0
2020-09-10 00:00:00+00:00,10121.52,10248.28566,10101.276960000001,10227.83,0.0
2020-09-11 00:00:00+00:00,10227.83,10373.365319999999,10207.37434,10352.66,0.0
2020-09-12 00:00:00+00:00,10352.66,10416.230880000001,10331.95468,10395.44,0.0
2020-09-13 00:00:00+00:00,10395.44,10467.33288,10374.64912,10446.44,0.0
2020-09-14 00:00:00+00:00,10446.44,10467.33288,10310.108460000001,10330.77,0.0
2020-09-15 00:00:00+00:00,10330.77,10695.98928,10310.108460000001,10674.64,0.0
2020-09-16 00:00:00+00:00,10674.64,10807.19124,10653.290719999999,10785.62,0.0
2020-09-17 00:00:00+00:00,10785.62,10970.326860000001,10764.048760000001,10948.43,0.0
2020-09-18 00:00:00+00:00,10948.43,10970.326860000001,10922.00222,10943.89,0.0
2020-09-19 00:00:00+00:00,10943.89,10965.777779999999,10909.926420000002,10931.79,0.0
2020-09-20 00:00:00+00:00,10931.79,11103.59286,10909.926420000002,11081.43,0.0
2020-09-21 00:00:00+00:00,11081.43,11103.59286,10897.8107,10919.65,0.0
2020-09-22 00:00:00+00:00,10919.65,10941.4893,10409.59908,10430.46,0.0
2020-09-23 00:00:00+00:00,10430.46,10553.28444,10409.59908,10532.22,0.0
2020-09-24 00:00:00+00:00,10532.22,10553.28444,10214.01104,10234.48,0.0
2020-09-25 00:00:00+00:00,10234.48,10753.89486,10214.01104,10732.43,0.0
2020-09-26 00:00:00+00:00,10732.43,10753.89486,10671.45432,10692.84,0.0
2020-09-27 00:00:00+00:00,10692.84,10753.8648,10671.45432,10732.4,0.0
2020-09-28 00:00:00+00:00,10732.4,10795.78848,10710.9352,10774.24,0.0
2020-09-29 00:00:00+00:00,10774.24,10795.78848,10670.94534,10692.33,0.0
2020-09-30 00:00:00+00:00,10692.33,10862.4816,10670.94534,10840.8,0.0
2020-10-01 00:00:00+00:00,10840.8,10862.4816,10756.36416,10777.92,0.0
2020-10-02 00:00:00+00:00,10777.92,10799.475840000001,10598.00152,10619.24,0.0
2020-10-03 00:00:00+00:00,10619.24,10640.47848,10553.90988,10575.06,0.0
2020-10-04 00:00:00+00:00,10575.06,10596.21012,10530.66646,10551.77,0.0
2020-10-05 00:00:00+00:00,10551.77,10694.806919999999,10530.66646,10673.46,0.0
2020-10-06 00:00:00+00:00,10673.46,10810.13712,10652.11308,10788.56,0.0
2020-10-07 00:00:00+00:00,10788.56,10810.13712,10582.53252,10603.74,0.0
2020-10-08 00:00:00+00:00,10603.74,10692.141599999999,10582.53252,10670.8,0.0
2020-10-09 00:00:00+00:00,10670.8,10945.1466,10649.4584,10923.3,0.0
2020-10-10 00:00:00+00:00,10923.3,11085.31638,10901.453399999999,11063.19,0.0
2020-10-11 00:00:00+00:00,11063.19,11325.27534,11041.06362,11302.67,0.0
2020-10-12 00:00:00+00:00,11302.67,11399.363220000001,11280.06466,11376.61,0.0
2020-10-13 00:00:00+00:00,11376.61,11563.12008,11353.85678,11540.04,0.0
2020-10-14 00:00:00+00:00,11540.04,11563.12008,11405.38352,11428.24,0.0
2020-10-15 00:00:00+00:00,11428.24,11454.182639999999,11405.38352,11431.32,0.0
2020-10-16 00:00:00+00:00,11431.32,11526.73746,11408.45736,11503.73,0.0
2020-10-17 00:00:00+00:00,11503.73,11526.73746,11304.914859999999,11327.57,0.0
2020-10-18 00:00:00+00:00,11327.57,11389.24302,11304.914859999999,11366.51,0.0
2020-10-19 00:00:00+00:00,11366.51,11531.216400000001,11343.77698,11508.2,0.0
2020-10-20 00:00:00+00:00,11508.2,11781.67632,11485.1836,11758.16,0.0
2020-10-21 00:00:00+00:00,11758.16,11949.31092,11734.64368,11925.46,0.0
2020-10-22 00:00:00+00:00,11925.46,12857.223119999999,11901.609079999998,12831.56,0.0
2020-10-23 00:00:00+00:00,12831.56,13016.2305,12805.89688,12990.25,0.0
2020-10-24 00:00:00+00:00,12990.25,13016.2305,12918.63096,12944.52,0.0
2020-10-25 00:00:00+00:00,12944.52,13154.716919999999,12918.63096,13128.46,0.0
2020-10-26 00:00:00+00:00,13128.46,13154.716919999999,13010.696460000001,13036.77,0.0
2020-10-27 00:00:00+00:00,13036.77,13102.52274,13010.696460000001,13076.37,0.0
2020-10-28 00:00:00+00:00,13076.37,13678.772939999999,13050.217260000001,13651.47,0.0
2020-10-29 00:00:00+00:00,13651.47,13678.772939999999,13262.422,13289.0,0.0
2020-10-30 00:00:00+00:00,13289.0,13485.57732,13262.422,13458.66,0.0
2020-10-31 00:00:00+00:00,13458.66,13591.84944,13431.74268,13564.72,0.0
2020-11-01 00:00:00+00:00,13564.72,13837.940639999999,13537.590559999999,13810.32,0.0
2020-11-02 00:00:00+00:00,13810.32,13837.940639999999,13731.362239999999,13758.88,0.0
2020-11-03 00:00:00+00:00,13758.88,13786.39776,13548.01966,13575.17,0.0
2020-11-04 00:00:00+00:00,13575.17,14051.356619999999,13548.01966,14023.31,0.0
2020-11-05 00:00:00+00:00,14023.31,14183.90118,13995.26338,14155.59,0.0
2020-11-06 00:00:00+00:00,14155.59,15622.572779999999,14127.27882,15591.39,0.0
2020-11-07 00:00:00+00:00,15591.39,15626.96154,15560.20722,15595.77,0.0
2020-11-08 00:00:00+00:00,15595.77,15626.96154,14810.16032,14839.84,0.0
2020-11-09 00:00:00+00:00,14839.84,15521.5812,14810.16032,15490.6,0.0
2020-11-10 00:00:00+00:00,15490.6,15521.5812,15297.872940000001,15328.53,0.0
2020-11-11 00:00:00+00:00,15328.53,15359.18706,15286.405920000001,15317.04,0.0
2020-11-12 00:00:00+00:00,15317.04,15740.067299999999,15286.405920000001,15708.65,0.0
2020-11-13 00:00:00+00:00,15708.65,16328.16114,15677.2327,16295.57,0.0
2020-11-14 00:00:00+00:00,16295.57,16372.00866,16262.97886,16339.33,0.0
2020-11-15 00:00:00+00:00,16339.33,16372.00866,16058.887859999999,16091.07,0.0
2020-11-16 00:00:00+00:00,16091.07,16123.25214,15936.22368,15968.16,0.0
2020-11-17 00:00:00+00:00,15968.16,16758.600300000002,15936.22368,16725.15,0.0
2020-11-18 00:00:00+00:00,16725.15,17715.07944,16691.6997,17679.72,0.0
2020-11-19 00:00:00+00:00,17679.72,17834.0469,17644.36056,17798.45,0.0
2020-11-20 00:00:00+00:00,17798.45,17856.21114,17762.8531,17820.57,0.0
2020-11-21 00:00:00+00:00,17820.57,18724.8249,17784.92886,18687.45,0.0
2020-11-22 00:00:00+00:00,18687.45,18737.1495,18650.075100000002,18699.75,0.0
2020-11-23 00:00:00+00:00,18699.75,18737.1495,18385.435439999997,18422.28,0.0
2020-11-24 00:00:00+00:00,18422.28,18459.12456,18362.11218,18398.91,0.0
2020-11-25 00:00:00+00:00,18398.91,19210.86504,18362.11218,19172.52,0.0
2020-11-26 00:00:00+00:00,19172.52,19210.86504,18702.3204,18739.8,0.0
2020-11-27 00:00:00+00:00,18739.8,18777.279599999998,17117.13712,17151.44,0.0
2020-11-28 00:00:00+00:00,17151.44,17185.742879999998,17104.592259999998,17138.87,0.0
2020-11-29 00:00:00+00:00,17138.87,17767.88484,17104.592259999998,17732.42,0.0
2020-11-30 00:00:00+00:00,17732.42,18227.9832,17696.955159999998,18191.6,0.0
2020-12-01 00:00:00+00:00,18191.6,19749.14946,18155.2168,19709.73,0.0
2020-12-02 00:00:00+00:00,19709.73,19749.14946,18754.93496,18792.52,0.0
2020-12-03 00:00:00+00:00,18792.52,19265.42394,18754.93496,19226.97,0.0
2020-12-04 00:00:00+00:00,19226.97,19493.449080000002,19188.51606,19454.54,0.0
2020-12-05 00:00:00+00:00,19454.54,19493.449080000002,18633.14902,18670.49,0.0
2020-12-06 00:00:00+00:00,18670.49,19193.37012,18633.14902,19155.06,0.0
2020-12-07 00:00:00+00:00,19155.06,19416.41532,19116.749880000003,19377.66,0.0
2020-12-08 00:00:00+00:00,19377.66,19416.41532,19143.04718,19181.41,0.0
2020-12-09 00:00:00+00:00,19181.41,19219.77282,18282.23226,18318.87,0.0
2020-12-10 00:00:00+00:00,18318.87,18591.2583,18282.23226,18554.15,0.0
2020-12-11 00:00:00+00:00,18554.15,18591.2583,18211.264479999998,18247.76,0.0
2020-12-12 00:00:00+00:00,18247.76,18284.25552,17993.30128,18029.36,0.0
2020-12-13 00:00:00+00:00,18029.36,18841.046879999998,17993.30128,18803.44,0.0
2020-12-14 00:00:00+00:00,18803.44,19202.80896,18765.83312,19164.48,0.0
2020-12-15 00:00:00+00:00,19164.48,19315.14318,19126.15104,19276.59,0.0
2020-12-16 00:00:00+00:00,19276.59,19478.6295,19238.03682,19439.75,0.0
2020-12-17 00:00:00+00:00,19439.75,21422.23896,19400.8705,21379.48,0.0
2020-12-18 00:00:00+00:00,21379.48,22893.15492,21336.72104,22847.46,0.0
2020-12-19 00:00:00+00:00,22847.46,23197.09158,22801.765079999997,23150.79,0.0
2020-12-20 00:00:00+00:00,23150.79,23917.659839999997,23104.48842,23869.92,0.0
2020-12-21 00:00:00+00:00,23869.92,23917.659839999997,23443.598840000002,23490.58,0.0
2020-12-22 00:00:00+00:00,23490.58,23537.56116,22699.98904,22745.48,0.0
2020-12-23 00:00:00+00:00,22745.48,23872.63998,22699.98904,23824.99,0.0
2020-12-24 00:00:00+00:00,23824.99,23872.63998,23206.86326,23253.37,0.0
2020-12-25 00:00:00+00:00,23253.37,23762.961059999998,23206.86326,23715.53,0.0
2020-12-26 00:00:00+00:00,23715.53,24742.96716,23668.09894,24693.58,0.0
2020-12-27 00:00:00+00:00,24693.58,26496.096419999998,24644.192840000003,26443.21,0.0
2020-12-28 00:00:00+00:00,26443.21,26496.096419999998,26194.08684,26246.58,0.0
2020-12-29 00:00:00+00:00,26246.58,27090.76338,26194.08684,27036.69,0.0
2020-12-30 00:00:00+00:00,27036.69,27431.12274,26982.616619999997,27376.37,0.0
2020-12-31 00:00:00+00:00,27376.37,28914.30318,27321.61726,28856.59,0.0
2021-01-01 00:00:00+00:00,28856.59,29040.525120000002,28798.87682,28982.56,0.0
2021-01-02 00:00:00+00:00,28982.56,29452.5375,28924.59488,29393.75,0.0
2021-01-03 00:00:00+00:00,29393.75,32259.85092,29334.9625,32195.46,0.0
2021-01-04 00:00:00+00:00,32195.46,33066.781559999996,32131.069079999997,33000.78,0.0
2021-01-05 00:00:00+00:00,33000.78,33066.781559999996,31970.959939999997,32035.03,0.0
2021-01-06 00:00:00+00:00,32035.03,34114.76334,31970.959939999997,34046.67,0.0
2021-01-07 00:00:00+00:00,34046.67,36934.130820000006,33978.57666,36860.41,0.0
2021-01-08 00:00:00+00:00,36860.41,39565.01208,36786.68918,39486.04,0.0
2021-01-09 00:00:00+00:00,39486.04,40751.5905,39407.06792,40670.25,0.0
2021-01-10 00:00:00+00:00,40670.25,40751.5905,40160.23856,40240.72,0.0
2021-01-11 00:00:00+00:00,40240.72,40321.201440000004,38163.60982,38240.09,0.0
2021-01-12 00:00:00+00:00,38240.09,38316.570179999995,35473.85012,35544.94,0.0
2021-01-13 00:00:00+00:00,35544.94,35616.02988,33943.79636,34011.82,0.0
2021-01-14 00:00:00+00:00,34011.82,37467.91626,33943.79636,37393.13,0.0
2021-01-15 00:00:00+00:00,37393.13,39236.78694,37318.34374,39158.47,0.0
2021-01-16 00:00:00+00:00,39158.47,39236.78694,36754.86296,36828.52,0.0
2021-01-17 00:00:00+00:00,36828.52,36902.177039999995,35993.069599999995,36065.2,0.0
2021-01-18 00:00:00+00:00,36065.2,36137.3304,35721.42398,35793.01,0.0
2021-01-19 00:00:00+00:00,35793.01,36705.6147,35721.42398,36632.35,0.0
2021-01-20 00:00:00+00:00,36632.35,36705.6147,35948.089739999996,36020.13,0.0
2021-01-21 00:00:00+00:00,36020.13,36092.17026,35467.90204,35538.98,0.0
2021-01-22 00:00:00+00:00,35538.98,35610.057960000006,30736.28424,30797.88,0.0
2021-01-23 00:00:00+00:00,30797.88,33068.38476,30736.28424,33002.38,0.0
2021-01-24 00:00:00+00:00,33002.38,33068.38476,32035.540520000002,32099.74,0.0
2021-01-25 00:00:00+00:00,32099.74,32341.39368,32035.540520000002,32276.84,0.0
2021-01-26 00:00:00+00:00,32276.84,32341.39368,32178.77348,32243.26,0.0
2021-01-27 00:00:00+00:00,32243.26,32606.8836,32178.77348,32541.8,0.0
2021-01-28 00:00:00+00:00,32541.8,32606.8836,30358.33166,30419.17,0.0
2021-01-29 00:00:00+00:00,30419.17,33469.97634,30358.33166,33403.17,0.0
2021-01-30 00:00:00+00:00,33403.17,34382.88852,33336.363659999995,34314.26,0.0
2021-01-31 00:00:00+00:00,34314.26,34386.7362,34245.631480000004,34318.1,0.0
2021-02-01 00:00:00+00:00,34318.1,34386.7362,33070.187079999996,33136.46,0.0
2021-02-02 00:00:00+00:00,33136.46,33589.9458,33070.187079999996,33522.9,0.0
2021-02-03 00:00:00+00:00,33522.9,35600.719320000004,33455.8542,35529.66,0.0
2021-02-04 00:00:00+00:00,35529.66,37751.6025,35458.60068,37676.25,0.0
2021-02-05 00:00:00+00:00,37676.25,37751.6025,36928.08581999999,37002.09,0.0
2021-02-06 00:00:00+00:00,37002.09,38355.16722,36928.08581999999,38278.61,0.0
2021-02-07 00:00:00+00:00,38278.61,39401.906520000004,38202.05278,39323.26,0.0
2021-02-08 00:00:00+00:00,39323.26,39401.906520000004,38850.2438,38928.1,0.0
2021-02-09 00:00:00+00:00,38928.1,46457.028600000005,38850.2438,46364.3,0.0
2021-02-10 00:00:00+00:00,46364.3,46682.75916,46271.5714,46589.58,0.0
2021-02-11 00:00:00+00:00,46589.58,46682.75916,44788.41366,44878.17,0.0
2021-02-12 00:00:00+00:00,44878.17,48109.40676,44788.41366,48013.38,0.0
2021-02-13 00:00:00+00:00,48013.38,48109.40676,47376.457200000004,47471.4,0.0
2021-02-14 00:00:00+00:00,47471.4,47566.3428,47090.81962,47185.19,0.0
2021-02-15 00:00:00+00:00,47185.19,48817.81074,47090.81962,48720.37,0.0
2021-02-16 00:00:00+00:00,48720.37,48817.81074,47855.946299999996,47951.85,0.0
2021-02-17 00:00:00+00:00,47951.85,49258.4202,47855.946299999996,49160.1,0.0
2021-02-18 00:00:00+00:00,49160.1,52222.46646,49061.7798,52118.23,0.0
2021-02-19 00:00:00+00:00,52118.23,52222.46646,51504.9337,51608.15,0.0
2021-02-20 00:00:00+00:00,51608.15,56028.333,51504.9337,55916.5,0.0
2021-02-21 00:00:00+00:00,55916.5,56113.202399999995,55804.667,56001.2,0.0
2021-02-22 00:00:00+00:00,56001.2,57602.83572,55889.1976,57487.86,0.0
2021-02-23 00:00:00+00:00,57487.86,57602.83572,54015.1532,54123.4,0.0
2021-02-24 00:00:00+00:00,54123.4,54231.6468,48782.66914,48880.43,0.0
2021-02-25 00:00:00+00:00,48880.43,50726.08968,48782.66914,50624.84,0.0
2021-02-26 00:00:00+00:00,50624.84,50726.08968,46706.81916,46800.42,0.0
2021-02-27 00:00:00+00:00,46800.42,46894.02084,46247.62938,46340.31,0.0
2021-02-28 00:00:00+00:00,46340.31,46432.99062,46063.558260000005,46155.87,0.0
2021-03-01 00:00:00+00:00,46155.87,46248.18174,45023.69216,45113.92,0.0
2021-03-02 00:00:00+00:00,45113.92,49717.66686,45023.69216,49618.43,0.0
2021-03-03 00:00:00+00:00,49618.43,49717.66686,48259.32792,48356.04,0.0
2021-03-04 00:00:00+00:00,48356.04,50578.655399999996,48259.32792,50477.7,0.0
2021-03-05 00:00:00+00:00,50477.7,50578.655399999996,48352.012180000005,48448.91,0.0
2021-03-06 00:00:00+00:00,48448.91,48959.102759999994,48352.012180000005,48861.38,0.0
2021-03-07 00:00:00+00:00,48861.38,48979.35318,48763.65724,48881.59,0.0
2021-03-08 00:00:00+00:00,48881.59,51272.039399999994,48783.826819999995,51169.7,0.0
2021-03-09 00:00:00+00:00,51169.7,52403.928660000005,51067.3606,52299.33,0.0
2021-03-10 00:00:00+00:00,52299.33,54991.283039999995,52194.73134,54881.52,0.0
2021-03-11 00:00:00+00:00,54881.52,56109.224460000005,54771.75696,55997.23,0.0
2021-03-12 00:00:00+00:00,55997.23,57879.528,55885.23554,57764.0,0.0
2021-03-13 00:00:00+00:00,57764.0,57879.528,57138.77344,57253.28,0.0
2021-03-14 00:00:00+00:00,57253.28,61381.247460000006,57138.77344,61258.73,0.0
2021-03-15 00:00:00+00:00,61258.73,61381.247460000006,59015.20306,59133.47,0.0
2021-03-16 00:00:00+00:00,59133.47,59251.73694,55643.21056,55754.72,0.0
2021-03-17 00:00:00+00:00,55754.72,56986.12476,55643.21056,56872.38,0.0
2021-03-18 00:00:00+00:00,56872.38,59030.826,56758.635239999996,58913.0,0.0
2021-03-19 00:00:00+00:00,58913.0,59030.826,57550.5682,57665.9,0.0
2021-03-20 00:00:00+00:00,57665.9,58191.2502,57550.5682,58075.1,0.0
2021-03-21 00:00:00+00:00,58075.1,58201.971600000004,57958.949799999995,58085.8,0.0
2021-03-22 00:00:00+00:00,58085.8,58201.971600000004,57296.34766,57411.17,0.0
2021-03-23 00:00:00+00:00,57411.17,57525.99234,54096.55008,54204.96,0.0
2021-03-24 00:00:00+00:00,54204.96,54586.414919999996,54096.55008,54477.46,0.0
2021-03-25 00:00:00+00:00,54477.46,54586.414919999996,52403.213540000004,52508.23,0.0
2021-03-26 00:00:00+00:00,52508.23,52613.24646,51313.08816,51415.92,0.0
2021-03-27 00:00:00+00:00,51415.92,55184.61894,51313.08816,55074.47,0.0
2021-03-28 00:00:00+00:00,55074.47,55975.65786,54964.32106,55863.93,0.0
2021-03-29 00:00:00+00:00,55863.93,55975.65786,55672.14258,55783.71,0.0
2021-03-30 00:00:00+00:00,55783.71,57742.92534,55672.14258,57627.67,0.0
2021-03-31 00:00:00+00:00,57627.67,58847.59026,57512.414659999995,58730.13,0.0
2021-04-01 00:00:00+00:00,58730.13,58852.7205,58612.66974,58735.25,0.0
2021-04-02 00:00:00+00:00,58735.25,58854.39384,58617.7795,58736.92,0.0
2021-04-03 00:00:00+00:00,58736.92,59149.38264,58619.44616,59031.32,0.0
2021-04-04 00:00:00+00:00,59031.32,59149.38264,56962.33702,57076.49,0.0
2021-04-05 00:00:00+00:00,57076.49,58322.9631,56962.33702,58206.55,0.0
2021-04-06 00:00:00+00:00,58206.55,59172.2082,58090.136900000005,59054.1,0.0
2021-04-07 00:00:00+00:00,59054.1,59172.2082,57904.41908,58020.46,0.0
2021-04-08 00:00:00+00:00,58020.46,58136.50092,55835.375459999996,55947.27,0.0
2021-04-09 00:00:00+00:00,55947.27,58164.68717999999,55835.375459999996,58048.59,0.0
2021-04-10 00:00:00+00:00,58048.59,58218.78516,57932.49282,58102.58,0.0
2021-04-11 00:00:00+00:00,58102.58,59893.548,57986.374840000004,59774.0,0.0
2021-04-12 00:00:00+00:00,59774.0,60084.79974,59654.452,59964.87,0.0
2021-04-13 00:00:00+00:00,59964.87,60084.79974,59715.07052,59834.74,0.0
2021-04-14 00:00:00+00:00,59834.74,63681.54888,59715.07052,63554.44,0.0
2021-04-15 00:00:00+00:00,63554.44,63681.54888,62843.18176,62969.12,0.0
2021-04-16 00:00:00+00:00,62969.12,63379.135259999995,62843.18176,63252.63,0.0
2021-04-17 00:00:00+00:00,63252.63,63379.135259999995,61333.068040000006,61455.98,0.0
2021-04-18 00:00:00+00:00,61455.98,61578.89196,59966.915819999995,60087.09,0.0
2021-04-19 00:00:00+00:00,60087.09,60207.26418,56138.977040000005,56251.48,0.0
2021-04-20 00:00:00+00:00,56251.48,56363.98296,55591.73372,55703.14,0.0
2021-04-21 00:00:00+00:00,55703.14,56620.925820000004,55591.73372,56507.91,0.0
2021-04-22 00:00:00+00:00,56507.91,56620.925820000004,53701.182400000005,53808.8,0.0
2021-04-23 00:00:00+00:00,53808.8,53916.4176,51628.24658,51731.71,0.0
2021-04-24 00:00:00+00:00,51731.71,51835.17342,51050.82374,51153.13,0.0
2021-04-25 00:00:00+00:00,51153.13,51255.436259999995,50010.308939999995,50110.53,0.0
2021-04-26 00:00:00+00:00,50110.53,50210.75106,48977.42884,49075.58,0.0
2021-04-27 00:00:00+00:00,49075.58,54164.75328,48977.42884,54056.64,0.0
2021-04-28 00:00:00+00:00,54056.64,55181.60292,53948.52672,55071.46,0.0
2021-04-29 00:00:00+00:00,55071.46,55181.60292,54774.3318,54884.1,0.0
2021-04-30 00:00:00+00:00,54884.1,54993.8682,53476.981700000004,53584.15,0.0
2021-05-01 00:00:00+00:00,53584.15,57912.213240000005,53476.981700000004,57796.62,0.0
2021-05-02 00:00:00+00:00,57796.62,57973.215,57681.02676,57857.5,0.0
2021-05-03 00:00:00+00:00,57857.5,57973.215,56497.23908,56610.46,0.0
2021-05-04 00:00:00+00:00,56610.46,57327.75666,56497.23908,57213.33,0.0
2021-05-05 00:00:00+00:00,57213.33,57327.75666,53135.23656,53241.72,0.0
2021-05-06 00:00:00+00:00,53241.72,57588.17646,53135.23656,57473.23,0.0
2021-05-07 00:00:00+00:00,57473.23,57588.17646,56315.303680000005,56428.16,0.0
2021-05-08 00:00:00+00:00,56428.16,57495.03054,56315.303680000005,57380.27,0.0
2021-05-09 00:00:00+00:00,57380.27,59046.66762,57265.509459999994,58928.81,0.0
2021-05-10 00:00:00+00:00,58928.81,59046.66762,58164.168540000006,58280.73,0.0
2021-05-11 00:00:00+00:00,58280.73,58397.29146,55771.733,55883.5,0.0
2021-05-12 00:00:00+00:00,55883.5,56863.5,55771.733,56750.0,0.0
2021-05-13 00:00:00+00:00,56750.0,56863.5,48909.07582,49007.09,0.0
2021-05-14 00:00:00+00:00,49007.09,49801.67454,48909.07582,49702.27,0.0
2021-05-15 00:00:00+00:00,49702.27,50022.36504,49602.86545999999,49922.52,0.0
2021-05-16 00:00:00+00:00,49922.52,50022.36504,46643.10684,46736.58,0.0
2021-05-17 00:00:00+00:00,46736.58,46830.05316,46348.75672,46441.64,0.0
2021-05-18 00:00:00+00:00,46441.64,46534.52328,43509.04752,43596.24,0.0
2021-05-19 00:00:00+00:00,43596.24,43683.432479999996,42826.365620000004,42912.19,0.0
2021-05-20 00:00:00+00:00,42912.19,42998.01438,36890.341459999996,36964.27,0.0
2021-05-21 00:00:00+00:00,36964.27,40865.88864,36890.341459999996,40784.32,0.0
2021-05-22 00:00:00+00:00,40784.32,40865.88864,37205.7893,37280.35,0.0
2021-05-23 00:00:00+00:00,37280.35,37603.35660000001,37205.7893,37528.3,0.0
2021-05-24 00:00:00+00:00,37528.3,37603.35660000001,34685.03092,34754.54,0.0
2021-05-25 00:00:00+00:00,34754.54,38806.047179999994,34685.03092,38728.59,0.0
2021-05-26 00:00:00+00:00,38728.59,38806.047179999994,38333.679,38410.5,0.0
2021-05-27 00:00:00+00:00,38410.5,39344.57208,38333.679,39266.04,0.0
2021-05-28 00:00:00+00:00,39266.04,39344.57208,38368.39942,38445.29,0.0
2021-05-29 00:00:00+00:00,38445.29,38522.18058,35618.24076,35689.62,0.0
2021-05-30 00:00:00+00:00,35689.62,35760.999240000005,34578.37466,34647.67,0.0
2021-05-31 00:00:00+00:00,34647.67,35755.95918,34578.37466,35684.59,0.0
2021-06-01 00:00:00+00:00,35684.59,37385.16108,35613.220819999995,37310.54,0.0
2021-06-02 00:00:00+00:00,37310.54,37385.16108,36589.31472,36662.64,0.0
2021-06-03 00:00:00+00:00,36662.64,37660.41048,36589.31472,37585.24,0.0
2021-06-04 00:00:00+00:00,37585.24,39266.96718,37510.06952,39188.59,0.0
2021-06-05 00:00:00+00:00,39188.59,39266.96718,36811.73898,36885.51,0.0
2021-06-06 00:00:00+00:00,36885.51,36959.28102,35459.31924,35530.38,0.0
2021-06-07 00:00:00+00:00,35530.38,35887.802339999995,35459.31924,35816.17,0.0
2021-06-08 00:00:00+00:00,35816.17,35887.802339999995,33447.840260000004,33514.87,0.0
2021-06-09 00:00:00+00:00,33514.87,33581.89974,33383.28962,33450.19,0.0
2021-06-10 00:00:00+00:00,33450.19,37413.036720000004,33383.28962,37338.36,0.0
2021-06-11 00:00:00+00:00,37338.36,37413.036720000004,36631.160859999996,36704.57,0.0
2021-06-12 00:00:00+00:00,36704.57,37387.80636,36631.160859999996,37313.18,0.0
2021-06-13 00:00:00+00:00,37313.18,37387.80636,35423.9102,35494.9,0.0
2021-06-14 00:00:00+00:00,35494.9,39144.95364,35423.9102,39066.82,0.0
2021-06-15 00:00:00+00:00,39066.82,40606.8516,38988.68636,40525.8,0.0
2021-06-16 00:00:00+00:00,40525.8,40606.8516,40108.18288,40188.56,0.0
2021-06-17 00:00:00+00:00,40188.56,40268.937119999995,38248.22026,38324.87,0.0
2021-06-18 00:00:00+00:00,38324.87,38401.51974,37991.903920000004,38068.04,0.0
2021-06-19 00:00:00+00:00,38068.04,38144.17608,35658.36036,35729.82,0.0
2021-06-20 00:00:00+00:00,35729.82,35801.27964,35453.12166,35524.17,0.0
2021-06-21 00:00:00+00:00,35524.17,35663.5347,35453.12166,35592.35,0.0
2021-06-22 00:00:00+00:00,35592.35,35663.5347,31623.1769,31686.55,0.0
2021-06-23 00:00:00+00:00,31686.55,32512.48518,31623.1769,32447.59,0.0
2021-06-24 00:00:00+00:00,32447.59,33742.009320000005,32382.69482,33674.66,0.0
2021-06-25 00:00:00+00:00,33674.66,34708.65876,33607.31068,34639.38,0.0
2021-06-26 00:00:00+00:00,34639.38,34708.65876,31577.298840000003,31640.58,0.0
2021-06-27 00:00:00+00:00,31640.58,32225.23182,31577.298840000003,32160.91,0.0
2021-06-28 00:00:00+00:00,32160.91,34713.7389,32096.58818,34644.45,0.0
2021-06-29 00:00:00+00:00,34644.45,34713.7389,34387.75666,34456.67,0.0
2021-06-30 00:00:00+00:00,34456.67,35919.395399999994,34387.75666,35847.7,0.0
2021-07-01 00:00:00+00:00,35847.7,35919.395399999994,34977.26528,35047.36,0.0
2021-07-02 00:00:00+00:00,35047.36,35117.45472,33469.80624,33536.88,0.0
2021-07-03 00:00:00+00:00,33536.88,33924.57372,33469.80624,33856.86,0.0
2021-07-04 00:00:00+00:00,33856.86,34758.35796,33789.14628,34688.98,0.0
2021-07-05 00:00:00+00:00,34688.98,35379.918600000005,34619.602040000005,35309.3,0.0
2021-07-06 00:00:00+00:00,35309.3,35379.918600000005,33680.47406,33747.97,0.0
2021-07-07 00:00:00+00:00,33747.97,34279.43202,33680.47406,34211.01,0.0
2021-07-08 00:00:00+00:00,34211.01,34279.43202,33771.36192,33839.04,0.0
2021-07-09 00:00:00+00:00,33839.04,33906.71808,32811.65518,32877.41,0.0
2021-07-10 00:00:00+00:00,32877.41,33886.15704,32811.65518,33818.52,0.0
2021-07-11 00:00:00+00:00,33818.52,33886.15704,33448.53886,33515.57,0.0
2021-07-12 00:00:00+00:00,33515.57,34296.09528,33448.53886,34227.64,0.0
2021-07-13 00:00:00+00:00,34227.64,34296.09528,33091.9335,33158.25,0.0
2021-07-14 00:00:00+00:00,33158.25,33224.5665,32621.18688,32686.56,0.0
2021-07-15 00:00:00+00:00,32686.56,32880.23922,32621.18688,32814.61,0.0
2021-07-16 00:00:00+00:00,32814.61,32880.23922,31675.11282,31738.59,0.0
2021-07-17 00:00:00+00:00,31738.59,31802.067180000002,31358.4075,31421.25,0.0
2021-07-18 00:00:00+00:00,31421.25,31583.70132,31358.4075,31520.66,0.0
2021-07-19 00:00:00+00:00,31520.66,31847.05698,31457.61868,31783.49,0.0
2021-07-20 00:00:00+00:00,31783.49,31847.05698,30754.308119999998,30815.94,0.0
2021-07-21 00:00:00+00:00,30815.94,30877.57188,29730.65952,29790.24,0.0
2021-07-22 00:00:00+00:00,29790.24,32182.296120000003,29730.65952,32118.06,0.0
2021-07-23 00:00:00+00:00,32118.06,32362.48578,32053.82388,32297.89,0.0
2021-07-24 00:00:00+00:00,32297.89,33648.79326,32233.29422,33581.63,0.0
2021-07-25 00:00:00+00:00,33581.63,34347.89868,33514.466739999996,34279.34,0.0
2021-07-26 00:00:00+00:00,34279.34,35435.9304,34210.781319999995,35365.2,0.0
2021-07-27 00:00:00+00:00,35365.2,37392.77628,35294.4696,37318.14,0.0
2021-07-28 00:00:00+00:00,37318.14,39484.7619,37243.50372,39405.95,0.0
2021-07-29 00:00:00+00:00,39405.95,40082.53506,39327.1381,40002.53,0.0
2021-07-30 00:00:00+00:00,40002.53,40085.94186,39922.524939999996,40005.93,0.0
2021-07-31 00:00:00+00:00,40005.93,42298.5783,39925.91814,42214.15,0.0
2021-08-01 00:00:00+00:00,42214.15,42298.5783,41575.741879999994,41659.06,0.0
2021-08-02 00:00:00+00:00,41659.06,41742.37812,39920.45908,40000.46,0.0
2021-08-03 00:00:00+00:00,40000.46,40080.46092,39115.55212,39193.94,0.0
2021-08-04 00:00:00+00:00,39193.94,39272.327880000004,38061.724,38138.0,0.0
2021-08-05 00:00:00+00:00,38138.0,39829.64028,38061.724,39750.14,0.0
2021-08-06 00:00:00+00:00,39750.14,40963.764,39670.63972,40882.0,0.0
2021-08-07 00:00:00+00:00,40882.0,42911.601899999994,40800.236,42825.95,0.0
2021-08-08 00:00:00+00:00,42825.95,44723.398259999994,42740.2981,44634.13,0.0
2021-08-09 00:00:00+00:00,44634.13,44723.398259999994,43728.50772,43816.14,0.0
2021-08-10 00:00:00+00:00,43816.14,46426.12692,43728.50772,46333.46,0.0
2021-08-11 00:00:00+00:00,46333.46,46426.12692,45517.15326,45608.37,0.0
2021-08-12 00:00:00+00:00,45608.37,45702.68292,45517.15326,45611.46,0.0
2021-08-13 00:00:00+00:00,45611.46,45702.68292,44328.94444,44417.78,0.0
2021-08-14 00:00:00+00:00,44417.78,47929.64796,44328.94444,47833.98,0.0
2021-08-15 00:00:00+00:00,47833.98,47929.64796,47017.96562,47112.19,0.0
2021-08-16 00:00:00+00:00,47112.19,47206.41438,46962.29718,47056.41,0.0
2021-08-17 00:00:00+00:00,47056.41,47150.522820000006,45890.5849,45982.55,0.0
2021-08-18 00:00:00+00:00,45982.55,46074.515100000004,44559.27286,44648.57,0.0
2021-08-19 00:00:00+00:00,44648.57,44867.41572,44559.27286,44777.86,0.0
2021-08-20 00:00:00+00:00,44777.86,46828.1193,44688.304280000004,46734.65,0.0
2021-08-21 00:00:00+00:00,46734.65,49426.4055,46641.180700000004,49327.75,0.0
2021-08-22 00:00:00+00:00,49327.75,49426.4055,48834.15596,48932.02,0.0
2021-08-23 00:00:00+00:00,48932.02,49434.35136,48834.15596,49335.68,0.0
2021-08-24 00:00:00+00:00,49335.68,49622.547,49237.00864,49523.5,0.0
2021-08-25 00:00:00+00:00,49523.5,49622.547,47649.090840000004,47744.58,0.0
2021-08-26 00:00:00+00:00,47744.58,49070.034179999995,47649.090840000004,48972.09,0.0
2021-08-27 00:00:00+00:00,48972.09,49070.034179999995,46868.8744,46962.8,0.0
2021-08-28 00:00:00+00:00,46962.8,49154.97372,46868.8744,49056.86,0.0
2021-08-29 00:00:00+00:00,49056.86,49154.97372,48799.8547,48897.65,0.0
2021-08-30 00:00:00+00:00,48897.65,48995.4453,48709.16644,48806.78,0.0
2021-08-31 00:00:00+00:00,48806.78,48904.39356,46980.62046,47074.77,0.0
2021-09-01 00:00:00+00:00,47074.77,47250.18174,46980.62046,47155.87,0.0
2021-09-02 00:00:00+00:00,47155.87,48960.48552,47061.558260000005,48862.76,0.0
2021-09-03 00:00:00+00:00,48862.76,49427.668020000005,48765.03448,49329.01,0.0
2021-09-04 00:00:00+00:00,49329.01,50135.40066,49230.35198,50035.33,0.0
2021-09-05 00:00:00+00:00,50035.33,50135.40066,49847.485239999995,49947.38,0.0
2021-09-06 00:00:00+00:00,49947.38,51872.598119999995,49847.485239999995,51769.06,0.0
2021-09-07 00:00:00+00:00,51769.06,52782.7548,51665.52188,52677.4,0.0
2021-09-08 00:00:00+00:00,52677.4,52782.7548,46715.55166,46809.17,0.0
2021-09-09 00:00:00+00:00,46809.17,46902.78834,45986.22324,46078.38,0.0
2021-09-10 00:00:00+00:00,46078.38,46461.42738,45986.22324,46368.69,0.0
2021-09-11 00:00:00+00:00,46368.69,46461.42738,44757.78504,44847.48,0.0
2021-09-12 00:00:00+00:00,44847.48,45235.07958,44757.78504,45144.79,0.0
2021-09-13 00:00:00+00:00,45144.79,46151.238240000006,45054.500420000004,46059.12,0.0
2021-09-14 00:00:00+00:00,46059.12,46151.238240000006,44878.82248,44968.76,0.0
2021-09-15 00:00:00+00:00,44968.76,47166.264240000004,44878.82248,47072.12,0.0
2021-09-16 00:00:00+00:00,47072.12,48264.1857,46977.97576,48167.85,0.0
2021-09-17 00:00:00+00:00,48167.85,48264.1857,47689.68948,47785.26,0.0
2021-09-18 00:00:00+00:00,47785.26,47880.83052,47169.0728,47263.6,0.0
2021-09-19 00:00:00+00:00,47263.6,48355.9689,47169.0728,48259.45,0.0
2021-09-20 00:00:00+00:00,48259.45,48355.9689,47154.881239999995,47249.38,0.0
2021-09-21 00:00:00+00:00,47249.38,47343.87876,42815.75688,42901.56,0.0
2021-09-22 00:00:00+00:00,42901.56,42987.363119999995,40538.03146,40619.27,0.0
2021-09-23 00:00:00+00:00,40619.27,43691.96952,40538.03146,43604.76,0.0
2021-09-24 00:00:00+00:00,43604.76,44978.73792,43517.550480000005,44888.96,0.0
2021-09-25 00:00:00+00:00,44888.96,44978.73792,42729.92888,42815.56,0.0
2021-09-26 00:00:00+00:00,42815.56,42901.191119999996,42656.52598,42742.01,0.0
2021-09-27 00:00:00+00:00,42742.01,43268.995259999996,42656.52598,43182.63,0.0
2021-09-28 00:00:00+00:00,43182.63,43268.995259999996,42153.7236,42238.2,0.0
2021-09-29 00:00:00+00:00,42238.2,42322.6764,40929.13768,41011.16,0.0
2021-09-30 00:00:00+00:00,41011.16,41605.424759999994,40929.13768,41522.38,0.0
2021-10-01 00:00:00+00:00,41522.38,43845.325619999996,41439.33524,43757.81,0.0
2021-10-02 00:00:00+00:00,43757.81,48236.39022,43670.29438,48140.11,0.0
2021-10-03 00:00:00+00:00,48140.11,48236.39022,47631.6458,47727.1,0.0
2021-10-04 00:00:00+00:00,47727.1,48302.131440000005,47631.6458,48205.72,0.0
2021-10-05 00:00:00+00:00,48205.72,49242.2379,48109.30856,49143.95,0.0
2021-10-06 00:00:00+00:00,49143.95,51608.84166,49045.662099999994,51505.83,0.0
2021-10-07 00:00:00+00:00,51505.83,55454.44752,51402.818340000005,55343.76,0.0
2021-10-08 00:00:00+00:00,55343.76,55454.44752,53693.4978,53801.1,0.0
2021-10-09 00:00:00+00:00,53801.1,53975.034600000006,53693.4978,53867.3,0.0
2021-10-10 00:00:00+00:00,53867.3,55232.835179999995,53759.5654,55122.59,0.0
2021-10-11 00:00:00+00:00,55122.59,55232.835179999995,54516.48852,54625.74,0.0
2021-10-12 00:00:00+00:00,54625.74,57566.914020000004,54516.48852,57452.01,0.0
2021-10-13 00:00:00+00:00,57452.01,57566.914020000004,56130.45412,56242.94,0.0
2021-10-14 00:00:00+00:00,56242.94,57521.50338,56130.45412,57406.69,0.0
2021-10-15 00:00:00+00:00,57406.69,57521.50338,57282.94452,57397.74,0.0
2021-10-16 00:00:00+00:00,57397.74,61764.452339999996,57282.94452,61641.17,0.0
2021-10-17 00:00:00+00:00,61641.17,61764.452339999996,60826.88244,60948.78,0.0
2021-10-18 00:00:00+00:00,60948.78,61669.30242,60826.88244,61546.21,0.0
2021-10-19 00:00:00+00:00,61546.21,62095.53318,61423.11758,61971.59,0.0
2021-10-20 00:00:00+00:00,61971.59,64416.21528,61847.646819999994,64287.64,0.0
2021-10-21 00:00:00+00:00,64287.64,66195.68712,64159.06472,66063.56,0.0
2021-10-22 00:00:00+00:00,66063.56,66195.68712,62230.15028,62354.86,0.0
2021-10-23 00:00:00+00:00,62354.86,62479.56972,60575.66588,60697.06,0.0
2021-10-24 00:00:00+00:00,60697.06,61399.834559999996,60575.66588,61277.28,0.0
2021-10-25 00:00:00+00:00,61277.28,61399.834559999996,60762.41164,60884.18,0.0
2021-10-26 00:00:00+00:00,60884.18,63196.68108,60762.41164,63070.54,0.0
2021-10-27 00:00:00+00:00,63070.54,63196.68108,60224.47966,60345.17,0.0
2021-10-28 00:00:00+00:00,60345.17,60465.86034,58421.41302,58538.49,0.0
2021-10-29 00:00:00+00:00,58538.49,60708.26418,58421.41302,60587.09,0.0
2021-10-30 00:00:00+00:00,60587.09,62373.67836,60465.915819999995,62249.18,0.0
2021-10-31 00:00:00+00:00,62249.18,62373.67836,61607.82742,61731.29,0.0
2021-11-01 00:00:00+00:00,61731.29,61854.75258,61250.69312,61373.44,0.0
2021-11-02 00:00:00+00:00,61373.44,61496.18688,60907.441,61029.5,0.0
2021-11-03 00:00:00+00:00,61029.5,63367.59222,60907.441,63241.11,0.0
2021-11-04 00:00:00+00:00,63241.11,63367.59222,62828.95028,62954.86,0.0
2021-11-05 00:00:00+00:00,62954.86,63080.769720000004,61318.94634,61441.83,0.0
2021-11-06 00:00:00+00:00,61441.83,61564.71366,60950.17536,61072.32,0.0
2021-11-07 00:00:00+00:00,61072.32,61639.342619999996,60950.17536,61516.31,0.0
2021-11-08 00:00:00+00:00,61516.31,63419.80644,61393.27738,63293.22,0.0
2021-11-09 00:00:00+00:00,63293.22,67697.29434,63166.63356,67562.17,0.0
2021-11-10 00:00:00+00:00,67562.17,67697.29434,66820.20178,66954.11,0.0
2021-11-11 00:00:00+00:00,66954.11,67088.01822,64846.776540000006,64976.73,0.0
2021-11-12 00:00:00+00:00,64976.73,65106.68346,64709.132379999995,64838.81,0.0
2021-11-13 00:00:00+00:00,64838.81,64968.48762,64126.16066,64254.67,0.0
2021-11-14 00:00:00+00:00,64254.67,64549.78188,64126.16066,64420.94,0.0
2021-11-15 00:00:00+00:00,64420.94,65599.6875,64292.09812,65468.75,0.0
2021-11-16 00:00:00+00:00,65468.75,65599.6875,63457.0815,63584.25,0.0
2021-11-17 00:00:00+00:00,63584.25,63711.4185,60051.91548,60172.26,0.0
2021-11-18 00:00:00+00:00,60172.26,60502.1127,60051.91548,60381.35,0.0
2021-11-19 00:00:00+00:00,60381.35,60502.1127,56807.497319999995,56921.34,0.0
2021-11-20 00:00:00+00:00,56921.34,58249.28604,56807.497319999995,58133.02,0.0
2021-11-21 00:00:00+00:00,58133.02,59897.53596,58016.753959999995,59777.98,0.0
2021-11-22 00:00:00+00:00,59777.98,59897.53596,58638.3882,58755.9,0.0
2021-11-23 00:00:00+00:00,58755.9,58873.4118,56188.916959999995,56301.52,0.0
2021-11-24 00:00:00+00:00,56301.52,57693.37644,56188.916959999995,57578.22,0.0
2021-11-25 00:00:00+00:00,57578.22,57693.37644,57073.16492,57187.54,0.0
2021-11-26 00:00:00+00:00,57187.54,59053.3209,57073.16492,58935.45,0.0
2021-11-27 00:00:00+00:00,58935.45,59053.3209,53481.033579999996,53588.21,0.0
2021-11-28 00:00:00+00:00,53588.21,54910.7523,53481.033579999996,54801.15,0.0
2021-11-29 00:00:00+00:00,54801.15,57406.86456,54691.5477,57292.28,0.0
2021-11-30 00:00:00+00:00,57292.28,57944.1069,57177.695439999996,57828.45,0.0
2021-12-01 00:00:00+00:00,57828.45,57944.1069,56911.73842,57025.79,0.0
2021-12-02 00:00:00+00:00,57025.79,57344.21952,56911.73842,57229.76,0.0
2021-12-03 00:00:00+00:00,57229.76,57344.21952,56395.46304,56508.48,0.0
2021-12-04 00:00:00+00:00,56508.48,56621.496960000004,53606.412319999996,53713.84,0.0
2021-12-05 00:00:00+00:00,53713.84,53821.26768,49155.35228,49253.86,0.0
2021-12-06 00:00:00+00:00,49253.86,49479.19086,49155.35228,49380.43,0.0
2021-12-07 00:00:00+00:00,49380.43,50665.75926,49281.66914,50564.63,0.0
2021-12-08 00:00:00+00:00,50564.63,50746.700820000005,50463.500739999996,50645.41,0.0
2021-12-09 00:00:00+00:00,50645.41,50746.700820000005,50410.097760000004,50511.12,0.0
2021-12-10 00:00:00+00:00,50511.12,50612.14224,47564.36064,47659.68,0.0
2021-12-11 00:00:00+00:00,47659.68,47754.99936,47043.185079999996,47137.46,0.0
2021-12-12 00:00:00+00:00,47137.46,49478.429339999995,47043.185079999996,49379.67,0.0
2021-12-13 00:00:00+00:00,49379.67,50217.4845,49280.91066,50117.25,0.0
2021-12-14 00:00:00+00:00,50117.25,50217.4845,46663.57582,46757.09,0.0
2021-12-15 00:00:00+00:00,46757.09,48489.575580000004,46663.57582,48392.79,0.0
2021-12-16 00:00:00+00:00,48392.79,48982.42932,48296.00442,48884.66,0.0
2021-12-17 00:00:00+00:00,48884.66,48982.42932,47563.063239999996,47658.38,0.0
2021-12-18 00:00:00+00:00,47658.38,47753.69676,46081.16298,46173.51,0.0
2021-12-19 00:00:00+00:00,46173.51,46957.397339999996,46081.16298,46863.67,0.0
2021-12-20 00:00:00+00:00,46863.67,46957.397339999996,46595.90144,46689.28,0.0
2021-12-21 00:00:00+00:00,46689.28,47003.95026,46595.90144,46910.13,0.0
2021-12-22 00:00:00+00:00,46910.13,49032.43914,46816.30974,48934.57,0.0
2021-12-23 00:00:00+00:00,48934.57,49032.43914,48531.0933,48628.35,0.0
2021-12-24 00:00:00+00:00,48628.35,50887.26138,48531.0933,50785.69,0.0
2021-12-25 00:00:00+00:00,50785.69,50916.54984,50684.11862,50814.92,0.0
2021-12-26 00:00:00+00:00,50814.92,50916.54984,50369.94822,50470.89,0.0
2021-12-27 00:00:00+00:00,50470.89,50902.71222,50369.94822,50801.11,0.0
2021-12-28 00:00:00+00:00,50801.11,50902.71222,50590.915400000005,50692.3,0.0
2021-12-29 00:00:00+00:00,50692.3,50793.6846,47506.05748,47601.26,0.0
2021-12-30 00:00:00+00:00,47601.26,47696.46252,46316.052260000004,46408.87,0.0
2021-12-31 00:00:00+00:00,46408.87,47227.22592,46316.052260000004,47132.96,0.0
2022-01-01 00:00:00+00:00,47132.96,47227.22592,46157.06088,46249.56,0.0
2022-01-02 00:00:00+00:00,46249.56,47858.856660000005,46157.06088,47763.33,0.0
2022-01-03 00:00:00+00:00,47763.33,47858.856660000005,47233.21426,47327.87,0.0
2022-01-04 00:00:00+00:00,47327.87,47422.525740000005,46349.10602,46441.99,0.0
2022-01-05 00:00:00+00:00,46441.99,46534.87398,45771.25404,45862.98,0.0
2022-01-06 00:00:00+00:00,45862.98,45954.70596000001,43349.29766,43436.17,0.0
2022-01-07 00:00:00+00:00,43436.17,43523.04234,43034.388739999995,43120.63,0.0
2022-01-08 00:00:00+00:00,43120.63,43206.87126,41444.98392,41528.04,0.0
2022-01-09 00:00:00+00:00,41528.04,41774.31186,41444.98392,41690.93,0.0
2022-01-10 00:00:00+00:00,41690.93,41948.168880000005,41607.54814,41864.44,0.0
2022-01-11 00:00:00+00:00,41864.44,41948.168880000005,41765.302,41849.0,0.0
2022-01-12 00:00:00+00:00,41849.0,42808.81674,41765.302,42723.37,0.0
2022-01-13 00:00:00+00:00,42723.37,44013.852,42637.92326,43926.0,0.0
2022-01-14 00:00:00+00:00,43926.0,44013.852,42461.347120000006,42546.44,0.0
2022-01-15 00:00:00+00:00,42546.44,43185.56874,42461.347120000006,43099.37,0.0
2022-01-16 00:00:00+00:00,43099.37,43232.82306,43013.17126,43146.53,0.0
2022-01-17 00:00:00+00:00,43146.53,43232.82306,43016.235120000005,43102.44,0.0
2022-01-18 00:00:00+00:00,43102.44,43188.64488,42163.853299999995,42248.35,0.0
2022-01-19 00:00:00+00:00,42248.35,42466.24296,42163.853299999995,42381.48,0.0
2022-01-20 00:00:00+00:00,42381.48,42466.24296,41624.4343,41707.85,0.0
2022-01-21 00:00:00+00:00,41707.85,41791.265699999996,40603.051159999995,40684.42,0.0
2022-01-22 00:00:00+00:00,40684.42,40765.78884,36407.8883,36480.85,0.0
2022-01-23 00:00:00+00:00,36480.85,36553.8117,35001.28714,35071.43,0.0
2022-01-24 00:00:00+00:00,35071.43,36353.38164,35001.28714,36280.82,0.0
2022-01-25 00:00:00+00:00,36280.82,36752.17764,36208.25836,36678.82,0.0
2022-01-26 00:00:00+00:00,36678.82,37022.70762,36605.46236,36948.81,0.0
2022-01-27 00:00:00+00:00,36948.81,37022.70762,36749.853,36823.5,0.0
2022-01-28 00:00:00+00:00,36823.5,37221.1437,36749.853,37146.85,0.0
2022-01-29 00:00:00+00:00,37146.85,37845.6903,37072.5563,37770.15,0.0
2022-01-30 00:00:00+00:00,37770.15,38262.86298,37694.6097,38186.49,0.0
2022-01-31 00:00:00+00:00,38186.49,38262.86298,37842.78276,37918.62,0.0
2022-02-01 00:00:00+00:00,37918.62,38598.83358,37842.78276,38521.79,0.0
2022-02-02 00:00:00+00:00,38521.79,38817.21948,38444.74642,38739.74,0.0
2022-02-03 00:00:00+00:00,38739.74,38817.21948,36838.85464,36912.68,0.0
2022-02-04 00:00:00+00:00,36912.68,37166.584800000004,36838.85464,37092.4,0.0
2022-02-05 00:00:00+00:00,37092.4,41667.358380000005,37018.2152,41584.19,0.0
2022-02-06 00:00:00+00:00,41584.19,41667.358380000005,41352.55914,41435.43,0.0
2022-02-07 00:00:00+00:00,41435.43,42535.881960000006,41352.55914,42450.98,0.0
2022-02-08 00:00:00+00:00,42450.98,43921.68803999999,42366.07804,43834.02,0.0
2022-02-09 00:00:00+00:00,43834.02,44221.54656,43746.35196,44133.28,0.0
2022-02-10 00:00:00+00:00,44133.28,44486.094600000004,44045.013439999995,44397.3,0.0
2022-02-11 00:00:00+00:00,44397.3,44486.094600000004,43444.04778,43531.11,0.0
2022-02-12 00:00:00+00:00,43531.11,43618.17222,42316.46746,42401.27,0.0
2022-02-13 00:00:00+00:00,42401.27,42486.072539999994,42161.06888,42245.56,0.0
2022-02-14 00:00:00+00:00,42245.56,42330.05112,42020.68022,42104.89,0.0
2022-02-15 00:00:00+00:00,42104.89,42666.10188,42020.68022,42580.94,0.0
2022-02-16 00:00:00+00:00,42580.94,44625.272399999994,42495.77812,44536.2,0.0
2022-02-17 00:00:00+00:00,44536.2,44625.272399999994,43860.912379999994,43948.81,0.0
2022-02-18 00:00:00+00:00,43948.81,44036.70762,40484.55862,40565.69,0.0
2022-02-19 00:00:00+00:00,40565.69,40646.82138,39934.5209,40014.55,0.0
2022-02-20 00:00:00+00:00,40014.55,40195.2801,39934.5209,40115.05,0.0
2022-02-21 00:00:00+00:00,40115.05,40195.2801,38305.55536,38382.32,0.0
2022-02-22 00:00:00+00:00,38382.32,38459.08464,36957.01784,37031.08,0.0
2022-02-23 00:00:00+00:00,37031.08,38338.69434,36957.01784,38262.17,0.0
2022-02-24 00:00:00+00:00,38262.17,38338.69434,37216.89704,37291.48,0.0
2022-02-25 00:00:00+00:00,37291.48,38421.46956,37216.89704,38344.78,0.0
2022-02-26 00:00:00+00:00,38344.78,39301.0452,38268.09044,39222.6,0.0
2022-02-27 00:00:00+00:00,39222.6,39301.0452,39025.70218,39103.91,0.0
2022-02-28 00:00:00+00:00,39103.91,39182.11782000001,37629.15088,37704.56,0.0
2022-03-01 00:00:00+00:00,37704.56,43312.81272,37629.15088,43226.36,0.0
2022-03-02 00:00:00+00:00,43226.36,44507.66766,43139.90728,44418.83,0.0
2022-03-03 00:00:00+00:00,44418.83,44507.66766,43846.980299999996,43934.85,0.0
2022-03-04 00:00:00+00:00,43934.85,44022.7197,42379.4712,42464.4,0.0
2022-03-05 00:00:00+00:00,42464.4,42549.3288,39062.9675,39141.25,0.0
2022-03-06 00:00:00+00:00,39141.25,39478.379160000004,39062.9675,39399.58,0.0
2022-03-07 00:00:00+00:00,39399.58,39478.379160000004,38330.87462,38407.69,0.0
2022-03-08 00:00:00+00:00,38407.69,38484.50538,37956.435,38032.5,0.0
2022-03-09 00:00:00+00:00,38032.5,38830.6062,37956.435,38753.1,0.0
2022-03-10 00:00:00+00:00,38753.1,42040.44306,38675.593799999995,41956.53,0.0
2022-03-11 00:00:00+00:00,41956.53,42040.44306,39359.01422,39437.89,0.0
2022-03-12 00:00:00+00:00,39437.89,39516.76578,38663.55792,38741.04,0.0
2022-03-13 00:00:00+00:00,38741.04,38886.79836,38663.55792,38809.18,0.0
2022-03-14 00:00:00+00:00,38809.18,38886.79836,37744.74922,37820.39,0.0
2022-03-15 00:00:00+00:00,37820.39,39759.9612,37744.74922,39680.6,0.0
2022-03-16 00:00:00+00:00,39680.6,39759.9612,39242.17836,39320.82,0.0
2022-03-17 00:00:00+00:00,39320.82,41215.34616,39242.17836,41133.08,0.0
2022-03-18 00:00:00+00:00,41133.08,41215.34616,40864.88644,40946.78,0.0
2022-03-19 00:00:00+00:00,40946.78,41879.36154,40864.88644,41795.77,0.0
2022-03-20 00:00:00+00:00,41795.77,42306.76464,41712.178459999996,42222.32,0.0
2022-03-21 00:00:00+00:00,42222.32,42306.76464,41168.32834,41250.83,0.0
2022-03-22 00:00:00+00:00,41250.83,41333.33166,40989.26718,41071.41,0.0
2022-03-23 00:00:00+00:00,41071.41,42457.41534,40989.26718,42372.67,0.0
2022-03-24 00:00:00+00:00,42372.67,42990.87012,42287.92466,42905.06,0.0
2022-03-25 00:00:00+00:00,42905.06,44092.47894,42819.249879999996,44004.47,0.0
2022-03-26 00:00:00+00:00,44004.47,44422.998660000005,43916.46106,44334.33,0.0
2022-03-27 00:00:00+00:00,44334.33,44631.47478,44245.66134,44542.39,0.0
2022-03-28 00:00:00+00:00,44542.39,46952.24706,44453.30522,46858.53,0.0
2022-03-29 00:00:00+00:00,46858.53,47210.16186,46764.812939999996,47115.93,0.0
2022-03-30 00:00:00+00:00,47115.93,47542.90602,47021.69814,47448.01,0.0
2022-03-31 00:00:00+00:00,47448.01,47542.90602,46970.03168,47064.16,0.0
2022-04-01 00:00:00+00:00,47064.16,47158.28832000001,45448.141560000004,45539.22,0.0
2022-04-02 00:00:00+00:00,45539.22,46375.12512,45448.141560000004,46282.56,0.0
2022-04-03 00:00:00+00:00,46282.56,46375.12512,45733.70928,45825.36,0.0
2022-04-04 00:00:00+00:00,45825.36,46518.37104,45733.70928,46425.52,0.0
2022-04-05 00:00:00+00:00,46425.52,46704.482520000005,46332.668959999995,46611.26,0.0
2022-04-06 00:00:00+00:00,46611.26,46704.482520000005,45417.14368,45508.16,0.0
2022-04-07 00:00:00+00:00,45508.16,45599.176320000006,43103.79964,43190.18,0.0
2022-04-08 00:00:00+00:00,43190.18,43551.24864,43103.79964,43464.32,0.0
2022-04-09 00:00:00+00:00,43464.32,43551.24864,42194.38212,42278.94,0.0
2022-04-10 00:00:00+00:00,42278.94,42873.265380000004,42194.38212,42787.69,0.0
2022-04-11 00:00:00+00:00,42787.69,42873.265380000004,42059.94154,42144.23,0.0
2022-04-12 00:00:00+00:00,42144.23,42228.51846000001,39409.64276,39488.62,0.0
2022-04-13 00:00:00+00:00,39488.62,40182.4044,39409.64276,40102.2,0.0
2022-04-14 00:00:00+00:00,40102.2,41230.35612,40021.995599999995,41148.06,0.0
2022-04-15 00:00:00+00:00,41148.06,41230.35612,39860.0202,39939.9,0.0
2022-04-16 00:00:00+00:00,39939.9,40647.3324,39860.0202,40566.2,0.0
2022-04-17 00:00:00+00:00,40566.2,40647.3324,40308.00244,40388.78,0.0
2022-04-18 00:00:00+00:00,40388.78,40469.55756,39632.0271,39711.45,0.0
2022-04-19 00:00:00+00:00,39711.45,40887.33144,39632.0271,40805.72,0.0
2022-04-20 00:00:00+00:00,40805.72,41590.314600000005,40724.10856,41507.3,0.0
2022-04-21 00:00:00+00:00,41507.3,41590.314600000005,41293.038420000004,41375.79,0.0
2022-04-22 00:00:00+00:00,41375.79,41458.54158,40432.981980000004,40514.01,0.0
2022-04-23 00:00:00+00:00,40514.01,40595.03802,39648.1947,39727.65,0.0
2022-04-24 00:00:00+00:00,39727.65,39807.1053,39350.15198,39429.01,0.0
2022-04-25 00:00:00+00:00,39429.01,39544.50114,39350.15198,39465.57,0.0
2022-04-26 00:00:00+00:00,39465.57,40553.645399999994,39386.63886,40472.7,0.0
2022-04-27 00:00:00+00:00,40472.7,40553.645399999994,38038.71012,38114.94,0.0
2022-04-28 00:00:00+00:00,38114.94,39327.77856,38038.71012,39249.28,0.0
2022-04-29 00:00:00+00:00,39249.28,39849.58008,39170.78144,39770.04,0.0
2022-04-30 00:00:00+00:00,39770.04,39849.58008,38519.087439999996,38596.28,0.0
2022-05-01 00:00:00+00:00,38596.28,38673.47256,37585.867620000005,37661.19,0.0
2022-05-02 00:00:00+00:00,37661.19,38552.430960000005,37585.867620000005,38475.48,0.0
2022-05-03 00:00:00+00:00,38475.48,38587.6713,38398.52904,38510.65,0.0
2022-05-04 00:00:00+00:00,38510.65,38587.6713,37651.73562,37727.19,0.0
2022-05-05 00:00:00+00:00,37727.19,39754.239779999996,37651.73562,39674.89,0.0
2022-05-06 00:00:00+00:00,39674.89,39754.239779999996,36476.8002,36549.9,0.0
2022-05-07 00:00:00+00:00,36549.9,36622.999800000005,35941.00394,36013.03,0.0
2022-05-08 00:00:00+00:00,36013.03,36085.056059999995,35400.477159999995,35471.42,0.0
2022-05-09 00:00:00+00:00,35471.42,35542.36284,34014.04558,34082.21,0.0
2022-05-10 00:00:00+00:00,34082.21,34150.37442,30115.35858,30175.71,0.0
2022-05-11 00:00:00+00:00,30175.71,31065.937860000002,30115.35858,31003.93,0.0
2022-05-12 00:00:00+00:00,31003.93,31065.937860000002,28849.3357,28907.15,0.0
2022-05-13 00:00:00+00:00,28907.15,28989.00228,28849.3357,28931.14,0.0
2022-05-14 00:00:00+00:00,28931.14,29292.528120000003,28873.27772,29234.06,0.0
2022-05-15 00:00:00+00:00,29234.06,30134.75922,29175.59188,30074.61,0.0
2022-05-16 00:00:00+00:00,30074.61,31339.98486,30014.46078,31277.43,0.0
2022-05-17 00:00:00+00:00,31277.43,31339.98486,29774.42182,29834.09,0.0
2022-05-18 00:00:00+00:00,29834.09,30467.50338,29774.42182,30406.69,0.0
2022-05-19 00:00:00+00:00,30406.69,30467.50338,28623.608060000002,28680.97,0.0
2022-05-20 00:00:00+00:00,28680.97,30350.44974,28623.608060000002,30289.87,0.0
2022-05-21 00:00:00+00:00,30289.87,30350.44974,29101.181,29159.5,0.0
2022-05-22 00:00:00+00:00,29159.5,29468.73984,29101.181,29409.92,0.0
2022-05-23 00:00:00+00:00,29409.92,30339.49788,29351.100159999998,30278.94,0.0
2022-05-24 00:00:00+00:00,30278.94,30339.49788,29016.181340000003,29074.33,0.0
2022-05-25 00:00:00+00:00,29074.33,29693.83914,29016.181340000003,29634.57,0.0
2022-05-26 00:00:00+00:00,29634.57,29693.83914,29459.55282,29518.59,0.0
2022-05-27 00:00:00+00:00,29518.59,29577.62718,29135.53216,29193.92,0.0
2022-05-28 00:00:00+00:00,29193.92,29252.307839999998,28521.732219999998,28578.89,0.0
2022-05-29 00:00:00+00:00,28578.89,29071.71738,28521.732219999998,29013.69,0.0
2022-05-30 00:00:00+00:00,29013.69,29507.63748,28955.66262,29448.74,0.0
2022-05-31 00:00:00+00:00,29448.74,31779.011160000002,29389.842520000002,31715.58,0.0
2022-06-01 00:00:00+00:00,31715.58,31839.82254,31652.14884,31776.27,0.0
2022-06-02 00:00:00+00:00,31776.27,31839.82254,29721.24838,29780.81,0.0
2022-06-03 00:00:00+00:00,29780.81,30490.73976,29721.24838,30429.88,0.0
2022-06-04 00:00:00+00:00,30429.88,30490.73976,29622.39648,29681.76,0.0
2022-06-05 00:00:00+00:00,29681.76,29904.92046,29622.39648,29845.23,0.0
2022-06-06 00:00:00+00:00,29845.23,29961.1527,29785.539539999998,29901.35,0.0
2022-06-07 00:00:00+00:00,29901.35,31412.51964,29841.5473,31349.82,0.0
2022-06-08 00:00:00+00:00,31349.82,31412.51964,31055.594340000003,31117.83,0.0
2022-06-09 00:00:00+00:00,31117.83,31180.06566,30128.8715,30189.25,0.0
2022-06-10 00:00:00+00:00,30189.25,30249.6285,30023.29308,30083.46,0.0
2022-06-11 00:00:00+00:00,30083.46,30143.62692,29001.29118,29059.41,0.0
2022-06-12 00:00:00+00:00,29059.41,29117.52882,28287.811,28344.5,0.0
2022-06-13 00:00:00+00:00,28344.5,28401.189,26540.1134,26593.3,0.0
2022-06-14 00:00:00+00:00,26593.3,26646.4866,22386.35756,22431.22,0.0
2022-06-15 00:00:00+00:00,22431.22,22476.082440000002,22144.91142,22189.29,0.0
2022-06-16 00:00:00+00:00,22189.29,22595.89158,22144.91142,22550.79,0.0
2022-06-17 00:00:00+00:00,22550.79,22595.89158,20309.77904,20350.48,0.0
2022-06-18 00:00:00+00:00,20350.48,20475.6195,20309.77904,20434.75,0.0
2022-06-19 00:00:00+00:00,20434.75,20475.6195,18939.554979999997,18977.51,0.0
2022-06-20 00:00:00+00:00,18977.51,20581.46076,18939.554979999997,20540.38,0.0
2022-06-21 00:00:00+00:00,20540.38,20623.45458,20499.29924,20582.29,0.0
2022-06-22 00:00:00+00:00,20582.29,20744.917019999997,20541.12542,20703.51,0.0
2022-06-23 00:00:00+00:00,20703.51,20744.917019999997,19913.80258,19953.71,0.0
2022-06-24 00:00:00+00:00,19953.71,21130.476599999998,19913.80258,21088.3,0.0
2022-06-25 00:00:00+00:00,21088.3,21237.06936,21046.1234,21194.68,0.0
2022-06-26 00:00:00+00:00,21194.68,21524.34276,21152.29064,21481.38,0.0
2022-06-27 00:00:00+00:00,21481.38,21524.34276,20977.999920000002,21020.04,0.0
2022-06-28 00:00:00+00:00,21020.04,21062.08008,20660.825539999998,20702.23,0.0
2022-06-29 00:00:00+00:00,20702.23,20743.63446,20216.09678,20256.61,0.0
2022-06-30 00:00:00+00:00,20256.61,20297.12322,20045.75814,20085.93,0.0
2022-07-01 00:00:00+00:00,20085.93,20126.10186,19825.9686,19865.7,0.0
2022-07-02 00:00:00+00:00,19865.7,19905.4314,19188.246600000002,19226.7,0.0
2022-07-03 00:00:00+00:00,19226.7,19265.1534,19186.3005,19224.75,0.0
2022-07-04 00:00:00+00:00,19224.75,19327.54794,19186.3005,19288.97,0.0
2022-07-05 00:00:00+00:00,19288.97,20248.8669,19250.392060000002,20208.45,0.0
2022-07-06 00:00:00+00:00,20208.45,20248.8669,20141.54618,20181.91,0.0
2022-07-07 00:00:00+00:00,20181.91,20586.70122,20141.54618,20545.61,0.0
2022-07-08 00:00:00+00:00,20545.61,21676.706879999998,20504.518780000002,21633.44,0.0
2022-07-09 00:00:00+00:00,21633.44,21679.7229,21590.17312,21636.45,0.0
2022-07-10 00:00:00+00:00,21636.45,21679.7229,21539.4348,21582.6,0.0
2022-07-11 00:00:00+00:00,21582.6,21625.765199999998,20792.94078,20834.61,0.0
2022-07-12 00:00:00+00:00,20834.61,20876.27922,19906.417380000003,19946.31,0.0
2022-07-13 00:00:00+00:00,19946.31,19986.20262,19254.40402,19292.99,0.0
2022-07-14 00:00:00+00:00,19292.99,20264.13738,19254.40402,20223.69,0.0
2022-07-15 00:00:00+00:00,20223.69,20610.037800000002,20183.242619999997,20568.9,0.0
2022-07-16 00:00:00+00:00,20568.9,20877.28122,20527.7622,20835.61,0.0
2022-07-17 00:00:00+00:00,20835.61,21239.494199999997,20793.93878,21197.1,0.0
2022-07-18 00:00:00+00:00,21197.1,21239.494199999997,20732.681539999998,20774.23,0.0
2022-07-19 00:00:00+00:00,20774.23,22583.156160000002,20732.681539999998,22538.08,0.0
2022-07-20 00:00:00+00:00,22538.08,23450.09658,22493.00384,23403.29,0.0
2022-07-21 00:00:00+00:00,23403.29,23450.09658,23180.76556,23227.22,0.0
2022-07-22 00:00:00+00:00,23227.22,23273.674440000003,23107.78182,23154.09,0.0
2022-07-23 00:00:00+00:00,23154.09,23200.39818,22641.705840000002,22687.08,0.0
2022-07-24 00:00:00+00:00,22687.08,22732.45416,22416.7766,22461.7,0.0
2022-07-25 00:00:00+00:00,22461.7,22627.5648,22416.7766,22582.4,0.0
2022-07-26 00:00:00+00:00,22582.4,22627.5648,21258.118560000003,21300.72,0.0
2022-07-27 00:00:00+00:00,21300.72,21343.32144,21224.79534,21267.33,0.0
2022-07-28 00:00:00+00:00,21267.33,22996.190580000002,21224.79534,22950.29,0.0
2022-07-29 00:00:00+00:00,22950.29,23903.9625,22904.38942,23856.25,0.0
2022-07-30 00:00:00+00:00,23856.25,23903.9625,23744.416,23792.0,0.0
2022-07-31 00:00:00+00:00,23792.0,23839.584,23600.694020000003,23647.99,0.0
2022-08-01 00:00:00+00:00,23647.99,23695.28598,23279.837020000003,23326.49,0.0
2022-08-02 00:00:00+00:00,23326.49,23373.14298,23252.342119999998,23298.94,0.0
2022-08-03 00:00:00+00:00,23298.94,23345.53788,22935.80646,22981.77,0.0
2022-08-04 00:00:00+00:00,22981.77,23027.73354,22786.186299999998,22831.85,0.0
2022-08-05 00:00:00+00:00,22831.85,22877.5137,22563.0834,22608.3,0.0
2022-08-06 00:00:00+00:00,22608.3,23341.73028,22563.0834,23295.14,0.0
2022-08-07 00:00:00+00:00,23295.14,23341.73028,22901.295619999997,22947.19,0.0
2022-08-08 00:00:00+00:00,22947.19,23220.5985,22901.295619999997,23174.25,0.0
2022-08-09 00:00:00+00:00,23174.25,23863.95264,23127.9015,23816.32,0.0
2022-08-10 00:00:00+00:00,23816.32,23863.95264,23109.99738,23156.31,0.0
2022-08-11 00:00:00+00:00,23156.31,24007.839839999997,23109.99738,23959.92,0.0
2022-08-12 00:00:00+00:00,23959.92,24007.839839999997,23905.86246,23953.77,0.0
2022-08-13 00:00:00+00:00,23953.77,24467.21676,23905.86246,24418.38,0.0
2022-08-14 00:00:00+00:00,24418.38,24496.024260000002,24369.543240000003,24447.13,0.0
2022-08-15 00:00:00+00:00,24447.13,24496.024260000002,24266.26022,24314.89,0.0
2022-08-16 00:00:00+00:00,24314.89,24363.51978,24047.99762,24096.19,0.0
2022-08-17 00:00:00+00:00,24096.19,24144.38238,23828.53742,23876.29,0.0
2022-08-18 00:00:00+00:00,23876.29,23924.04258,23285.42582,23332.09,0.0
2022-08-19 00:00:00+00:00,23332.09,23378.75418,23147.602020000002,23193.99,0.0
2022-08-20 00:00:00+00:00,23193.99,23240.37798,20801.53356,20843.22,0.0
2022-08-21 00:00:00+00:00,20843.22,21192.630660000003,20801.53356,21150.33,0.0
2022-08-22 00:00:00+00:00,21150.33,21563.55102,21108.02934,21520.51,0.0
2022-08-23 00:00:00+00:00,21520.51,21563.55102,21360.12414,21402.93,0.0
2022-08-24 00:00:00+00:00,21402.93,21559.05204,21360.12414,21516.02,0.0
2022-08-25 00:00:00+00:00,21516.02,21559.05204,21334.754979999998,21377.51,0.0
2022-08-26 00:00:00+00:00,21377.51,21641.12586,21334.754979999998,21597.93,0.0
2022-08-27 00:00:00+00:00,21597.93,21641.12586,20192.85336,20233.32,0.0
2022-08-28 00:00:00+00:00,20233.32,20273.78664,19995.51882,20035.59,0.0
2022-08-29 00:00:00+00:00,20035.59,20075.66118,19510.96986,19550.07,0.0
2022-08-30 00:00:00+00:00,19550.07,20330.99082,19510.96986,20290.41,0.0
2022-08-31 00:00:00+00:00,20290.41,20330.99082,19753.433960000002,19793.02,0.0
2022-09-01 00:00:00+00:00,19793.02,20087.77536,19753.433960000002,20047.68,0.0
2022-09-02 00:00:00+00:00,20047.68,20170.78104,20007.58464,20130.52,0.0
2022-09-03 00:00:00+00:00,20130.52,20170.78104,19913.00418,19952.91,0.0
2022-09-04 00:00:00+00:00,19952.91,19992.81582,19795.270119999997,19834.94,0.0
2022-09-05 00:00:00+00:00,19834.94,20034.639300000003,19795.270119999997,19994.65,0.0
2022-09-06 00:00:00+00:00,19994.65,20034.639300000003,19750.290259999998,19789.87,0.0
2022-09-07 00:00:00+00:00,19789.87,19829.44974,18769.086600000002,18806.7,0.0
2022-09-08 00:00:00+00:00,18806.7,19318.640160000003,18769.086600000002,19280.08,0.0
2022-09-09 00:00:00+00:00,19280.08,19366.18506,19241.51984,19327.53,0.0
2022-09-10 00:00:00+00:00,19327.53,21430.355160000003,19288.874939999998,21387.58,0.0
2022-09-11 00:00:00+00:00,21387.58,21716.37606,21344.80484,21673.03,0.0
2022-09-12 00:00:00+00:00,21673.03,21838.10904,21629.68394,21794.52,0.0
2022-09-13 00:00:00+00:00,21794.52,22437.49542,21750.93096,22392.71,0.0
2022-09-14 00:00:00+00:00,22392.71,22437.49542,20132.21488,20172.56,0.0
2022-09-15 00:00:00+00:00,20172.56,20259.9891,20132.21488,20219.55,0.0
2022-09-16 00:00:00+00:00,20219.55,20259.9891,19655.300619999998,19694.69,0.0
2022-09-17 00:00:00+00:00,19694.69,19827.18522,19655.300619999998,19787.61,0.0
2022-09-18 00:00:00+00:00,19787.61,20162.95542,19748.03478,20122.71,0.0
2022-09-19 00:00:00+00:00,20122.71,20162.95542,19377.028280000002,19415.86,0.0
2022-09-20 00:00:00+00:00,19415.86,19581.2844,19377.028280000002,19542.2,0.0
2022-09-21 00:00:00+00:00,19542.2,19581.2844,18842.20008,18879.96,0.0
2022-09-22 00:00:00+00:00,18879.96,18917.71992,18470.34528,18507.36,0.0
2022-09-23 00:00:00+00:00,18507.36,19447.44726,18470.34528,19408.63,0.0
2022-09-24 00:00:00+00:00,19408.63,19447.44726,19242.01884,19280.58,0.0
2022-09-25 00:00:00+00:00,19280.58,19319.141160000003,18893.92642,18931.79,0.0
2022-09-26 00:00:00+00:00,18931.79,18969.653580000002,18770.09458,18807.71,0.0
2022-09-27 00:00:00+00:00,18807.71,19265.714519999998,18770.09458,19227.26,0.0
2022-09-28 00:00:00+00:00,19227.26,19265.714519999998,19066.68022,19104.89,0.0
2022-09-29 00:00:00+00:00,19104.89,19569.77142,19066.68022,19530.71,0.0
2022-09-30 00:00:00+00:00,19530.71,19638.05772,19491.648579999997,19598.86,0.0
2022-10-01 00:00:00+00:00,19598.86,19638.05772,19388.3456,19427.2,0.0
2022-10-02 00:00:00+00:00,19427.2,19466.0544,19276.06062,19314.69,0.0
2022-10-03 00:00:00+00:00,19314.69,19353.319379999997,19011.62056,19049.72,0.0
2022-10-04 00:00:00+00:00,19049.72,19671.87522,19011.62056,19632.61,0.0
2022-10-05 00:00:00+00:00,19632.61,20382.9345,19593.34478,20342.25,0.0
2022-10-06 00:00:00+00:00,20342.25,20382.9345,20127.454420000002,20167.79,0.0
2022-10-07 00:00:00+00:00,20167.79,20208.12558,19916.57702,19956.49,0.0
2022-10-08 00:00:00+00:00,19956.49,19996.402980000003,19505.73036,19544.82,0.0
2022-10-09 00:00:00+00:00,19544.82,19583.909639999998,19378.89454,19417.73,0.0
2022-10-10 00:00:00+00:00,19417.73,19480.76376,19378.89454,19441.88,0.0
2022-10-11 00:00:00+00:00,19441.88,19480.76376,19094.254960000002,19132.52,0.0
2022-10-12 00:00:00+00:00,19132.52,19170.78504,19011.54072,19049.64,0.0
2022-10-13 00:00:00+00:00,19049.64,19194.522419999998,19011.54072,19156.21,0.0
2022-10-14 00:00:00+00:00,19156.21,19422.096660000003,19117.89758,19383.33,0.0
2022-10-15 00:00:00+00:00,19383.33,19422.096660000003,19146.34058,19184.71,0.0
2022-10-16 00:00:00+00:00,19184.71,19223.07942,19024.9738,19063.1,0.0
2022-10-17 00:00:00+00:00,19063.1,19304.06106,19024.9738,19265.53,0.0
2022-10-18 00:00:00+00:00,19265.53,19588.06794,19226.998939999998,19548.97,0.0
2022-10-19 00:00:00+00:00,19548.97,19588.06794,19292.078520000003,19330.74,0.0
2022-10-20 00:00:00+00:00,19330.74,19369.40148,19087.3987,19125.65,0.0
2022-10-21 00:00:00+00:00,19125.65,19163.9013,19008.736340000003,19046.83,0.0
2022-10-22 00:00:00+00:00,19046.83,19209.68268,19008.736340000003,19171.34,0.0
2022-10-23 00:00:00+00:00,19171.34,19243.8609,19132.99732,19205.45,0.0
2022-10-24 00:00:00+00:00,19205.45,19605.04182,19167.0391,19565.91,0.0
2022-10-25 00:00:00+00:00,19565.91,19605.04182,19300.2222,19338.9,0.0
2022-10-26 00:00:00+00:00,19338.9,20141.47254,19300.2222,20101.27,0.0
2022-10-27 00:00:00+00:00,20101.27,20813.904720000002,20061.067460000002,20772.36,0.0
2022-10-28 00:00:00+00:00,20772.36,20813.904720000002,20247.94296,20288.52,0.0
2022-10-29 00:00:00+00:00,20288.52,20642.83326,20247.94296,20601.63,0.0
2022-10-30 00:00:00+00:00,20601.63,20857.79232,20560.426740000003,20816.16,0.0
2022-10-31 00:00:00+00:00,20816.16,20857.79232,20587.243,20628.5,0.0
2022-11-01 00:00:00+00:00,20628.5,20669.757,20458.29142,20499.29,0.0
2022-11-02 00:00:00+00:00,20499.29,20540.28858,20445.28748,20486.26,0.0
2022-11-03 00:00:00+00:00,20486.26,20527.232519999998,20113.68202,20153.99,0.0
2022-11-04 00:00:00+00:00,20153.99,20248.57632,20113.68202,20208.16,0.0
2022-11-05 00:00:00+00:00,20208.16,21195.23586,20167.74368,21152.93,0.0
2022-11-06 00:00:00+00:00,21152.93,21335.25534,21110.62414,21292.67,0.0
2022-11-07 00:00:00+00:00,21292.67,21335.25534,20878.48934,20920.33,0.0
2022-11-08 00:00:00+00:00,20920.33,20962.170660000003,20557.24312,20598.44,0.0
2022-11-09 00:00:00+00:00,20598.44,20639.63688,18503.02978,18540.11,0.0
2022-11-10 00:00:00+00:00,18540.11,18577.19022,15825.2361,15856.95,0.0
2022-11-11 00:00:00+00:00,15856.95,17585.33046,15825.2361,17550.23,0.0
2022-11-12 00:00:00+00:00,17550.23,17585.33046,16956.279479999997,16990.26,0.0
2022-11-13 00:00:00+00:00,16990.26,17024.24052,16742.8472,16776.4,0.0
2022-11-14 00:00:00+00:00,16776.4,16809.952800000003,16277.679399999999,16310.3,0.0
2022-11-15 00:00:00+00:00,16310.3,16621.13592,16277.679399999999,16587.96,0.0
2022-11-16 00:00:00+00:00,16587.96,16907.30712,16554.784079999998,16873.56,0.0
2022-11-17 00:00:00+00:00,16873.56,16907.30712,16628.915520000002,16662.24,0.0
2022-11-18 00:00:00+00:00,16662.24,16715.80488,16628.915520000002,16682.44,0.0
2022-11-19 00:00:00+00:00,16682.44,16716.586440000003,16649.075119999998,16683.22,0.0
2022-11-20 00:00:00+00:00,16683.22,16721.1756,16649.85356,16687.8,0.0
2022-11-21 00:00:00+00:00,16687.8,16721.1756,16227.88918,16260.41,0.0
2022-11-22 00:00:00+00:00,16260.41,16292.93082,15728.09078,15759.61,0.0
2022-11-23 00:00:00+00:00,15759.61,16227.1395,15728.09078,16194.75,0.0
2022-11-24 00:00:00+00:00,16194.75,16639.98354,16162.3605,16606.77,0.0
2022-11-25 00:00:00+00:00,16606.77,16639.98354,16559.48466,16592.67,0.0
2022-11-26 00:00:00+00:00,16592.67,16625.85534,16474.42512,16507.44,0.0
2022-11-27 00:00:00+00:00,16507.44,16540.454879999998,16420.56306,16453.47,0.0
2022-11-28 00:00:00+00:00,16453.47,16486.376940000002,16387.3596,16420.2,0.0
2022-11-29 00:00:00+00:00,16420.2,16453.0404,16176.54208,16208.96,0.0
2022-11-30 00:00:00+00:00,16208.96,16465.59546,16176.54208,16432.73,0.0
2022-12-01 00:00:00+00:00,16432.73,17204.96124,16399.86454,17170.62,0.0
2022-12-02 00:00:00+00:00,17170.62,17204.96124,16937.62686,16971.57,0.0
2022-12-03 00:00:00+00:00,16971.57,17125.41246,16937.62686,17091.23,0.0
2022-12-04 00:00:00+00:00,17091.23,17125.41246,16860.44154,16894.23,0.0
2022-12-05 00:00:00+00:00,16894.23,17151.80514,16860.44154,17117.57,0.0
2022-12-06 00:00:00+00:00,17117.57,17151.80514,16933.08596,16967.02,0.0
2022-12-07 00:00:00+00:00,16967.02,17119.6209,16933.08596,17085.45,0.0
2022-12-08 00:00:00+00:00,17085.45,17119.6209,16802.3779,16836.05,0.0
2022-12-09 00:00:00+00:00,16836.05,17269.049160000002,16802.3779,17234.58,0.0
2022-12-10 00:00:00+00:00,17234.58,17269.049160000002,17094.2929,17128.55,0.0
2022-12-11 00:00:00+00:00,17128.55,17162.807099999998,17090.74002,17124.99,0.0
2022-12-12 00:00:00+00:00,17124.99,17159.239980000002,17064.41278,17098.61,0.0
2022-12-13 00:00:00+00:00,17098.61,17241.28374,17064.41278,17206.87,0.0
2022-12-14 00:00:00+00:00,17206.87,17806.57206,17172.45626,17771.03,0.0
2022-12-15 00:00:00+00:00,17771.03,17838.044879999998,17735.48794,17802.44,0.0
2022-12-16 00:00:00+00:00,17802.44,17838.044879999998,17322.75506,17357.47,0.0
2022-12-17 00:00:00+00:00,17357.47,17392.184940000003,16604.3248,16637.6,0.0
2022-12-18 00:00:00+00:00,16637.6,16817.1672,16604.3248,16783.6,0.0
2022-12-19 00:00:00+00:00,16783.6,16817.1672,16712.498020000003,16745.99,0.0
2022-12-20 00:00:00+00:00,16745.99,16779.48198,16407.01022,16439.89,0.0
2022-12-21 00:00:00+00:00,16439.89,16938.44928,16407.01022,16904.64,0.0
2022-12-22 00:00:00+00:00,16904.64,16938.44928,16779.992759999997,16813.62,0.0
2022-12-23 00:00:00+00:00,16813.62,16852.31736,16779.992759999997,16818.68,0.0
2022-12-24 00:00:00+00:00,16818.68,16852.31736,16746.150579999998,16779.71,0.0
2022-12-25 00:00:00+00:00,16779.71,16871.7762,16746.150579999998,16838.1,0.0
2022-12-26 00:00:00+00:00,16838.1,16871.7762,16793.206280000002,16826.86,0.0
2022-12-27 00:00:00+00:00,16826.86,16949.5314,16793.206280000002,16915.7,0.0
2022-12-28 00:00:00+00:00,16915.7,16949.5314,16665.602,16699.0,0.0
2022-12-29 00:00:00+00:00,16699.0,16732.398,16506.201439999997,16539.28,0.0
2022-12-30 00:00:00+00:00,16539.28,16663.75098,16506.201439999997,16630.49,0.0
2022-12-31 00:00:00+00:00,16630.49,16663.75098,16566.490619999997,16599.69,0.0
2023-01-01 00:00:00+00:00,16599.69,16632.88938,16493.72644,16526.78,0.0
2023-01-02 00:00:00+00:00,16526.78,16646.93742,16493.72644,16613.71,0.0
2023-01-03 00:00:00+00:00,16613.71,16704.88308,16580.48258,16671.54,0.0
2023-01-04 00:00:00+00:00,16671.54,16704.88308,16636.2608,16669.6,0.0
2023-01-05 00:00:00+00:00,16669.6,16884.331260000003,16636.2608,16850.63,0.0
2023-01-06 00:00:00+00:00,16850.63,16884.331260000003,16792.75718,16826.41,0.0
2023-01-07 00:00:00+00:00,16826.41,16985.87394,16792.75718,16951.97,0.0
2023-01-08 00:00:00+00:00,16951.97,16985.87394,16911.3096,16945.2,0.0
2023-01-09 00:00:00+00:00,16945.2,17142.62682,16911.3096,17108.41,0.0
2023-01-10 00:00:00+00:00,17108.41,17226.454139999998,17074.19318,17192.07,0.0
2023-01-11 00:00:00+00:00,17192.07,17478.56736,17157.68586,17443.68,0.0
2023-01-12 00:00:00+00:00,17443.68,17970.4692,17408.79264,17934.6,0.0
2023-01-13 00:00:00+00:00,17934.6,18897.03864,17898.730799999998,18859.32,0.0
2023-01-14 00:00:00+00:00,18859.32,19973.226720000002,18821.60136,19933.36,0.0
2023-01-15 00:00:00+00:00,19933.36,20997.0603,19893.49328,20955.15,0.0
2023-01-16 00:00:00+00:00,20955.15,20997.0603,20839.228020000002,20880.99,0.0
2023-01-17 00:00:00+00:00,20880.99,21232.870980000003,20839.228020000002,21190.49,0.0
2023-01-18 00:00:00+00:00,21190.49,21232.870980000003,21102.88964,21145.18,0.0
2023-01-19 00:00:00+00:00,21145.18,21187.47036,20631.434439999997,20672.78,0.0
2023-01-20 00:00:00+00:00,20672.78,21129.93552,20631.434439999997,21087.76,0.0
2023-01-21 00:00:00+00:00,21087.76,22738.836900000002,21045.584479999998,22693.45,0.0
2023-01-22 00:00:00+00:00,22693.45,22818.045,22648.0631,22772.5,0.0
2023-01-23 00:00:00+00:00,22772.5,22818.045,22678.78154,22724.23,0.0
2023-01-24 00:00:00+00:00,22724.23,22970.21874,22678.78154,22924.37,0.0
2023-01-25 00:00:00+00:00,22924.37,22970.21874,22589.20106,22634.47,0.0
2023-01-26 00:00:00+00:00,22634.47,23135.91948,22589.20106,23089.74,0.0
2023-01-27 00:00:00+00:00,23089.74,23135.91948,22962.27342,23008.29,0.0
2023-01-28 00:00:00+00:00,23008.29,23121.961620000002,22962.27342,23075.81,0.0
2023-01-29 00:00:00+00:00,23075.81,23121.961620000002,22986.165539999998,23032.23,0.0
2023-01-30 00:00:00+00:00,23032.23,23803.361699999998,22986.165539999998,23755.85,0.0
2023-01-31 00:00:00+00:00,23755.85,23803.361699999998,22790.41782,22836.09,0.0
2023-02-01 00:00:00+00:00,22836.09,23180.17782,22790.41782,23133.91,0.0
2023-02-02 00:00:00+00:00,23133.91,23769.46404,23087.64218,23722.02,0.0
2023-02-03 00:00:00+00:00,23722.02,23769.46404,23407.50118,23454.41,0.0
2023-02-04 00:00:00+00:00,23454.41,23501.31882,23393.20982,23440.09,0.0
2023-02-05 00:00:00+00:00,23440.09,23486.97018,23281.58352,23328.24,0.0
2023-02-06 00:00:00+00:00,23328.24,23374.896480000003,22891.076100000002,22936.95,0.0
2023-02-07 00:00:00+00:00,22936.95,22982.8239,22718.21252,22763.74,0.0
2023-02-08 00:00:00+00:00,22763.74,23301.299580000003,22718.21252,23254.79,0.0
2023-02-09 00:00:00+00:00,23254.79,23301.299580000003,22918.94026,22964.87,0.0
2023-02-10 00:00:00+00:00,22964.87,23010.79974,21750.4619,21794.05,0.0
2023-02-11 00:00:00+00:00,21794.05,21837.6381,21595.2729,21638.55,0.0
2023-02-12 00:00:00+00:00,21638.55,21905.56368,21595.2729,21861.84,0.0
2023-02-13 00:00:00+00:00,21861.84,21905.56368,21743.6755,21787.25,0.0
2023-02-14 00:00:00+00:00,21787.25,21831.565980000003,21743.6755,21787.99,0.0
2023-02-15 00:00:00+00:00,21787.99,22256.223599999998,21744.41402,22211.8,0.0
2023-02-16 00:00:00+00:00,22211.8,24389.41146,22167.3764,24340.73,0.0
2023-02-17 00:00:00+00:00,24340.73,24389.41146,23497.58066,23544.67,0.0
2023-02-18 00:00:00+00:00,23544.67,24622.11594,23497.58066,24572.97,0.0
2023-02-19 00:00:00+00:00,24572.97,24691.223879999998,24523.824060000003,24641.94,0.0
2023-02-20 00:00:00+00:00,24641.94,24691.223879999998,24241.59964,24290.18,0.0
2023-02-21 00:00:00+00:00,24290.18,24884.479620000002,24241.59964,24834.81,0.0
2023-02-22 00:00:00+00:00,24834.81,24884.479620000002,24389.2238,24438.1,0.0
2023-02-23 00:00:00+00:00,24438.1,24486.976199999997,24137.298659999997,24185.67,0.0
2023-02-24 00:00:00+00:00,24185.67,24234.04134,23898.49722,23946.39,0.0
2023-02-25 00:00:00+00:00,23946.39,23994.282779999998,23145.63596,23192.02,0.0
2023-02-26 00:00:00+00:00,23192.02,23238.40404,23130.406479999998,23176.76,0.0
2023-02-27 00:00:00+00:00,23176.76,23610.23622,23130.406479999998,23563.11,0.0
2023-02-28 00:00:00+00:00,23563.11,23610.23622,23450.62476,23497.62,0.0
2023-03-01 00:00:00+00:00,23497.62,23544.61524,23082.0434,23128.3,0.0
2023-03-02 00:00:00+00:00,23128.3,23688.96336,23082.0434,23641.68,0.0
2023-03-03 00:00:00+00:00,23641.68,23688.96336,23420.42528,23467.36,0.0
2023-03-04 00:00:00+00:00,23467.36,23514.29472,22307.01656,22351.72,0.0
2023-03-05 00:00:00+00:00,22351.72,22396.423440000002,22303.81298,22348.51,0.0
2023-03-06 00:00:00+00:00,22348.51,22472.41512,22303.81298,22427.56,0.0
2023-03-07 00:00:00+00:00,22427.56,22472.41512,22365.798759999998,22410.62,0.0
2023-03-08 00:00:00+00:00,22410.62,22455.44124,22153.09502,22197.49,0.0
2023-03-09 00:00:00+00:00,22197.49,22241.884980000003,21654.933340000003,21698.33,0.0
2023-03-10 00:00:00+00:00,21698.33,21741.72666,20322.633280000002,20363.36,0.0
2023-03-11 00:00:00+00:00,20363.36,20404.08672,20184.400299999998,20224.85,0.0
2023-03-12 00:00:00+00:00,20224.85,20698.093559999998,20184.400299999998,20656.78,0.0
2023-03-13 00:00:00+00:00,20656.78,22249.730639999998,20615.46644,22205.32,0.0
2023-03-14 00:00:00+00:00,22205.32,24262.16748,22160.90936,24213.74,0.0
2023-03-15 00:00:00+00:00,24213.74,24816.994919999997,24165.312520000003,24767.46,0.0
2023-03-16 00:00:00+00:00,24767.46,24816.994919999997,24327.63722,24376.39,0.0
2023-03-17 00:00:00+00:00,24376.39,25103.74728,24327.63722,25053.64,0.0
2023-03-18 00:00:00+00:00,25053.64,27517.69554,25003.53272,27462.77,0.0
2023-03-19 00:00:00+00:00,27462.77,27517.69554,26921.43922,26975.39,0.0
2023-03-20 00:00:00+00:00,26975.39,28101.93168,26921.43922,28045.84,0.0
2023-03-21 00:00:00+00:00,28045.84,28101.93168,27735.30822,27790.89,0.0
2023-03-22 00:00:00+00:00,27790.89,28247.91306,27735.30822,28191.53,0.0
2023-03-23 00:00:00+00:00,28191.53,28247.91306,27251.70736,27306.32,0.0
2023-03-24 00:00:00+00:00,27306.32,28389.08484,27251.70736,28332.42,0.0
2023-03-25 00:00:00+00:00,28332.42,28389.08484,27441.2076,27496.2,0.0
2023-03-26 00:00:00+00:00,27496.2,27551.1924,27441.067880000002,27496.06,0.0
2023-03-27 00:00:00+00:00,27496.06,28055.83968,27441.067880000002,27999.84,0.0
2023-03-28 00:00:00+00:00,27999.84,28055.83968,27086.94754,27141.23,0.0
2023-03-29 00:00:00+00:00,27141.23,27329.26944,27086.94754,27274.72,0.0
2023-03-30 00:00:00+00:00,27274.72,28412.63184,27220.170560000002,28355.92,0.0
2023-03-31 00:00:00+00:00,28355.92,28412.63184,27976.99388,28033.06,0.0
2023-04-01 00:00:00+00:00,28033.06,28536.7095,27976.99388,28479.75,0.0
2023-04-02 00:00:00+00:00,28479.75,28536.7095,28408.109920000003,28465.04,0.0
2023-04-03 00:00:00+00:00,28465.04,28521.97008,28128.8296,28185.2,0.0
2023-04-04 00:00:00+00:00,28185.2,28241.5704,27746.62554,27802.23,0.0
2023-04-05 00:00:00+00:00,27802.23,28225.839,27746.62554,28169.5,0.0
2023-04-06 00:00:00+00:00,28169.5,28236.7608,28113.161,28180.4,0.0
2023-04-07 00:00:00+00:00,28180.4,28236.7608,27983.860119999998,28039.94,0.0
2023-04-08 00:00:00+00:00,28039.94,28096.01988,27869.6989,27925.55,0.0
2023-04-09 00:00:00+00:00,27925.55,28011.922019999998,27869.6989,27956.01,0.0
2023-04-10 00:00:00+00:00,27956.01,28392.85236,27900.09798,28336.18,0.0
2023-04-11 00:00:00+00:00,28336.18,29715.552480000002,28279.50764,29656.24,0.0
2023-04-12 00:00:00+00:00,29656.24,30295.449959999998,29596.92752,30234.98,0.0
2023-04-13 00:00:00+00:00,30234.98,30295.449959999998,29839.44152,29899.24,0.0
2023-04-14 00:00:00+00:00,29899.24,30468.4152,29839.44152,30407.6,0.0
2023-04-15 00:00:00+00:00,30407.6,30547.0221,30346.784799999998,30486.05,0.0
2023-04-16 00:00:00+00:00,30486.05,30547.0221,30258.68136,30319.32,0.0
2023-04-17 00:00:00+00:00,30319.32,30379.95864,30254.75922,30315.39,0.0
2023-04-18 00:00:00+00:00,30315.39,30376.02078,29388.2058,29447.1,0.0
2023-04-19 00:00:00+00:00,29447.1,30454.42728,29388.2058,30393.64,0.0
2023-04-20 00:00:00+00:00,30393.64,30454.42728,28771.91086,28829.57,0.0
2023-04-21 00:00:00+00:00,28829.57,28887.22914,28186.53396,28243.02,0.0
2023-04-22 00:00:00+00:00,28243.02,28299.50604,27213.45402,27267.99,0.0
2023-04-23 00:00:00+00:00,27267.99,27871.81236,27213.45402,27816.18,0.0
2023-04-24 00:00:00+00:00,27816.18,27871.81236,27535.368899999998,27590.55,0.0
2023-04-25 00:00:00+00:00,27590.55,27645.7311,27461.44704,27516.48,0.0
2023-04-26 00:00:00+00:00,27516.48,28358.31342,27461.44704,28301.71,0.0
2023-04-27 00:00:00+00:00,28301.71,28486.57944,28245.10658,28429.72,0.0
2023-04-28 00:00:00+00:00,28429.72,29539.310699999998,28372.86056,29480.35,0.0
2023-04-29 00:00:00+00:00,29480.35,29539.310699999998,29270.97074,29329.63,0.0
2023-04-30 00:00:00+00:00,29329.63,29388.28926,29186.19064,29244.68,0.0
2023-05-01 00:00:00+00:00,29244.68,29322.668279999998,29186.19064,29264.14,0.0
2023-05-02 00:00:00+00:00,29264.14,29322.668279999998,28030.476700000003,28086.65,0.0
2023-05-03 00:00:00+00:00,28086.65,28735.64658,28030.476700000003,28678.29,0.0
2023-05-04 00:00:00+00:00,28678.29,29065.67532,28620.93342,29007.66,0.0
2023-05-05 00:00:00+00:00,29007.66,29065.67532,28794.13632,28851.84,0.0
2023-05-06 00:00:00+00:00,28851.84,29594.45076,28794.13632,29535.38,0.0
2023-05-07 00:00:00+00:00,29535.38,29594.45076,28845.60318,28903.41,0.0
2023-05-08 00:00:00+00:00,28903.41,28961.21682,28399.92632,28456.84,0.0
2023-05-09 00:00:00+00:00,28456.84,28513.75368,27636.02718,27691.41,0.0
2023-05-10 00:00:00+00:00,27691.41,27746.79282,27584.80982,27640.09,0.0
2023-05-11 00:00:00+00:00,27640.09,27695.37018,27561.90572,27617.14,0.0
2023-05-12 00:00:00+00:00,27617.14,27672.37428,26939.2136,26993.2,0.0
2023-05-13 00:00:00+00:00,26993.2,27047.186400000002,26749.4439,26803.05,0.0
2023-05-14 00:00:00+00:00,26803.05,26856.6561,26732.36812,26785.94,0.0
2023-05-15 00:00:00+00:00,26785.94,26980.02234,26732.36812,26926.17,0.0
2023-05-16 00:00:00+00:00,26926.17,27246.35394,26872.317659999997,27191.97,0.0
2023-05-17 00:00:00+00:00,27191.97,27246.35394,26982.31722,27036.39,0.0
2023-05-18 00:00:00+00:00,27036.39,27453.06654,26982.31722,27398.27,0.0
2023-05-19 00:00:00+00:00,27398.27,27453.06654,26779.603460000002,26833.27,0.0
2023-05-20 00:00:00+00:00,26833.27,26943.3792,26779.603460000002,26889.6,0.0
2023-05-21 00:00:00+00:00,26889.6,27178.72896,26835.820799999998,27124.48,0.0
2023-05-22 00:00:00+00:00,27124.48,27178.72896,26703.05686,26756.57,0.0
2023-05-23 00:00:00+00:00,26756.57,26903.66994,26703.05686,26849.97,0.0
2023-05-24 00:00:00+00:00,26849.97,27277.63638,26796.270060000003,27223.19,0.0
2023-05-25 00:00:00+00:00,27223.19,27277.63638,26274.72524,26327.38,0.0
2023-05-26 00:00:00+00:00,26327.38,26530.244580000002,26274.72524,26477.29,0.0
2023-05-27 00:00:00+00:00,26477.29,26773.179480000003,26424.33542,26719.74,0.0
2023-05-28 00:00:00+00:00,26719.74,26926.92636,26666.30052,26873.18,0.0
2023-05-29 00:00:00+00:00,26873.18,28138.865400000002,26819.43364,28082.7,0.0
2023-05-30 00:00:00+00:00,28082.7,28138.865400000002,27689.17068,27744.66,0.0
2023-05-31 00:00:00+00:00,27744.66,27800.14932,27648.592,27704.0,0.0
2023-06-01 00:00:00+00:00,27704.0,27759.408,27159.28258,27213.71,0.0
2023-06-02 00:00:00+00:00,27213.71,27268.13742,26761.14046,26814.77,0.0
2023-06-03 00:00:00+00:00,26814.77,27306.43386,26761.14046,27251.93,0.0
2023-06-04 00:00:00+00:00,27251.93,27306.43386,27019.12346,27073.27,0.0
2023-06-05 00:00:00+00:00,27073.27,27179.27004,27019.12346,27125.02,0.0
2023-06-06 00:00:00+00:00,27125.02,27179.27004,25695.7056,25747.2,0.0
2023-06-07 00:00:00+00:00,25747.2,27298.12728,25695.7056,27243.64,0.0
2023-06-08 00:00:00+00:00,27243.64,27298.12728,26299.495600000002,26352.2,0.0
2023-06-09 00:00:00+00:00,26352.2,26560.344660000002,26299.495600000002,26507.33,0.0
2023-06-10 00:00:00+00:00,26507.33,26560.344660000002,26430.55296,26483.52,0.0
2023-06-11 00:00:00+00:00,26483.52,26536.48704,25801.11436,25852.82,0.0
2023-06-12 00:00:00+00:00,25852.82,25984.92612,25801.11436,25933.06,0.0
2023-06-13 00:00:00+00:00,25933.06,25984.92612,25852.51136,25904.32,0.0
2023-06-14 00:00:00+00:00,25904.32,25973.26284,25852.51136,25921.42,0.0
2023-06-15 00:00:00+00:00,25921.42,25973.26284,25076.785920000002,25127.04,0.0
2023-06-16 00:00:00+00:00,25127.04,25626.841379999998,25076.785920000002,25575.69,0.0
2023-06-17 00:00:00+00:00,25575.69,26378.88246,25524.53862,26326.23,0.0
2023-06-18 00:00:00+00:00,26326.23,26562.83964,26273.57754,26509.82,0.0
2023-06-19 00:00:00+00:00,26509.82,26562.83964,26284.405840000003,26337.08,0.0
2023-06-20 00:00:00+00:00,26337.08,26902.4976,26284.405840000003,26848.8,0.0
2023-06-21 00:00:00+00:00,26848.8,28383.4536,26795.1024,28326.8,0.0
2023-06-22 00:00:00+00:00,28326.8,30052.96596,28270.146399999998,29992.98,0.0
2023-06-23 00:00:00+00:00,29992.98,30052.96596,29843.92254,29903.73,0.0
2023-06-24 00:00:00+00:00,29903.73,30754.1856,29843.92254,30692.8,0.0
2023-06-25 00:00:00+00:00,30692.8,30754.1856,30487.49282,30548.59,0.0
2023-06-26 00:00:00+00:00,30548.59,30609.68718,30398.05206,30458.97,0.0
2023-06-27 00:00:00+00:00,30458.97,30519.88794,30206.1666,30266.7,0.0
2023-06-28 00:00:00+00:00,30266.7,30760.50822,30206.1666,30699.11,0.0
2023-06-29 00:00:00+00:00,30699.11,30760.50822,30023.42282,30083.59,0.0
2023-06-30 00:00:00+00:00,30083.59,30510.05832,30023.42282,30449.16,0.0
2023-07-01 00:00:00+00:00,30449.16,30532.443,30388.26168,30471.5,0.0
2023-07-02 00:00:00+00:00,30471.5,30652.71306,30410.557,30591.53,0.0
2023-07-03 00:00:00+00:00,30591.53,30679.4865,30530.34694,30618.25,0.0
2023-07-04 00:00:00+00:00,30618.25,31213.22184,30557.0135,31150.92,0.0
2023-07-05 00:00:00+00:00,31150.92,31213.22184,30713.32026,30774.87,0.0
2023-07-06 00:00:00+00:00,30774.87,30836.419739999998,30441.5449,30502.55,0.0
2023-07-07 00:00:00+00:00,30502.55,30563.555099999998,29858.20392,29918.04,0.0
2023-07-08 00:00:00+00:00,29918.04,30405.21906,29858.20392,30344.53,0.0
2023-07-09 00:00:00+00:00,30344.53,30405.21906,30154.120899999998,30214.55,0.0
2023-07-10 00:00:00+00:00,30214.55,30274.9791,30154.120899999998,30214.55,0.0
2023-07-11 00:00:00+00:00,30214.55,30472.53342,30154.120899999998,30411.71,0.0
2023-07-12 00:00:00+00:00,30411.71,30683.9454,30350.88658,30622.7,0.0
2023-07-13 00:00:00+00:00,30622.7,30683.9454,30330.85672,30391.64,0.0
2023-07-14 00:00:00+00:00,30391.64,31548.34074,30330.85672,31485.37,0.0
2023-07-15 00:00:00+00:00,31485.37,31548.34074,30269.55956,30330.22,0.0
2023-07-16 00:00:00+00:00,30330.22,30390.88044,30231.086659999997,30291.67,0.0
2023-07-17 00:00:00+00:00,30291.67,30352.25334,30179.79944,30240.28,0.0
2023-07-18 00:00:00+00:00,30240.28,30300.76056,30083.9116,30144.2,0.0
2023-07-19 00:00:00+00:00,30144.2,30204.488400000002,29799.521520000002,29859.24,0.0
2023-07-20 00:00:00+00:00,29859.24,29972.30496,29799.521520000002,29912.48,0.0
2023-07-21 00:00:00+00:00,29912.48,29972.30496,29742.68542,29802.29,0.0
2023-07-22 00:00:00+00:00,29802.29,29967.695760000002,29742.68542,29907.88,0.0
2023-07-23 00:00:00+00:00,29907.88,29967.695760000002,29714.81128,29774.36,0.0
2023-07-24 00:00:00+00:00,29774.36,30142.04376,29714.81128,30081.88,0.0
2023-07-25 00:00:00+00:00,30081.88,30142.04376,29120.063159999998,29178.42,0.0
2023-07-26 00:00:00+00:00,29178.42,29284.63236,29120.063159999998,29226.18,0.0
2023-07-27 00:00:00+00:00,29226.18,29403.24912,29167.72764,29344.56,0.0
2023-07-28 00:00:00+00:00,29344.56,29403.24912,29155.51212,29213.94,0.0
2023-07-29 00:00:00+00:00,29213.94,29374.752239999998,29155.51212,29316.12,0.0
2023-07-30 00:00:00+00:00,29316.12,29418.60978,29257.48776,29359.89,0.0
2023-07-31 00:00:00+00:00,29359.89,29418.60978,29216.39012,29274.94,0.0
2023-08-01 00:00:00+00:00,29274.94,29333.489879999997,29170.033020000003,29228.49,0.0
2023-08-02 00:00:00+00:00,29228.49,29742.97722,29170.033020000003,29683.61,0.0
2023-08-03 00:00:00+00:00,29683.61,29742.97722,29094.1451,29152.45,0.0
2023-08-04 00:00:00+00:00,29152.45,29241.77682,29094.1451,29183.41,0.0
2023-08-05 00:00:00+00:00,29183.41,29241.77682,29016.85,29075.0,0.0
2023-08-06 00:00:00+00:00,29075.0,29133.15,28989.913979999998,29048.01,0.0
2023-08-07 00:00:00+00:00,29048.01,29106.10602,28982.927979999997,29041.01,0.0
2023-08-08 00:00:00+00:00,29041.01,29240.07342,28982.927979999997,29181.71,0.0
2023-08-09 00:00:00+00:00,29181.71,29827.82658,29123.346579999998,29768.29,0.0
2023-08-10 00:00:00+00:00,29768.29,29827.82658,29506.68836,29565.82,0.0
2023-08-11 00:00:00+00:00,29565.82,29624.95164,29375.11204,29433.98,0.0
2023-08-12 00:00:00+00:00,29433.98,29492.84796,29340.38164,29399.18,0.0
2023-08-13 00:00:00+00:00,29399.18,29471.665680000002,29340.38164,29412.84,0.0
2023-08-14 00:00:00+00:00,29412.84,29471.665680000002,29225.27232,29283.84,0.0
2023-08-15 00:00:00+00:00,29283.84,29472.6276,29225.27232,29413.8,0.0
2023-08-16 00:00:00+00:00,29413.8,29472.6276,29110.75182,29169.09,0.0
2023-08-17 00:00:00+00:00,29169.09,29227.42818,28644.07704,28701.48,0.0
2023-08-18 00:00:00+00:00,28701.48,28758.88296,26608.725899999998,26662.05,0.0
2023-08-19 00:00:00+00:00,26662.05,26715.3741,25994.9559,26047.05,0.0
2023-08-20 00:00:00+00:00,26047.05,26142.881400000002,25994.9559,26090.7,0.0
2023-08-21 00:00:00+00:00,26090.7,26242.369980000003,26038.5186,26189.99,0.0
2023-08-22 00:00:00+00:00,26189.99,26242.369980000003,26071.16318,26123.41,0.0
2023-08-23 00:00:00+00:00,26123.41,26175.65682,25984.83618,26036.91,0.0
2023-08-24 00:00:00+00:00,26036.91,26479.593480000003,25984.83618,26426.74,0.0
2023-08-25 00:00:00+00:00,26426.74,26479.593480000003,26113.0692,26165.4,0.0
2023-08-26 00:00:00+00:00,26165.4,26217.7308,25997.32116,26049.42,0.0
2023-08-27 00:00:00+00:00,26049.42,26101.518839999997,25954.42712,26006.44,0.0
2023-08-28 00:00:00+00:00,26006.44,26140.95756,25954.42712,26088.78,0.0
2023-08-29 00:00:00+00:00,26088.78,26160.52662,26036.60244,26108.31,0.0
2023-08-30 00:00:00+00:00,26108.31,27786.69246,26056.093380000002,27731.23,0.0
2023-08-31 00:00:00+00:00,27731.23,27786.69246,27246.51776,27301.12,0.0
2023-09-01 00:00:00+00:00,27301.12,27355.72224,25881.124020000003,25932.99,0.0
2023-09-02 00:00:00+00:00,25932.99,25984.85598,25750.495799999997,25802.1,0.0
2023-09-03 00:00:00+00:00,25802.1,25920.82818,25750.495799999997,25869.09,0.0
2023-09-04 00:00:00+00:00,25869.09,26020.9881,25817.35182,25969.05,0.0
2023-09-05 00:00:00+00:00,25969.05,26020.9881,25759.23828,25810.86,0.0
2023-09-06 00:00:00+00:00,25810.86,25862.48172,25733.7294,25785.3,0.0
2023-09-07 00:00:00+00:00,25785.3,25836.8706,25701.80338,25753.31,0.0
2023-09-08 00:00:00+00:00,25753.31,26295.95694,25701.80338,26243.47,0.0
2023-09-09 00:00:00+00:00,26243.47,26295.95694,25854.21794,25906.03,0.0
2023-09-10 00:00:00+00:00,25906.03,25957.84206,25842.521380000002,25894.31,0.0
2023-09-11 00:00:00+00:00,25894.31,25946.09862,25781.15436,25832.82,0.0
2023-09-12 00:00:00+00:00,25832.82,25884.48564,25112.3746,25162.7,0.0
2023-09-13 00:00:00+00:00,25162.7,25887.3714,25112.3746,25835.7,0.0
2023-09-14 00:00:00+00:00,25835.7,26280.43596,25784.0286,26227.98,0.0
2023-09-15 00:00:00+00:00,26227.98,26589.09204,26175.52404,26536.02,0.0
2023-09-16 00:00:00+00:00,26536.02,26658.9615,26482.94796,26605.75,0.0
2023-09-17 00:00:00+00:00,26605.75,26658.9615,26515.512700000003,26568.65,0.0
2023-09-18 00:00:00+00:00,26568.65,26621.7873,26483.466920000003,26536.54,0.0
2023-09-19 00:00:00+00:00,26536.54,26817.287519999998,26483.466920000003,26763.76,0.0
2023-09-20 00:00:00+00:00,26763.76,27276.56424,26710.23248,27222.12,0.0
2023-09-21 00:00:00+00:00,27222.12,27276.56424,27079.2829,27133.55,0.0
2023-09-22 00:00:00+00:00,27133.55,27187.8171,26516.460799999997,26569.6,0.0
2023-09-23 00:00:00+00:00,26569.6,26635.02372,26516.460799999997,26581.86,0.0
2023-09-24 00:00:00+00:00,26581.86,26635.02372,26527.55856,26580.72,0.0
2023-09-25 00:00:00+00:00,26580.72,26633.88144,26200.2445,26252.75,0.0
2023-09-26 00:00:00+00:00,26252.75,26345.87658,26200.2445,26293.29,0.0
2023-09-27 00:00:00+00:00,26293.29,26345.87658,26160.39436,26212.82,0.0
2023-09-28 00:00:00+00:00,26212.82,26410.3653,26160.39436,26357.65,0.0
2023-09-29 00:00:00+00:00,26357.65,27075.192300000002,26304.9347,27021.15,0.0
2023-09-30 00:00:00+00:00,27021.15,27075.192300000002,26863.07618,26916.91,0.0
2023-10-01 00:00:00+00:00,26916.91,27024.37086,26863.07618,26970.43,0.0
2023-10-02 00:00:00+00:00,26970.43,28039.88784,26916.48914,27983.92,0.0
2023-10-03 00:00:00+00:00,27983.92,28039.88784,27477.444979999997,27532.51,0.0
2023-10-04 00:00:00+00:00,27532.51,27587.57502,27375.36954,27430.23,0.0
2023-10-05 00:00:00+00:00,27430.23,27853.155120000003,27375.36954,27797.56,0.0
2023-10-06 00:00:00+00:00,27797.56,27853.155120000003,27361.85662,27416.69,0.0
2023-10-07 00:00:00+00:00,27416.69,28002.503220000002,27361.85662,27946.61,0.0
2023-10-08 00:00:00+00:00,27946.61,28029.20652,27890.71678,27973.26,0.0
2023-10-09 00:00:00+00:00,27973.26,28029.20652,27881.30564,27937.18,0.0
2023-10-10 00:00:00+00:00,27937.18,27993.054360000002,27526.257159999997,27581.42,0.0
2023-10-11 00:00:00+00:00,27581.42,27636.58284,27340.8587,27395.65,0.0
2023-10-12 00:00:00+00:00,27395.65,27450.441300000002,26814.05442,26867.79,0.0
2023-10-13 00:00:00+00:00,26867.79,26921.52558,26705.14268,26758.66,0.0
2023-10-14 00:00:00+00:00,26758.66,26920.243019999998,26705.14268,26866.51,0.0
2023-10-15 00:00:00+00:00,26866.51,26920.243019999998,26802.178219999998,26855.89,0.0
2023-10-16 00:00:00+00:00,26855.89,27222.205739999998,26802.178219999998,27167.87,0.0
2023-10-17 00:00:00+00:00,27167.87,28574.35464,27113.53426,28517.32,0.0
2023-10-18 00:00:00+00:00,28517.32,28574.35464,28356.34366,28413.17,0.0
2023-10-19 00:00:00+00:00,28413.17,28469.996339999998,28274.837,28331.5,0.0
2023-10-20 00:00:00+00:00,28331.5,28780.936980000002,28274.837,28723.49,0.0
2023-10-21 00:00:00+00:00,28723.49,29741.9652,28666.04302,29682.6,0.0
2023-10-22 00:00:00+00:00,29682.6,29981.52336,29623.2348,29921.68,0.0
2023-10-23 00:00:00+00:00,29921.68,30050.71146,29861.83664,29990.73,0.0
2023-10-24 00:00:00+00:00,29990.73,33126.09996000001,29930.74854,33059.98,0.0
2023-10-25 00:00:00+00:00,33059.98,33970.4553,32993.86004,33902.65,0.0
2023-10-26 00:00:00+00:00,33902.65,34562.176380000004,33834.8447,34493.19,0.0
2023-10-27 00:00:00+00:00,34493.19,34562.176380000004,34089.47442,34157.79,0.0
2023-10-28 00:00:00+00:00,34157.79,34226.10558,33843.25784,33911.08,0.0
2023-10-29 00:00:00+00:00,33911.08,34158.86136,33843.25784,34090.68,0.0
2023-10-30 00:00:00+00:00,34090.68,34601.45478,34022.49864,34532.39,0.0
2023-10-31 00:00:00+00:00,34532.39,34601.45478,34431.998,34501.0,0.0
2023-11-01 00:00:00+00:00,34501.0,34731.48432,34431.998,34662.16,0.0
2023-11-02 00:00:00+00:00,34662.16,35511.39102,34592.835680000004,35440.51,0.0
2023-11-03 00:00:00+00:00,35440.51,35511.39102,34864.7807,34934.65,0.0
2023-11-04 00:00:00+00:00,34934.65,35004.5193,34667.0769,34736.55,0.0
2023-11-05 00:00:00+00:00,34736.55,35158.2261,34667.0769,35088.05,0.0
2023-11-06 00:00:00+00:00,35088.05,35158.2261,34978.2533,35048.35,0.0
2023-11-07 00:00:00+00:00,35048.35,35118.4467,34965.04976,35035.12,0.0
2023-11-08 00:00:00+00:00,35035.12,35507.15256,34965.04976,35436.28,0.0
2023-11-09 00:00:00+00:00,35436.28,35700.779039999994,35365.407439999995,35629.52,0.0
2023-11-10 00:00:00+00:00,35629.52,36769.6425,35558.26096,36696.25,0.0
2023-11-11 00:00:00+00:00,36696.25,37396.293300000005,36622.8575,37321.65,0.0
2023-11-12 00:00:00+00:00,37321.65,37396.293300000005,37065.98946,37140.27,0.0
2023-11-13 00:00:00+00:00,37140.27,37214.55054,36984.86204,37058.98,0.0
2023-11-14 00:00:00+00:00,37058.98,37133.09796000001,36424.355299999996,36497.35,0.0
2023-11-15 00:00:00+00:00,36497.35,36570.3447,35474.87806,35545.97,0.0
2023-11-16 00:00:00+00:00,35545.97,37967.26296,35474.87806,37891.48,0.0
2023-11-17 00:00:00+00:00,37891.48,37967.26296,36083.189,36155.5,0.0
2023-11-18 00:00:00+00:00,36155.5,36697.5486,36083.189,36624.3,0.0
2023-11-19 00:00:00+00:00,36624.3,36697.5486,36514.95374,36588.13,0.0
2023-11-20 00:00:00+00:00,36588.13,37470.96234,36514.95374,37396.17,0.0
2023-11-21 00:00:00+00:00,37396.17,37554.91992,37321.37766,37479.96,0.0
2023-11-22 00:00:00+00:00,37479.96,37554.91992,35737.3321,35808.95,0.0
2023-11-23 00:00:00+00:00,35808.95,37502.27484,35737.3321,37427.42,0.0
2023-11-24 00:00:00+00:00,37427.42,37502.27484,37222.96488,37297.56,0.0
2023-11-25 00:00:00+00:00,37297.56,37795.941,37222.96488,37720.5,0.0
2023-11-26 00:00:00+00:00,37720.5,37876.541880000004,37645.059,37800.94,0.0
2023-11-27 00:00:00+00:00,37800.94,37876.541880000004,37393.95222,37468.89,0.0
2023-11-28 00:00:00+00:00,37468.89,37543.82778,37174.36228,37248.86,0.0
2023-11-29 00:00:00+00:00,37248.86,37908.4155,37174.36228,37832.75,0.0
2023-11-30 00:00:00+00:00,37832.75,37943.10474,37757.0845,37867.37,0.0
2023-12-01 00:00:00+00:00,37867.37,37943.10474,37636.36642,37711.79,0.0
2023-12-02 00:00:00+00:00,37711.79,38775.20562,37636.36642,38697.81,0.0
2023-12-03 00:00:00+00:00,38697.81,39555.3528,38620.414379999995,39476.4,0.0
2023-12-04 00:00:00+00:00,39476.4,40055.99208,39397.4472,39976.04,0.0
2023-12-05 00:00:00+00:00,39976.04,42069.521100000005,39896.08792,41985.55,0.0
2023-12-06 00:00:00+00:00,41985.55,44164.91352,41901.5789,44076.76,0.0
2023-12-07 00:00:00+00:00,44076.76,44164.91352,43657.809400000006,43745.3,0.0
2023-12-08 00:00:00+00:00,43745.3,43832.7906,43212.1026,43298.7,0.0
2023-12-09 00:00:00+00:00,43298.7,44272.54836,43212.1026,44184.18,0.0
2023-12-10 00:00:00+00:00,44184.18,44272.54836,43621.991180000005,43709.41,0.0
2023-12-11 00:00:00+00:00,43709.41,43875.38562,43621.991180000005,43787.81,0.0
2023-12-12 00:00:00+00:00,43787.81,43875.38562,41155.83338,41238.31,0.0
2023-12-13 00:00:00+00:00,41238.31,41541.40698,41155.83338,41458.49,0.0
2023-12-14 00:00:00+00:00,41458.49,42972.86418,41375.573019999996,42887.09,0.0
2023-12-15 00:00:00+00:00,42887.09,43109.286479999995,42801.315819999996,43023.24,0.0
2023-12-16 00:00:00+00:00,43023.24,43109.286479999995,41850.84058,41934.71,0.0
2023-12-17 00:00:00+00:00,41934.71,42321.283619999995,41850.84058,42236.81,0.0
2023-12-18 00:00:00+00:00,42236.81,42321.283619999995,41259.2162,41341.9,0.0
2023-12-19 00:00:00+00:00,41341.9,41424.5838,41182.2704,41264.8,0.0
2023-12-20 00:00:00+00:00,41264.8,42347.145240000005,41182.2704,42262.62,0.0
2023-12-21 00:00:00+00:00,42262.62,43727.1798,42178.09476,43639.9,0.0
2023-12-22 00:00:00+00:00,43639.9,43958.631779999996,43552.620200000005,43870.89,0.0
2023-12-23 00:00:00+00:00,43870.89,44084.77356,43783.14822,43996.78,0.0
2023-12-24 00:00:00+00:00,43996.78,44084.77356,43654.84534,43742.33,0.0
2023-12-25 00:00:00+00:00,43742.33,43829.814660000004,42927.43308,43013.46,0.0
2023-12-26 00:00:00+00:00,43013.46,43686.80922,42927.43308,43599.61,0.0
2023-12-27 00:00:00+00:00,43599.61,43686.80922,42429.76042,42514.79,0.0
2023-12-28 00:00:00+00:00,42514.79,43557.70152,42429.76042,43470.76,0.0
2023-12-29 00:00:00+00:00,43470.76,43557.70152,42524.01154,42609.23,0.0
2023-12-30 00:00:00+00:00,42609.23,42694.44846000001,42002.04756,42086.22,0.0
2023-12-31 00:00:00+00:00,42086.22,42232.676759999995,42002.04756,42148.38,0.0
2024-01-01 00:00:00+00:00,42148.38,42334.18938,42064.08324,42249.69,0.0
2024-01-02 00:00:00+00:00,42249.69,44264.61252,42165.19062,44176.26,0.0
2024-01-03 00:00:00+00:00,44176.26,45048.89796,44087.90748,44958.98,0.0
2024-01-04 00:00:00+00:00,44958.98,45048.89796,42769.240099999995,42854.95,0.0
2024-01-05 00:00:00+00:00,42854.95,44278.4802,42769.240099999995,44190.1,0.0
2024-01-06 00:00:00+00:00,44190.1,44278.4802,44092.737799999995,44181.1,0.0
2024-01-07 00:00:00+00:00,44181.1,44269.4622,43887.678739999996,43975.63,0.0
2024-01-08 00:00:00+00:00,43975.63,44063.58126,43840.213859999996,43928.07,0.0
2024-01-09 00:00:00+00:00,43928.07,47066.364839999995,43840.213859999996,46972.42,0.0
2024-01-10 00:00:00+00:00,46972.42,47066.364839999995,46051.02338,46143.31,0.0
2024-01-11 00:00:00+00:00,46143.31,46742.71884,46051.02338,46649.42,0.0
2024-01-12 00:00:00+00:00,46649.42,46742.71884,46262.918739999994,46355.63,0.0
2024-01-13 00:00:00+00:00,46355.63,46448.34126,42758.29204,42843.98,0.0
2024-01-14 00:00:00+00:00,42843.98,42929.667960000006,42751.50564,42837.18,0.0
2024-01-15 00:00:00+00:00,42837.18,42922.85436,41632.7177,41716.15,0.0
2024-01-16 00:00:00+00:00,41716.15,42582.77556,41632.7177,42497.78,0.0
2024-01-17 00:00:00+00:00,42497.78,43218.6648,42412.784439999996,43132.4,0.0
2024-01-18 00:00:00+00:00,43132.4,43218.6648,42657.29444,42742.78,0.0
2024-01-19 00:00:00+00:00,42742.78,42828.26556,41180.11472,41262.64,0.0
2024-01-20 00:00:00+00:00,41262.64,41703.280080000004,41180.11472,41620.04,0.0
2024-01-21 00:00:00+00:00,41620.04,41742.7188,41536.79992,41659.4,0.0
2024-01-22 00:00:00+00:00,41659.4,41742.7188,41474.4848,41557.6,0.0
2024-01-23 00:00:00+00:00,41557.6,41640.7152,39426.07982,39505.09,0.0
2024-01-24 00:00:00+00:00,39505.09,39936.05267999999,39426.07982,39856.34,0.0
2024-01-25 00:00:00+00:00,39856.34,40148.62698,39776.62732,40068.49,0.0
2024-01-26 00:00:00+00:00,40068.49,40148.62698,39845.649,39925.5,0.0
2024-01-27 00:00:00+00:00,39925.5,41897.066880000006,39845.649,41813.44,0.0
2024-01-28 00:00:00+00:00,41813.44,42208.558619999996,41729.81312,42124.31,0.0
2024-01-29 00:00:00+00:00,42124.31,42208.558619999996,41946.74838,42030.81,0.0
2024-01-30 00:00:00+00:00,42030.81,43361.1993,41946.74838,43274.65,0.0
2024-01-31 00:00:00+00:00,43274.65,43361.1993,42864.86846,42950.77,0.0
2024-02-01 00:00:00+00:00,42950.77,43036.671539999996,42472.10556,42557.22,0.0
2024-02-02 00:00:00+00:00,42557.22,43147.282320000006,42472.10556,43061.16,0.0
2024-02-03 00:00:00+00:00,43061.16,43269.40608,42975.03768,43183.04,0.0
2024-02-04 00:00:00+00:00,43183.04,43269.40608,42905.52698,42991.51,0.0
2024-02-05 00:00:00+00:00,42991.51,43077.49302,42491.00768,42576.16,0.0
2024-02-06 00:00:00+00:00,42576.16,42738.59658,42491.00768,42653.29,0.0
2024-02-07 00:00:00+00:00,42653.29,43167.0618,42567.983420000004,43080.9,0.0
2024-02-08 00:00:00+00:00,43080.9,44407.477679999996,42994.7382,44318.84,0.0
2024-02-09 00:00:00+00:00,44318.84,45403.0749,44230.20232,45312.45,0.0
2024-02-10 00:00:00+00:00,45312.45,47228.80908,45221.825099999995,47134.54,0.0
2024-02-11 00:00:00+00:00,47134.54,47866.90272,47040.27092,47771.36,0.0
2024-02-12 00:00:00+00:00,47771.36,48398.5539,47675.81728,48301.95,0.0
2024-02-13 00:00:00+00:00,48301.95,50058.2667,48205.346099999995,49958.35,0.0
2024-02-14 00:00:00+00:00,49958.35,50058.2667,49639.76152,49739.24,0.0
2024-02-15 00:00:00+00:00,49739.24,51925.50372,49639.76152,51821.86,0.0
2024-02-16 00:00:00+00:00,51821.86,52049.90202,51718.21628,51946.01,0.0
2024-02-17 00:00:00+00:00,51946.01,52276.41414,51842.11798,52172.07,0.0
2024-02-18 00:00:00+00:00,52172.07,52276.41414,51581.9793,51685.35,0.0
2024-02-19 00:00:00+00:00,51685.35,52232.82714,51581.9793,52128.57,0.0
2024-02-20 00:00:00+00:00,52128.57,52232.82714,51678.51584,51782.08,0.0
2024-02-21 00:00:00+00:00,51782.08,52374.11916,51678.51584,52269.58,0.0
2024-02-22 00:00:00+00:00,52269.58,52374.11916,51759.13428,51862.86,0.0
2024-02-23 00:00:00+00:00,51862.86,51966.58572,51200.82314,51303.43,0.0
2024-02-24 00:00:00+00:00,51303.43,51406.03686,50626.20468,50727.66,0.0
2024-02-25 00:00:00+00:00,50727.66,51663.10998,50626.20468,51559.99,0.0
2024-02-26 00:00:00+00:00,51559.99,51831.215520000005,51456.870019999995,51727.76,0.0
2024-02-27 00:00:00+00:00,51727.76,54638.59908,51624.30448,54529.54,0.0
2024-02-28 00:00:00+00:00,54529.54,57189.16002,54420.48092,57075.01,0.0
2024-02-29 00:00:00+00:00,57075.01,62623.787580000004,56960.85998,62498.79,0.0
2024-03-01 00:00:00+00:00,62498.79,62623.787580000004,61050.145019999996,61172.49,0.0
2024-03-02 00:00:00+00:00,61172.49,62561.874,61050.145019999996,62437.0,0.0
2024-03-03 00:00:00+00:00,62437.0,62561.874,61909.59268,62033.66,0.0
2024-03-04 00:00:00+00:00,62033.66,63294.7368,61909.59268,63168.4,0.0
2024-03-05 00:00:00+00:00,63168.4,68514.42534,63042.063200000004,68377.67,0.0
2024-03-06 00:00:00+00:00,68377.67,68514.42534,63670.13454000001,63797.73,0.0
2024-03-07 00:00:00+00:00,63797.73,66234.43445999999,63670.13454000001,66102.23,0.0
2024-03-08 00:00:00+00:00,66102.23,67070.874,65970.02554,66937.0,0.0
2024-03-09 00:00:00+00:00,66937.0,68443.5138,66803.126,68306.9,0.0
2024-03-10 00:00:00+00:00,68306.9,68636.41884,68170.28619999999,68499.42,0.0
2024-03-11 00:00:00+00:00,68499.42,69165.02394,68362.42116,69026.97,0.0
2024-03-12 00:00:00+00:00,69026.97,72265.42236,68888.91606,72121.18,0.0
2024-03-13 00:00:00+00:00,72121.18,72265.42236,71346.24156,71489.22,0.0
2024-03-14 00:00:00+00:00,71489.22,73240.55874,71346.24156,73094.37,0.0
2024-03-15 00:00:00+00:00,73094.37,73240.55874,71251.57128,71394.36,0.0
2024-03-16 00:00:00+00:00,71394.36,71537.14872,69356.88824,69495.88,0.0
2024-03-17 00:00:00+00:00,69495.88,69634.87176000001,65173.062659999996,65303.67,0.0
2024-03-18 00:00:00+00:00,65303.67,68495.58774,65173.062659999996,68358.87,0.0
2024-03-19 00:00:00+00:00,68358.87,68495.58774,67465.98762,67601.19,0.0
2024-03-20 00:00:00+00:00,67601.19,67736.39238,61795.60112,61919.44,0.0
2024-03-21 00:00:00+00:00,61919.44,67992.89435999999,61795.60112,67857.18,0.0
2024-03-22 00:00:00+00:00,67857.18,67992.89435999999,65362.17368,65493.16,0.0
2024-03-23 00:00:00+00:00,65493.16,65624.14632,63667.86908,63795.46,0.0
2024-03-24 00:00:00+00:00,63795.46,64211.53674,63667.86908,64083.37,0.0
2024-03-25 00:00:00+00:00,64083.37,67360.78266,63955.20326,67226.33,0.0
2024-03-26 00:00:00+00:00,67226.33,70102.68552,67091.87734,69962.76,0.0
2024-03-27 00:00:00+00:00,69962.76,70131.46295999999,69822.83447999999,69991.48,0.0
2024-03-28 00:00:00+00:00,69991.48,70131.46295999999,69307.89641999999,69446.79,0.0
2024-03-29 00:00:00+00:00,69446.79,70896.19938,69307.89641999999,70754.69,0.0
2024-03-30 00:00:00+00:00,70754.69,70896.19938,69770.0303,69909.85,0.0
2024-03-31 00:00:00+00:00,69909.85,70049.66970000001,69511.43852000001,69650.74,0.0
2024-04-01 00:00:00+00:00,69650.74,71474.50368,69511.43852000001,71331.84,0.0
2024-04-02 00:00:00+00:00,71331.84,71474.50368,69561.8974,69701.3,0.0
2024-04-03 00:00:00+00:00,69701.3,69840.7026,65315.626959999994,65446.52,0.0
2024-04-04 00:00:00+00:00,65446.52,66115.55718,65315.626959999994,65983.59,0.0
2024-04-05 00:00:00+00:00,65983.59,68663.64318,65851.62281999999,68526.59,0.0
2024-04-06 00:00:00+00:00,68526.59,68663.64318,67721.70516,67857.42,0.0
2024-04-07 00:00:00+00:00,67857.42,69047.40918,67721.70516,68909.59,0.0
2024-04-08 00:00:00+00:00,68909.59,69512.43738,68771.77081999999,69373.69,0.0
2024-04-09 00:00:00+00:00,69373.69,71789.20182,69234.94262,71645.91,0.0
2024-04-10 00:00:00+00:00,71645.91,71789.20182,69003.4665,69141.75,0.0
2024-04-11 00:00:00+00:00,69141.75,70702.85346,69003.4665,70561.73,0.0
2024-04-12 00:00:00+00:00,70561.73,70702.85346,69895.7284,70035.8,0.0
2024-04-13 00:00:00+00:00,70035.8,70175.8716,67064.44232,67198.84,0.0
2024-04-14 00:00:00+00:00,67198.84,67333.23767999999,63891.70052,64019.74,0.0
2024-04-15 00:00:00+00:00,64019.74,65866.08924,63891.70052,65734.62,0.0
2024-04-16 00:00:00+00:00,65734.62,65866.08924,63308.93838,63435.81,0.0
2024-04-17 00:00:00+00:00,63435.81,63948.561839999995,63308.93838,63820.92,0.0
2024-04-18 00:00:00+00:00,63820.92,63948.561839999995,61157.94898,61280.51,0.0
2024-04-19 00:00:00+00:00,61280.51,63634.70538,61157.94898,63507.69,0.0
2024-04-20 00:00:00+00:00,63507.69,63951.197100000005,63380.674620000005,63823.55,0.0
2024-04-21 00:00:00+00:00,63823.55,65121.693419999996,63695.9029,64991.71,0.0
2024-04-22 00:00:00+00:00,64991.71,65121.693419999996,64819.89042,64949.79,0.0
2024-04-23 00:00:00+00:00,64949.79,66978.42948,64819.89042,66844.74,0.0
2024-04-24 00:00:00+00:00,66844.74,66978.42948,66283.53726,66416.37,0.0
2024-04-25 00:00:00+00:00,66416.37,66549.20274,64143.18654,64271.73,0.0
2024-04-26 00:00:00+00:00,64271.73,64615.26258,64143.18654,64486.29,0.0
2024-04-27 00:00:00+00:00,64486.29,64615.26258,63622.2006,63749.7,0.0
2024-04-28 00:00:00+00:00,63749.7,63877.1994,63293.4095,63420.25,0.0
2024-04-29 00:00:00+00:00,63420.25,63547.0905,62986.46462,63112.69,0.0
2024-04-30 00:00:00+00:00,63112.69,63960.38544,62986.46462,63832.72,0.0
2024-05-01 00:00:00+00:00,63832.72,63960.38544,60481.83392,60603.04,0.0
2024-05-02 00:00:00+00:00,60603.04,60724.246080000004,58151.82328,58268.36,0.0
2024-05-03 00:00:00+00:00,58268.36,59238.6408,58151.82328,59120.4,0.0
2024-05-04 00:00:00+00:00,59120.4,63011.040539999995,59002.1592,62885.27,0.0
2024-05-05 00:00:00+00:00,62885.27,64029.643679999994,62759.49946,63901.84,0.0
2024-05-06 00:00:00+00:00,63901.84,64173.240300000005,63774.03632,64045.15,0.0
2024-05-07 00:00:00+00:00,64045.15,64173.240300000005,63031.37462,63157.69,0.0
2024-05-08 00:00:00+00:00,63157.69,63284.00538,62198.733239999994,62323.38,0.0
2024-05-09 00:00:00+00:00,62323.38,62448.02676,61059.87552,61182.24,0.0
2024-05-10 00:00:00+00:00,61182.24,63192.82338,61059.87552,63066.69,0.0
2024-05-11 00:00:00+00:00,63066.69,63192.82338,60672.50182,60794.09,0.0
2024-05-12 00:00:00+00:00,60794.09,60927.39156,60672.50182,60805.78,0.0
2024-05-13 00:00:00+00:00,60805.78,61571.88798,60684.16844,61448.99,0.0
2024-05-14 00:00:00+00:00,61448.99,63039.53742,61326.09202,62913.71,0.0
2024-05-15 00:00:00+00:00,62913.71,63039.53742,61434.2852,61557.4,0.0
2024-05-16 00:00:00+00:00,61557.4,66371.60826000001,61434.2852,66239.13,0.0
2024-05-17 00:00:00+00:00,66239.13,66371.60826000001,65101.12682,65231.59,0.0
2024-05-18 00:00:00+00:00,65231.59,67194.36048,65101.12682,67060.24,0.0
2024-05-19 00:00:00+00:00,67060.24,67194.36048,66792.68692,66926.54,0.0
2024-05-20 00:00:00+00:00,66926.54,67060.39308,66133.53786000001,66266.07,0.0
2024-05-21 00:00:00+00:00,66266.07,71585.82588,66133.53786000001,71442.94,0.0
2024-05-22 00:00:00+00:00,71442.94,71585.82588,69999.3208,70139.6,0.0
2024-05-23 00:00:00+00:00,70139.6,70279.87920000001,68995.46254,69133.73,0.0
2024-05-24 00:00:00+00:00,69133.73,69271.99746,67806.34554,67942.23,0.0
2024-05-25 00:00:00+00:00,67942.23,68668.82351999999,67806.34554,68531.76,0.0
2024-05-26 00:00:00+00:00,68531.76,69411.2454,68394.69648,69272.7,0.0
2024-05-27 00:00:00+00:00,69272.7,69411.2454,68349.56692,68486.54,0.0
2024-05-28 00:00:00+00:00,68486.54,69512.91834,68349.56692,69374.17,0.0
2024-05-29 00:00:00+00:00,69374.17,69512.91834,68153.0208,68289.6,0.0
2024-05-30 00:00:00+00:00,68289.6,68426.17920000001,67438.76218,67573.91,0.0
2024-05-31 00:00:00+00:00,67573.91,68489.14488,67438.76218,68352.44,0.0
2024-06-01 00:00:00+00:00,68352.44,68489.14488,67349.96014,67484.93,0.0
2024-06-02 00:00:00+00:00,67484.93,67854.72858,67349.96014,67719.29,0.0
2024-06-03 00:00:00+00:00,67719.29,67887.77454,67583.85141999999,67752.27,0.0
2024-06-04 00:00:00+00:00,67752.27,68940.71622,67616.76546000001,68803.11,0.0
2024-06-05 00:00:00+00:00,68803.11,70694.34648000001,68665.50378,70553.24,0.0
2024-06-06 00:00:00+00:00,70553.24,71225.84736,70412.13352,71083.68,0.0
2024-06-07 00:00:00+00:00,71083.68,71225.84736,70622.71152000001,70764.24,0.0
2024-06-08 00:00:00+00:00,70764.24,70905.76848,69192.99668,69331.66,0.0
2024-06-09 00:00:00+00:00,69331.66,69470.32332000001,69159.33413999999,69297.93,0.0
2024-06-10 00:00:00+00:00,69297.93,69784.57056,69159.33413999999,69645.28,0.0
2024-06-11 00:00:00+00:00,69645.28,69784.57056,69374.20354,69513.23,0.0
2024-06-12 00:00:00+00:00,69513.23,69652.25645999999,67197.336,67332.0,0.0
2024-06-13 00:00:00+00:00,67332.0,68376.26958,67197.336,68239.79,0.0
2024-06-14 00:00:00+00:00,68239.79,68376.26958,66624.07482,66757.59,0.0
2024-06-15 00:00:00+00:00,66757.59,66891.10518,65861.50302,65993.49,0.0
2024-06-16 00:00:00+00:00,65993.49,66320.54634,65861.50302,66188.17,0.0
2024-06-17 00:00:00+00:00,66188.17,66770.12370000001,66055.79366,66636.85,0.0
2024-06-18 00:00:00+00:00,66636.85,66770.12370000001,66347.85836000001,66480.82,0.0
2024-06-19 00:00:00+00:00,66480.82,66613.78164,65018.11318,65148.41,0.0
2024-06-20 00:00:00+00:00,65148.41,65278.70682000001,64830.28958,64960.21,0.0
2024-06-21 00:00:00+00:00,64960.21,65090.13042,64700.62942,64830.29,0.0
2024-06-22 00:00:00+00:00,64830.29,64959.950580000004,63967.309,64095.5,0.0
2024-06-23 00:00:00+00:00,64095.5,64379.762520000004,63967.309,64251.26,0.0
2024-06-24 00:00:00+00:00,64251.26,64379.762520000004,63040.9654,63167.3,0.0
2024-06-25 00:00:00+00:00,63167.3,63293.634600000005,60158.98092,60279.54,0.0
2024-06-26 00:00:00+00:00,60279.54,61918.83048,60158.98092,61795.24,0.0
2024-06-27 00:00:00+00:00,61795.24,61918.83048,60686.55366,60808.17,0.0
2024-06-28 00:00:00+00:00,60808.17,61739.27208,60686.55366,61616.04,0.0
2024-06-29 00:00:00+00:00,61616.04,61739.27208,60195.03866,60315.67,0.0
2024-06-30 00:00:00+00:00,60315.67,60992.772059999996,60195.03866,60871.03,0.0
2024-07-01 00:00:00+00:00,60871.03,62801.71272,60749.28794,62676.36,0.0
2024-07-02 00:00:00+00:00,62676.36,62970.810240000006,62551.00728,62845.12,0.0
2024-07-03 00:00:00+00:00,62845.12,62970.810240000006,61904.32324,62028.38,0.0
2024-07-04 00:00:00+00:00,62028.38,62152.43676,60025.548319999994,60145.84,0.0
2024-07-05 00:00:00+00:00,60145.84,60266.13168,56919.981900000006,57034.05,0.0
2024-07-06 00:00:00+00:00,57034.05,57148.1181,56535.262879999995,56648.56,0.0
2024-07-07 00:00:00+00:00,56648.56,58381.7805,56535.262879999995,58265.25,0.0
2024-07-08 00:00:00+00:00,58265.25,58381.7805,55737.03254,55848.73,0.0
2024-07-09 00:00:00+00:00,55848.73,56819.67252,55737.03254,56706.26,0.0
2024-07-10 00:00:00+00:00,56706.26,58127.492940000004,56592.847480000004,58011.47,0.0
2024-07-11 00:00:00+00:00,58011.47,58127.492940000004,57627.62378,57743.11,0.0
2024-07-12 00:00:00+00:00,57743.11,57858.59622,57236.93672,57351.64,0.0
2024-07-13 00:00:00+00:00,57351.64,58023.74586,57236.93672,57907.93,0.0
2024-07-14 00:00:00+00:00,57907.93,59349.58224,57792.11414,59231.12,0.0
2024-07-15 00:00:00+00:00,59231.12,60919.75632,59112.65776,60798.16,0.0
2024-07-16 00:00:00+00:00,60798.16,64989.50958,60676.56368000001,64859.79,0.0
2024-07-17 00:00:00+00:00,64859.79,65207.38446,64730.070420000004,65077.23,0.0
2024-07-18 00:00:00+00:00,65077.23,65207.38446,63976.70018,64104.91,0.0
2024-07-19 00:00:00+00:00,64104.91,64233.11982000001,63840.67278,63968.61,0.0
2024-07-20 00:00:00+00:00,63968.61,66846.08532,63840.67278,66712.66,0.0
2024-07-21 00:00:00+00:00,66712.66,67299.06948,66579.23468000001,67164.74,0.0
2024-07-22 00:00:00+00:00,67164.74,68291.98134,67030.41052,68155.67,0.0
2024-07-23 00:00:00+00:00,68155.67,68291.98134,67462.06547999999,67597.26,0.0
2024-07-24 00:00:00+00:00,67597.26,67732.45452,65788.91848,65920.76,0.0
2024-07-25 00:00:00+00:00,65920.76,66052.60152,65226.99458,65357.71,0.0
2024-07-26 00:00:00+00:00,65357.71,65922.49182000001,65226.99458,65790.91,0.0
2024-07-27 00:00:00+00:00,65790.91,68050.68972,65659.32818,67914.86,0.0
2024-07-28 00:00:00+00:00,67914.86,68050.68972,67690.48772,67826.14,0.0
2024-07-29 00:00:00+00:00,67826.14,68393.93484,67690.48772,68257.42,0.0
2024-07-30 00:00:00+00:00,68257.42,68393.93484,66643.80528,66777.36,0.0
2024-07-31 00:00:00+00:00,66777.36,66910.91472,66047.64,66180.0,0.0
2024-08-01 00:00:00+00:00,66180.0,66312.36,64492.486540000005,64621.73,0.0
2024-08-02 00:00:00+00:00,64621.73,65428.36554,64492.486540000005,65297.77,0.0
2024-08-03 00:00:00+00:00,65297.77,65428.36554,61287.28978,61410.11,0.0
2024-08-04 00:00:00+00:00,61410.11,61532.93022,60555.32664,60676.68,0.0
2024-08-05 00:00:00+00:00,60676.68,60798.03336,58000.22708,58116.46,0.0
2024-08-06 00:00:00+00:00,58116.46,58232.69292,53870.822439999996,53978.78,0.0
2024-08-07 00:00:00+00:00,53978.78,56194.87542,53870.822439999996,56082.71,0.0
2024-08-08 00:00:00+00:00,56082.71,56194.87542,54923.403060000004,55033.47,0.0
2024-08-09 00:00:00+00:00,55033.47,61822.2978,54923.403060000004,61698.9,0.0
2024-08-10 00:00:00+00:00,61698.9,61822.2978,60757.65118,60879.41,0.0
2024-08-11 00:00:00+00:00,60879.41,61065.076380000006,60757.65118,60943.19,0.0
2024-08-12 00:00:00+00:00,60943.19,61065.076380000006,58599.566,58717.0,0.0
2024-08-13 00:00:00+00:00,58717.0,59468.77014,58599.566,59350.07,0.0
2024-08-14 00:00:00+00:00,59350.07,60721.5507,59231.36986,60600.35,0.0
2024-08-15 00:00:00+00:00,60600.35,60721.5507,58609.97514,58727.43,0.0
2024-08-16 00:00:00+00:00,58727.43,58844.88486,57408.42306,57523.47,0.0
2024-08-17 00:00:00+00:00,57523.47,59004.51348,57408.42306,58886.74,0.0
2024-08-18 00:00:00+00:00,58886.74,59601.99606,58768.966519999994,59483.03,0.0
2024-08-19 00:00:00+00:00,59483.03,59601.99606,58329.08804,58445.98,0.0
2024-08-20 00:00:00+00:00,58445.98,59594.861820000006,58329.08804,59475.91,0.0
2024-08-21 00:00:00+00:00,59475.91,59594.861820000006,58906.490920000004,59024.54,0.0
2024-08-22 00:00:00+00:00,59024.54,61292.77086,58906.490920000004,61170.43,0.0
2024-08-23 00:00:00+00:00,61170.43,61292.77086,60261.24598,60382.01,0.0
2024-08-24 00:00:00+00:00,60382.01,64210.214100000005,60261.24598,64082.05,0.0
2024-08-25 00:00:00+00:00,64082.05,64302.939179999994,63953.8859,64174.59,0.0
2024-08-26 00:00:00+00:00,64174.59,64456.51572,64046.24082,64327.86,0.0
2024-08-27 00:00:00+00:00,64327.86,64456.51572,62732.06444,62857.78,0.0
2024-08-28 00:00:00+00:00,62857.78,62983.495559999996,59347.88636,59466.82,0.0
2024-08-29 00:00:00+00:00,59466.82,59585.75364,58906.06178,59024.11,0.0
2024-08-30 00:00:00+00:00,59024.11,59508.11868,58906.06178,59389.34,0.0
2024-08-31 00:00:00+00:00,59389.34,59508.11868,58990.01354,59108.23,0.0
2024-09-01 00:00:00+00:00,59108.23,59226.44646000001,58850.972180000004,58968.91,0.0
2024-09-02 00:00:00+00:00,58968.91,59086.84782,57207.874959999994,57322.52,0.0
2024-09-03 00:00:00+00:00,57322.52,59231.8773,57207.874959999994,59113.65,0.0
2024-09-04 00:00:00+00:00,59113.65,59231.8773,57315.36954,57430.23,0.0
2024-09-05 00:00:00+00:00,57430.23,58082.72358,57315.36954,57966.79,0.0
2024-09-06 00:00:00+00:00,57966.79,58082.72358,56052.98936,56165.32,0.0
2024-09-07 00:00:00+00:00,56165.32,56277.65064,53843.81656,53951.72,0.0
2024-09-08 00:00:00+00:00,53951.72,54266.70678,53843.81656,54158.39,0.0
2024-09-09 00:00:00+00:00,54158.39,54966.88434,54050.07322,54857.17,0.0
2024-09-10 00:00:00+00:00,54857.17,57169.79136,54747.45566,57055.68,0.0
2024-09-11 00:00:00+00:00,57055.68,57751.462380000004,56941.56864,57636.19,0.0
2024-09-12 00:00:00+00:00,57636.19,57751.462380000004,57230.68924,57345.38,0.0
2024-09-13 00:00:00+00:00,57345.38,58252.773,57230.68924,58136.5,0.0
2024-09-14 00:00:00+00:00,58136.5,60687.041820000006,58020.227,60565.91,0.0
2024-09-15 00:00:00+00:00,60565.91,60687.041820000006,59884.011959999996,60004.02,0.0
2024-09-16 00:00:00+00:00,60004.02,60124.02804,59018.55634,59136.83,0.0
2024-09-17 00:00:00+00:00,59136.83,59255.10366,58078.59004,58194.98,0.0
2024-09-18 00:00:00+00:00,58194.98,60424.828440000005,58078.59004,60304.22,0.0
2024-09-19 00:00:00+00:00,60304.22,61807.27782,60183.61156,61683.91,0.0
2024-09-20 00:00:00+00:00,61683.91,63064.0764,61560.542180000004,62938.2,0.0
2024-09-21 00:00:00+00:00,62938.2,63339.61638,62812.323599999996,63213.19,0.0
2024-09-22 00:00:00+00:00,63213.19,63503.76402,63086.763620000005,63377.01,0.0
2024-09-23 00:00:00+00:00,63377.01,63753.67284,63250.25598,63626.42,0.0
2024-09-24 00:00:00+00:00,63626.42,63753.67284,63204.12842,63330.79,0.0
2024-09-25 00:00:00+00:00,63330.79,64407.59808,63204.12842,64279.04,0.0
2024-09-26 00:00:00+00:00,64279.04,64407.59808,63012.5224,63138.8,0.0
2024-09-27 00:00:00+00:00,63138.8,65310.31992,63012.5224,65179.96,0.0
2024-09-28 00:00:00+00:00,65179.96,65913.21329999999,65049.60008,65781.65,0.0
2024-09-29 00:00:00+00:00,65781.65,66020.277,65650.0867,65888.5,0.0
2024-09-30 00:00:00+00:00,65888.5,66020.277,65489.34882,65620.59,0.0
2024-10-01 00:00:00+00:00,65620.59,65751.83118,63196.882939999996,63323.53,0.0
2024-10-02 00:00:00+00:00,63323.53,63450.17706,60717.06252,60838.74,0.0
2024-10-03 00:00:00+00:00,60838.74,60960.41748,60518.191060000005,60639.47,0.0
2024-10-04 00:00:00+00:00,60639.47,60875.6583,60518.191060000005,60754.15,0.0
2024-10-05 00:00:00+00:00,60754.15,62203.889460000006,60632.6417,62079.73,0.0
2024-10-06 00:00:00+00:00,62079.73,62203.889460000006,61940.929879999996,62065.06,0.0
2024-10-07 00:00:00+00:00,62065.06,62940.55986,61940.929879999996,62814.93,0.0
2024-10-08 00:00:00+00:00,62814.93,62940.55986,62113.633780000004,62238.11,0.0
2024-10-09 00:00:00+00:00,62238.11,62362.58622,62000.12126,62124.37,0.0
2024-10-10 00:00:00+00:00,62124.37,62248.618740000005,60452.87196,60574.02,0.0
2024-10-11 00:00:00+00:00,60574.02,60695.16804,60148.701519999995,60269.24,0.0
2024-10-12 00:00:00+00:00,60269.24,62581.98414,60148.701519999995,62457.07,0.0
2024-10-13 00:00:00+00:00,62457.07,63315.63852,62332.15586,63189.26,0.0
2024-10-14 00:00:00+00:00,63189.26,63315.63852,62716.97468000001,62842.66,0.0
2024-10-15 00:00:00+00:00,62842.66,66180.65712,62716.97468000001,66048.56,0.0
2024-10-16 00:00:00+00:00,66048.56,67183.66914000001,65916.46287999999,67049.57,0.0
2024-10-17 00:00:00+00:00,67049.57,67734.51864000001,66915.47086,67599.32,0.0
2024-10-18 00:00:00+00:00,67599.32,67734.51864000001,67266.83671999999,67401.64,0.0
2024-10-19 00:00:00+00:00,67401.64,68563.0524,67266.83671999999,68426.2,0.0
2024-10-20 00:00:00+00:00,68426.2,68563.0524,68229.00852,68365.74,0.0
2024-10-21 00:00:00+00:00,68365.74,69150.06408,68229.00852,69012.04,0.0
2024-10-22 00:00:00+00:00,69012.04,69150.06408,67228.53348,67363.26,0.0
2024-10-23 00:00:00+00:00,67363.26,67502.93639999999,67228.53348,67368.2,0.0
2024-10-24 00:00:00+00:00,67368.2,67502.93639999999,66522.36863999999,66655.68,0.0
2024-10-25 00:00:00+00:00,66655.68,68298.75485999999,66522.36863999999,68162.43,0.0
2024-10-26 00:00:00+00:00,68162.43,68298.75485999999,66506.20104,66639.48,0.0
2024-10-27 00:00:00+00:00,66639.48,67152.81756,66506.20104,67018.78,0.0
2024-10-28 00:00:00+00:00,67018.78,68074.68762,66884.74244,67938.81,0.0
2024-10-29 00:00:00+00:00,67938.81,70053.28692000001,67802.93238,69913.46,0.0
2024-10-30 00:00:00+00:00,69913.46,72851.69256,69773.63308,72706.28,0.0
2024-10-31 00:00:00+00:00,72706.28,72851.69256,72185.21025999999,72329.87,0.0
2024-11-01 00:00:00+00:00,72329.87,72474.52974,70078.58196000001,70219.02,0.0
2024-11-02 00:00:00+00:00,70219.02,70359.45804,69351.74854,69490.73,0.0
2024-11-03 00:00:00+00:00,69490.73,69629.71145999999,69163.20638,69301.81,0.0
2024-11-04 00:00:00+00:00,69301.81,69440.41361999999,68606.72158000001,68744.21,0.0
2024-11-05 00:00:00+00:00,68744.21,68881.69842,67673.87102,67809.49,0.0
2024-11-06 00:00:00+00:00,67809.49,69521.59566,67673.87102,69382.83,0.0
2024-11-07 00:00:00+00:00,69382.83,75793.87518,69244.06434,75642.59,0.0
2024-11-08 00:00:00+00:00,75642.59,76078.16262,75491.30481999999,75926.31,0.0
2024-11-09 00:00:00+00:00,75926.31,76712.49876,75774.45737999999,76559.38,0.0
2024-11-10 00:00:00+00:00,76559.38,76882.2576,76406.26124,76728.8,0.0
2024-11-11 00:00:00+00:00,76728.8,80638.76561999999,76575.34240000001,80477.81,0.0
2024-11-12 00:00:00+00:00,80477.81,88897.17948,80316.85438,88719.74,0.0
2024-11-13 00:00:00+00:00,88719.74,88897.17948,87797.03404,87972.98,0.0
2024-11-14 00:00:00+00:00,87972.98,90718.85556,87797.03404,90537.78,0.0
2024-11-15 00:00:00+00:00,90537.78,90718.85556,87117.44594,87292.03,0.0
2024-11-16 00:00:00+00:00,87292.03,91245.36648000001,87117.44594,91063.24,0.0
2024-11-17 00:00:00+00:00,91063.24,91245.36648000001,90380.90594,90562.03,0.0
2024-11-18 00:00:00+00:00,90562.03,90743.15406,89649.66136000001,89829.32,0.0
2024-11-19 00:00:00+00:00,89829.32,90722.06195999999,89649.66136000001,90540.98,0.0
2024-11-20 00:00:00+00:00,90540.98,92554.19892000001,90359.89804,92369.46,0.0
2024-11-21 00:00:00+00:00,92369.46,94543.13885999999,92184.72108,94354.43,0.0
2024-11-22 00:00:00+00:00,94354.43,98698.47294,94165.72114,98501.47,0.0
2024-11-23 00:00:00+00:00,98501.47,99209.60316,98304.46706,99011.58,0.0
2024-11-24 00:00:00+00:00,99011.58,99209.60316,97581.38612,97776.94,0.0
2024-11-25 00:00:00+00:00,97776.94,98239.00584,97581.38612,98042.92,0.0
2024-11-26 00:00:00+00:00,98042.92,98239.00584,92817.20358,93003.21,0.0
2024-11-27 00:00:00+00:00,93003.21,93189.21642000001,91784.4133,91968.35,0.0
2024-11-28 00:00:00+00:00,91968.35,96148.90398,91784.4133,95956.99,0.0
2024-11-29 00:00:00+00:00,95956.99,96148.90398,95460.20697999999,95651.51,0.0
2024-11-30 00:00:00+00:00,95651.51,97698.54707999999,95460.20697999999,97503.54,0.0
2024-12-01 00:00:00+00:00,97503.54,97698.54707999999,96257.17984,96450.08,0.0
2024-12-02 00:00:00+00:00,96450.08,97468.16724,96257.17984,97273.62,0.0
2024-12-03 00:00:00+00:00,97273.62,97468.16724,95665.44568,95857.16,0.0
2024-12-04 00:00:00+00:00,95857.16,96133.3329,95665.44568,95941.45,0.0
2024-12-05 00:00:00+00:00,95941.45,98966.34762,95749.5671,98768.81,0.0
2024-12-06 00:00:00+00:00,98768.81,98966.34762,96885.38092,97079.54,0.0
2024-12-07 00:00:00+00:00,97079.54,100087.91628,96885.38092,99888.14,0.0
2024-12-08 00:00:00+00:00,99888.14,100114.16868,99688.36372,99914.34,0.0
2024-12-09 00:00:00+00:00,99914.34,101381.93916000001,99714.51131999999,101179.58,0.0
2024-12-10 00:00:00+00:00,101179.58,101381.93916000001,97270.6189,97465.55,0.0
2024-12-11 00:00:00+00:00,97465.55,97660.4811,96460.15308,96653.46,0.0
2024-12-12 00:00:00+00:00,96653.46,101394.3339,96460.15308,101191.95,0.0
2024-12-13 00:00:00+00:00,101191.95,101394.3339,99840.77828,100040.86,0.0
2024-12-14 00:00:00+00:00,100040.86,101670.46506,99840.77828,101467.53,0.0
2024-12-15 00:00:00+00:00,101467.53,101670.46506,101201.52134,101404.33,0.0
2024-12-16 00:00:00+00:00,101404.33,104550.89442000001,101201.52134,104342.21,0.0
2024-12-17 00:00:00+00:00,104342.21,106271.60898,104133.52558,106059.49,0.0
2024-12-18 00:00:00+00:00,106059.49,106368.32201999999,105847.37102,106156.01,0.0
2024-12-19 00:00:00+00:00,106156.01,106368.32201999999,99957.02532,100157.34,0.0
2024-12-20 00:00:00+00:00,100157.34,100357.65467999999,97275.43924,97470.38,0.0
2024-12-21 00:00:00+00:00,97470.38,97964.31756,97275.43924,97768.78,0.0
2024-12-22 00:00:00+00:00,97768.78,97964.31756,97032.08691999999,97226.54,0.0
2024-12-23 00:00:00+00:00,97226.54,97420.99308,94904.59044,95094.78,0.0
2024-12-24 00:00:00+00:00,95094.78,95284.96956,94526.28856,94715.72,0.0
2024-12-25 00:00:00+00:00,94715.72,98810.75706,94526.28856,98613.53,0.0
2024-12-26 00:00:00+00:00,98613.53,99498.72024,98416.30294,99300.12,0.0
2024-12-27 00:00:00+00:00,99300.12,99498.72024,95494.39846,95685.77,0.0
2024-12-28 00:00:00+00:00,95685.77,95877.14154000001,93964.37464,94152.68,0.0
2024-12-29 00:00:00+00:00,94152.68,95335.09962,93964.37464,95144.81,0.0
2024-12-30 00:00:00+00:00,95144.81,95335.09962,93349.34716,93536.42,0.0
2024-12-31 00:00:00+00:00,93536.42,93723.49283999999,92467.37464,92652.68,0.0
2025-01-01 00:00:00+00:00,92652.68,93593.55348,92467.37464,93406.74,0.0
2025-01-02 00:00:00+00:00,93406.74,94597.94826,93219.92652000001,94409.13,0.0
2025-01-03 00:00:00+00:00,94409.13,97047.33726,94220.31174,96853.63,0.0
2025-01-04 00:00:00+00:00,96853.63,98318.25402,96659.92274000001,98122.01,0.0
2025-01-05 00:00:00+00:00,98122.01,98438.55414000001,97925.76598,98242.07,0.0
2025-01-06 00:00:00+00:00,98242.07,98515.8384,98045.58586,98319.2,0.0
2025-01-07 00:00:00+00:00,98319.2,102457.81662,98122.5616,102253.31,0.0
2025-01-08 00:00:00+00:00,102253.31,102457.81662,96722.74684,96916.58,0.0
2025-01-09 00:00:00+00:00,96916.58,97110.41316,94859.3511,95049.45,0.0
2025-01-10 00:00:00+00:00,95049.45,95239.5489,92308.27347999999,92493.26,0.0
2025-01-11 00:00:00+00:00,92493.26,94892.06532000001,92308.27347999999,94702.66,0.0
2025-01-12 00:00:00+00:00,94702.66,94892.06532000001,94380.47078,94569.61,0.0
2025-01-13 00:00:00+00:00,94569.61,94758.74922,94289.41326,94478.37,0.0
2025-01-14 00:00:00+00:00,94478.37,94686.67536,94289.41326,94497.68,0.0
2025-01-15 00:00:00+00:00,94497.68,96720.19428,94308.68463999999,96527.14,0.0
2025-01-16 00:00:00+00:00,96527.14,100712.87370000001,96334.08572,100511.85,0.0
2025-01-17 00:00:00+00:00,100511.85,100712.87370000001,99776.96616,99976.92,0.0
2025-01-18 00:00:00+00:00,99976.92,104311.64688,99776.96616,104103.44,0.0
2025-01-19 00:00:00+00:00,104103.44,104617.70778,103895.23312,104408.89,0.0
2025-01-20 00:00:00+00:00,104408.89,104617.70778,101014.57598,101217.01,0.0
2025-01-21 00:00:00+00:00,101217.01,102246.14412,101014.57598,102042.06,0.0
2025-01-22 00:00:00+00:00,102042.06,106370.58654,101837.97588,106158.27,0.0
2025-01-23 00:00:00+00:00,106158.27,106370.58654,103429.78588,103637.06,0.0
2025-01-24 00:00:00+00:00,103637.06,104158.27073999999,103429.78588,103950.37,0.0
2025-01-25 00:00:00+00:00,103950.37,105064.71,103742.46926,104855.0,0.0
2025-01-26 00:00:00+00:00,104855.0,105064.71,104512.91528,104722.36,0.0
2025-01-27 00:00:00+00:00,104722.36,104931.80472,102387.44474,102592.63,0.0
2025-01-28 00:00:00+00:00,102592.63,102797.81526,101897.80597999999,102102.01,0.0
2025-01-29 00:00:00+00:00,102102.01,102306.21402,101120.17436,101322.82,0.0
2025-01-30 00:00:00+00:00,101322.82,103911.96912,101120.17436,103704.56,0.0
2025-01-31 00:00:00+00:00,103704.56,104953.45794000001,103497.15088,104743.97,0.0
2025-02-01 00:00:00+00:00,104743.97,104953.45794000001,102201.65706,102406.47,0.0
2025-02-02 00:00:00+00:00,102406.47,102611.28294,100426.01546000001,100627.27,0.0
2025-02-03 00:00:00+00:00,100627.27,100828.52454,97480.4983,97675.85,0.0
2025-02-04 00:00:00+00:00,97675.85,101617.58952,97480.4983,101414.76,0.0
2025-02-05 00:00:00+00:00,101414.76,101617.58952,97681.66516,97877.42,0.0
2025-02-06 00:00:00+00:00,97877.42,98073.17483999999,96414.44468,96607.66,0.0
2025-02-07 00:00:00+00:00,96607.66,96800.87532,96371.3211,96564.45,0.0
2025-02-08 00:00:00+00:00,96564.45,96757.5789,96347.6186,96540.7,0.0
2025-02-09 00:00:00+00:00,96540.7,96733.78139999999,96293.56692,96486.54,0.0
2025-02-10 00:00:00+00:00,96486.54,96680.02410000001,96293.56692,96487.05,0.0
2025-02-11 00:00:00+00:00,96487.05,97656.41298000001,96294.0759,97461.49,0.0
2025-02-12 00:00:00+00:00,97461.49,97656.41298000001,95560.496,95752.0,0.0
2025-02-13 00:00:00+00:00,95752.0,98072.91432000001,95560.496,97877.16,0.0
2025-02-14 00:00:00+00:00,97877.16,98072.91432000001,96435.52244,96628.78,0.0
2025-02-15 00:00:00+00:00,96628.78,97689.77957999999,96435.52244,97494.79,0.0
2025-02-16 00:00:00+00:00,97494.79,97788.80724,97299.80042,97593.62,0.0
2025-02-17 00:00:00+00:00,97593.62,97788.80724,95983.85758000001,96176.21,0.0
2025-02-18 00:00:00+00:00,96176.21,96368.56242,95579.59772,95771.14,0.0
2025-02-19 00:00:00+00:00,95771.14,95962.68228,95352.912,95544.0,0.0
2025-02-20 00:00:00+00:00,95544.0,96836.07557999999,95352.912,96642.79,0.0
2025-02-21 00:00:00+00:00,96642.79,98527.662,96449.50442,98331.0,0.0
2025-02-22 00:00:00+00:00,98331.0,98527.662,95918.88778,96111.11,0.0
2025-02-23 00:00:00+00:00,96111.11,96773.8113,95918.88778,96580.65,0.0
2025-02-24 00:00:00+00:00,96580.65,96773.8113,96082.24041999999,96274.79,0.0
2025-02-25 00:00:00+00:00,96274.79,96467.33958,91355.31322,91538.39,0.0
2025-02-26 00:00:00+00:00,91538.39,91721.46678,88486.98138,88664.31,0.0
2025-02-27 00:00:00+00:00,88664.31,88841.63862,83947.4686,84115.7,0.0
2025-02-28 00:00:00+00:00,84115.7,84815.15172,83947.4686,84645.86,0.0
2025-03-01 00:00:00+00:00,84645.86,84815.15172,84211.03042,84379.79,0.0
2025-03-02 00:00:00+00:00,84379.79,86197.12014000001,84211.03042,86025.07,0.0
2025-03-03 00:00:00+00:00,86025.07,94444.02102,85853.01986,94255.51,0.0
2025-03-04 00:00:00+00:00,94255.51,94444.02102,85909.62642,86081.79,0.0
2025-03-05 00:00:00+00:00,86081.79,87400.84278,85909.62642,87226.39,0.0
2025-03-06 00:00:00+00:00,87226.39,90789.78714,87051.93721999999,90608.57,0.0
2025-03-07 00:00:00+00:00,90608.57,90789.78714,89740.28974000001,89920.13,0.0
2025-03-08 00:00:00+00:00,89920.13,90099.97026,86572.02896000001,86745.52,0.0
2025-03-09 00:00:00+00:00,86745.52,86919.01104,85990.91352,86163.24,0.0
2025-03-10 00:00:00+00:00,86163.24,86335.56648000001,80507.97138,80669.31,0.0
2025-03-11 00:00:00+00:00,80669.31,80830.64861999999,78400.60456,78557.72,0.0
2025-03-12 00:00:00+00:00,78557.72,83025.03864000001,78400.60456,82859.32,0.0
2025-03-13 00:00:00+00:00,82859.32,83871.09738,82693.60136,83703.69,0.0
2025-03-14 00:00:00+00:00,83703.69,83871.09738,80913.47874,81075.63,0.0
2025-03-15 00:00:00+00:00,81075.63,84150.54516000001,80913.47874,83982.58,0.0
2025-03-16 00:00:00+00:00,83982.58,84508.28922,83814.61484,84339.61,0.0
2025-03-17 00:00:00+00:00,84339.61,84508.28922,82416.6863,82581.85,0.0
2025-03-18 00:00:00+00:00,82581.85,84208.65114,82416.6863,84040.57,0.0
2025-03-19 00:00:00+00:00,84040.57,84208.65114,82553.00312000001,82718.44,0.0
2025-03-20 00:00:00+00:00,82718.44,87041.31516,82553.00312000001,86867.58,0.0
2025-03-21 00:00:00+00:00,86867.58,87041.31516,84005.93144,84174.28,0.0
2025-03-22 00:00:00+00:00,84174.28,84342.62856,83874.01580000001,84042.1,0.0
2025-03-23 00:00:00+00:00,84042.1,84210.1842,83645.44386000001,83813.07,0.0
2025-03-24 00:00:00+00:00,83813.07,86229.19416,83645.44386000001,86057.08,0.0
2025-03-25 00:00:00+00:00,86057.08,87684.32862,85884.96584,87509.31,0.0
2025-03-26 00:00:00+00:00,87509.31,87684.32862,87300.1997,87475.15,0.0
2025-03-27 00:00:00+00:00,87475.15,87650.10029999999,86733.20596,86907.02,0.0
2025-03-28 00:00:00+00:00,86907.02,87362.14554,86733.20596,87187.77,0.0
2025-03-29 00:00:00+00:00,87187.77,87362.14554,84194.15424,84362.88,0.0
2025-03-30 00:00:00+00:00,84362.88,84531.60576,82446.91572,82612.14,0.0
2025-03-31 00:00:00+00:00,82612.14,82777.36428,82173.51362,82338.19,0.0
2025-04-01 00:00:00+00:00,82338.19,82696.2123,82173.51362,82531.15,0.0
2025-04-02 00:00:00+00:00,82531.15,85355.90106,82366.08769999999,85185.53,0.0
2025-04-03 00:00:00+00:00,85185.53,85355.90106,82322.29546000001,82487.27,0.0
2025-04-04 00:00:00+00:00,82487.27,83269.01561999999,82322.29546000001,83102.81,0.0
2025-04-05 00:00:00+00:00,83102.81,84009.69402,82936.60438,83842.01,0.0
2025-04-06 00:00:00+00:00,83842.01,84009.69402,83333.21956,83500.22,0.0
2025-04-07 00:00:00+00:00,83500.22,83667.22044,78215.4556,78372.2,0.0
2025-04-08 00:00:00+00:00,78372.2,79346.93712,78215.4556,79188.56,0.0
2025-04-09 00:00:00+00:00,79188.56,79346.93712,76114.03686000001,76266.57,0.0
2025-04-10 00:00:00+00:00,76266.57,82740.79128,76114.03686000001,82575.64,0.0
2025-04-11 00:00:00+00:00,82575.64,82740.79128,79428.61442,79587.79,0.0
2025-04-12 00:00:00+00:00,79587.79,83590.77785999999,79428.61442,83423.93,0.0
2025-04-13 00:00:00+00:00,83423.93,85453.83654,83257.08214,85283.27,0.0
2025-04-14 00:00:00+00:00,85283.27,85453.83654,83542.31053999999,83709.73,0.0
2025-04-15 00:00:00+00:00,83709.73,84722.28636,83542.31053999999,84553.18,0.0
2025-04-16 00:00:00+00:00,84553.18,84722.28636,83464.25696,83631.52,0.0
2025-04-17 00:00:00+00:00,83631.52,84201.65718,83464.25696,84033.59,0.0
2025-04-18 00:00:00+00:00,84033.59,85085.0304,83865.52282,84915.2,0.0
2025-04-19 00:00:00+00:00,84915.2,85085.0304,84297.78656000001,84466.72,0.0
2025-04-20 00:00:00+00:00,84466.72,85260.81126,84297.78656000001,85090.63,0.0
2025-04-21 00:00:00+00:00,85090.63,85342.98528,84920.44874,85172.64,0.0
2025-04-22 00:00:00+00:00,85172.64,87697.7955,85002.29472,87522.75,0.0
2025-04-23 00:00:00+00:00,87522.75,93659.5953,87347.7045,93472.65,0.0
2025-04-24 00:00:00+00:00,93472.65,93896.12742,93285.70469999999,93708.71,0.0
2025-04-25 00:00:00+00:00,93708.71,94158.71154,93521.29258000001,93970.77,0.0
2025-04-26 00:00:00+00:00,93970.77,94913.90892,93782.82846,94724.46,0.0
2025-04-27 00:00:00+00:00,94724.46,94913.90892,94471.13908000001,94660.46,0.0
2025-04-28 00:00:00+00:00,94660.46,94849.78092,93594.61563999999,93782.18,0.0
2025-04-29 00:00:00+00:00,93782.18,95188.1964,93594.61563999999,94998.2,0.0
2025-04-30 00:00:00+00:00,94998.2,95188.1964,94086.43003999999,94274.98,0.0
2025-05-01 00:00:00+00:00,94274.98,94463.52996,94017.99718,94206.41,0.0
2025-05-02 00:00:00+00:00,94206.41,96700.27451999999,94017.99718,96507.26,0.0
2025-05-03 00:00:00+00:00,96507.26,97120.86402,96314.24548,96927.01,0.0
2025-05-04 00:00:00+00:00,96927.01,97120.86402,95703.94852,95895.74,0.0
2025-05-05 00:00:00+00:00,95895.74,96087.53148,94123.8251,94312.45,0.0
2025-05-06 00:00:00+00:00,94312.45,94917.2556,94123.8251,94727.8,0.0
2025-05-07 00:00:00+00:00,94727.8,97012.02678,94538.3444,96818.39,0.0
2025-05-08 00:00:00+00:00,96818.39,97236.62508,96624.75322,97042.54,0.0
2025-05-09 00:00:00+00:00,97042.54,103429.70651999999,96848.45491999999,103223.26,0.0
2025-05-10 00:00:00+00:00,103223.26,103429.70651999999,102776.10586000001,102982.07,0.0
2025-05-11 00:00:00+00:00,102982.07,104975.80254,102776.10586000001,104766.27,0.0
2025-05-12 00:00:00+00:00,104766.27,104975.80254,103922.72802000001,104130.99,0.0
2025-05-13 00:00:00+00:00,104130.99,104339.25198,102621.52563999999,102827.18,0.0
2025-05-14 00:00:00+00:00,102827.18,104363.01942000001,102621.52563999999,104154.71,0.0
2025-05-15 00:00:00+00:00,104154.71,104363.01942000001,103345.11556,103552.22,0.0
2025-05-16 00:00:00+00:00,103552.22,103964.90478,103345.11556,103757.39,0.0
2025-05-17 00:00:00+00:00,103757.39,103964.90478,103292.9501,103499.95,0.0
2025-05-18 00:00:00+00:00,103499.95,103706.94989999999,102952.19297999999,103158.51,0.0
2025-05-19 00:00:00+00:00,103158.51,106637.60952,102952.19297999999,106424.76,0.0
2025-05-20 00:00:00+00:00,106424.76,106637.60952,105410.8558,105622.1,0.0
2025-05-21 00:00:00+00:00,105622.1,107019.44166,105410.8558,106805.83,0.0
2025-05-22 00:00:00+00:00,106805.83,109887.59651999999,106592.21834,109668.26,0.0
2025-05-23 00:00:00+00:00,109668.26,111945.63438,109448.92348,111722.19,0.0
2025-05-24 00:00:00+00:00,111722.19,111945.63438,107089.10258,107303.71,0.0
2025-05-25 00:00:00+00:00,107303.71,108025.40957999999,107089.10258,107809.79,0.0
2025-05-26 00:00:00+00:00,107809.79,109247.29848000001,107594.17042,109029.24,0.0
2025-05-27 00:00:00+00:00,109029.24,109700.28264,108811.18152,109481.32,0.0
2025-05-28 00:00:00+00:00,109481.32,109700.28264,108769.69466,108987.67,0.0
2025-05-29 00:00:00+00:00,108987.67,109205.64534,107592.76324,107808.38,0.0
2025-05-30 00:00:00+00:00,107808.38,108023.99676000001,105376.98368,105588.16,0.0
2025-05-31 00:00:00+00:00,105588.16,105799.33632,103819.61465999999,104027.67,0.0
2025-06-01 00:00:00+00:00,104027.67,104864.68074,103819.61465999999,104655.37,0.0
2025-06-02 00:00:00+00:00,104655.37,105912.88296,104446.05926,105701.48,0.0
2025-06-03 00:00:00+00:00,105701.48,106118.77392,105490.07703999999,105906.96,0.0
2025-06-04 00:00:00+00:00,105906.96,106118.77392,105223.60106,105434.47,0.0
2025-06-05 00:00:00+00:00,105434.47,105645.33894,104534.48206,104743.97,0.0
2025-06-06 00:00:00+00:00,104743.97,104953.45794000001,101362.77818000001,101565.91,0.0
2025-06-07 00:00:00+00:00,101565.91,104590.62372,101362.77818000001,104381.86,0.0
2025-06-08 00:00:00+00:00,104381.86,105844.28604,104173.09628,105633.02,0.0
2025-06-09 00:00:00+00:00,105633.02,105982.52196,105421.75396,105770.98,0.0
2025-06-10 00:00:00+00:00,105770.98,110521.01082000001,105559.43804,110300.41,0.0
2025-06-11 00:00:00+00:00,110300.41,110521.01082000001,110058.72144,110279.28,0.0
2025-06-12 00:00:00+00:00,110279.28,110499.83856,108471.14296,108688.52,0.0
2025-06-13 00:00:00+00:00,108688.52,108905.89704000001,105543.69958,105755.21,0.0
2025-06-14 00:00:00+00:00,105755.21,106334.09370000001,105543.69958,106121.85,0.0
2025-06-15 00:00:00+00:00,106121.85,106334.09370000001,105255.73666,105466.67,0.0
2025-06-16 00:00:00+00:00,105466.67,105769.8174,105255.73666,105558.7,0.0
2025-06-17 00:00:00+00:00,105558.7,107011.90662,105347.5826,106798.31,0.0
2025-06-18 00:00:00+00:00,106798.31,107011.90662,104397.07741999999,104606.29,0.0
2025-06-19 00:00:00+00:00,104606.29,105120.75185999999,104397.07741999999,104910.93,0.0
2025-06-20 00:00:00+00:00,104910.93,105120.75185999999,104470.97932,104680.34,0.0
2025-06-21 00:00:00+00:00,104680.34,104889.70068,103096.07463999999,103302.68,0.0
2025-06-22 00:00:00+00:00,103302.68,103509.28536,101937.48646,102141.77,0.0
2025-06-23 00:00:00+00:00,102141.77,102346.05354000001,100795.71458,100997.71,0.0
2025-06-24 00:00:00+00:00,100997.71,105591.0606,100795.71458,105380.3,0.0
2025-06-25 00:00:00+00:00,105380.3,106330.97748,105169.53940000001,106118.74,0.0
2025-06-26 00:00:00+00:00,106118.74,107600.81207999999,105906.50252000001,107386.04,0.0
2025-06-27 00:00:00+00:00,107386.04,107600.81207999999,106764.67274000001,106978.63,0.0
2025-06-28 00:00:00+00:00,106978.63,107324.55066000001,106764.67274000001,107110.33,0.0
2025-06-29 00:00:00+00:00,107110.33,107548.79826000001,106896.10934,107334.13,0.0
2025-06-30 00:00:00+00:00,107334.13,108602.35116,107119.46174,108385.58,0.0
2025-07-01 00:00:00+00:00,108385.58,108602.35116,106916.04938,107130.31,0.0
2025-07-02 00:00:00+00:00,107130.31,107344.57062,105494.42831999999,105705.84,0.0
2025-07-03 00:00:00+00:00,105705.84,109064.31323999999,105494.42831999999,108846.62,0.0
2025-07-04 00:00:00+00:00,108846.62,109856.15376,108628.92676,109636.88,0.0
2025-07-05 00:00:00+00:00,109636.88,109856.15376,107810.34719999999,108026.4,0.0
2025-07-06 00:00:00+00:00,108026.4,108459.61626000001,107810.34719999999,108243.13,0.0
2025-07-07 00:00:00+00:00,108243.13,109442.22756,108026.64374,109223.78,0.0
2025-07-08 00:00:00+00:00,109223.78,109442.22756,108083.95887999999,108300.56,0.0
2025-07-09 00:00:00+00:00,108300.56,109154.13252,108083.95887999999,108936.26,0.0
2025-07-10 00:00:00+00:00,108936.26,111527.88054,108718.38747999999,111305.27,0.0
2025-07-11 00:00:00+00:00,111305.27,116225.79762,111082.65946000001,115993.81,0.0
2025-07-12 00:00:00+00:00,115993.81,117797.26428,115761.82238,117562.14,0.0
2025-07-13 00:00:00+00:00,117562.14,117797.26428,117211.12796,117446.02,0.0
2025-07-14 00:00:00+00:00,117446.02,119333.58078,117211.12796,119095.39,0.0
2025-07-15 00:00:00+00:00,119095.39,120110.47146,118857.19922,119870.73,0.0
2025-07-16 00:00:00+00:00,119870.73,120110.47146,117526.83528,117762.36,0.0
2025-07-17 00:00:00+00:00,117762.36,118985.997,117526.83528,118748.5,0.0
2025-07-18 00:00:00+00:00,118748.5,119515.40370000001,118511.003,119276.85,0.0
2025-07-19 00:00:00+00:00,119276.85,119515.40370000001,117783.62068,118019.66,0.0
2025-07-20 00:00:00+00:00,118019.66,118255.69932,117687.20390000001,117923.05,0.0
2025-07-21 00:00:00+00:00,117923.05,118158.8961,117081.6674,117316.3,0.0
2025-07-22 00:00:00+00:00,117316.3,117681.68358,117081.6674,117446.79,0.0
2025-07-23 00:00:00+00:00,117446.79,120241.46292,117211.89641999999,120001.46,0.0
2025-07-24 00:00:00+00:00,120001.46,120241.46292,118542.71944,118780.28,0.0
2025-07-25 00:00:00+00:00,118780.28,119017.84056,118116.46366,118353.17,0.0
2025-07-26 00:00:00+00:00,118353.17,118589.87634,117413.03334,117648.33,0.0
2025-07-27 00:00:00+00:00,117648.33,118183.15452,117413.03334,117947.26,0.0
2025-07-28 00:00:00+00:00,117947.26,119700.75366,117711.36548,119461.83,0.0
2025-07-29 00:00:00+00:00,119461.83,119700.75366,117801.0757,118037.15,0.0
2025-07-30 00:00:00+00:00,118037.15,118273.22429999999,117689.6989,117925.55,0.0
2025-07-31 00:00:00+00:00,117925.55,118161.4011,117593.21226,117828.87,0.0
2025-08-01 00:00:00+00:00,117828.87,118064.52773999999,115522.59180000001,115754.1,0.0
2025-08-02 00:00:00+00:00,115754.1,115985.6082,113036.28438,113262.81,0.0
2025-08-03 00:00:00+00:00,113262.81,113489.33562,112296.6566,112521.7,0.0
2025-08-04 00:00:00+00:00,112521.7,114455.31372,112296.6566,114226.86,0.0
2025-08-05 00:00:00+00:00,114226.86,115298.40654000001,113998.40628,115068.27,0.0
2025-08-06 00:00:00+00:00,115068.27,115298.40654000001,113909.7739,114138.05,0.0
2025-08-07 00:00:00+00:00,114138.05,115254.50892000001,113909.7739,115024.46,0.0
2025-08-08 00:00:00+00:00,115024.46,117745.58112,114794.41108,117510.56,0.0
2025-08-09 00:00:00+00:00,117510.56,117745.58112,116443.18692,116676.54,0.0
2025-08-10 00:00:00+00:00,116676.54,116909.89308,116252.40924000001,116485.38,0.0
2025-08-11 00:00:00+00:00,116485.38,119534.01084,116252.40924000001,119295.42,0.0
2025-08-12 00:00:00+00:00,119295.42,119534.01084,118478.49814,118715.93,0.0
2025-08-13 00:00:00+00:00,118715.93,120409.6386,118478.49814,120169.3,0.0
2025-08-14 00:00:00+00:00,120169.3,123606.1689,119928.9614,123359.45,0.0
2025-08-15 00:00:00+00:00,123359.45,123606.1689,118151.12419999999,118387.9,0.0
2025-08-16 00:00:00+00:00,118387.9,118624.6758,117184.661,117419.5,0.0
2025-08-17 00:00:00+00:00,117419.5,117719.08824,117184.661,117484.12,0.0
2025-08-18 00:00:00+00:00,117484.12,117719.08824,117220.58899999999,117455.5,0.0
2025-08-19 00:00:00+00:00,117455.5,117690.41100000001,116018.61776,116251.12,0.0
2025-08-20 00:00:00+00:00,116251.12,116483.62224,112590.70732,112816.34,0.0
2025-08-21 00:00:00+00:00,112816.34,114491.83662,112590.70732,114263.31,0.0
2025-08-22 00:00:00+00:00,114263.31,114491.83662,112207.81464,112432.68,0.0
2025-08-23 00:00:00+00:00,112432.68,117100.6839,112207.81464,116866.95,0.0
2025-08-24 00:00:00+00:00,116866.95,117100.6839,115141.72506,115372.47,0.0
2025-08-25 00:00:00+00:00,115372.47,115603.21494,113241.42328,113468.36,0.0
2025-08-26 00:00:00+00:00,113468.36,113695.29672,109918.40263999999,110138.68,0.0
2025-08-27 00:00:00+00:00,110138.68,112027.09698,109918.40263999999,111803.49,0.0
2025-08-28 00:00:00+00:00,111803.49,112027.09698,111029.81536000001,111252.32,0.0
2025-08-29 00:00:00+00:00,111252.32,112798.02576,111029.81536000001,112572.88,0.0
2025-08-30 00:00:00+00:00,112572.88,112798.02576,108153.8089,108370.55,0.0
2025-08-31 00:00:00+00:00,108370.55,109008.37157999999,108153.8089,108790.79,0.0
2025-09-01 00:00:00+00:00,108790.79,109008.37157999999,108018.35036000001,108234.82,0.0
2025-09-02 00:00:00+00:00,108234.82,109469.01101999999,108018.35036000001,109250.51,0.0
2025-09-03 00:00:00+00:00,109250.51,111425.3559,109032.00898,111202.95,0.0
2025-09-04 00:00:00+00:00,111202.95,111961.0251,110980.5441,111737.55,0.0
2025-09-05 00:00:00+00:00,111737.55,111961.0251,110511.24458000001,110732.71,0.0
2025-09-06 00:00:00+00:00,110732.71,110954.17542,110435.72592,110657.04,0.0
2025-09-07 00:00:00+00:00,110657.04,110878.35407999999,110010.67771999999,110231.14,0.0
2025-09-08 00:00:00+00:00,110231.14,111397.81092,110010.67771999999,111175.46,0.0
2025-09-09 00:00:00+00:00,111175.46,112302.95760000001,110953.10908000001,112078.8,0.0
2025-09-10 00:00:00+00:00,112078.8,112302.95760000001,111300.10369999999,111523.15,0.0
2025-09-11 00:00:00+00:00,111523.15,114197.27868,111300.10369999999,113969.34,0.0
2025-09-12 00:00:00+00:00,113969.34,115748.71535999999,113741.40131999999,115517.68,0.0
2025-09-13 00:00:00+00:00,115517.68,116337.23004000001,115286.64464,116105.02,0.0
2025-09-14 00:00:00+00:00,116105.02,116337.23004000001,115733.53906,115965.47,0.0
2025-09-15 00:00:00+00:00,115965.47,116197.40094,115153.92062,115384.69,0.0
2025-09-16 00:00:00+00:00,115384.69,115633.20479999999,115153.92062,115402.4,0.0
2025-09-17 00:00:00+00:00,115402.4,117031.095,115171.5952,116797.5,0.0
2025-09-18 00:00:00+00:00,116797.5,117031.095,116220.17384,116453.08,0.0
2025-09-19 00:00:00+00:00,116453.08,117363.22794,116220.17384,117128.97,0.0
2025-09-20 00:00:00+00:00,117128.97,117363.22794,115460.01719999999,115691.4,0.0
2025-09-21 00:00:00+00:00,115691.4,115982.6523,115460.01719999999,115751.15,0.0
2025-09-22 00:00:00+00:00,115751.15,115982.6523,115086.39594,115317.03,0.0
2025-09-23 00:00:00+00:00,115317.03,115547.66406,112526.80537999999,112752.31,0.0
2025-09-24 00:00:00+00:00,112752.31,112977.81462,111786.25944,112010.28,0.0
2025-09-25 00:00:00+00:00,112010.28,113543.49372,111786.25944,113316.86,0.0
2025-09-26 00:00:00+00:00,113316.86,113543.49372,108818.64656,109036.72,0.0
2025-09-27 00:00:00+00:00,109036.72,109918.25772,108818.64656,109698.86,0.0
2025-09-28 00:00:00+00:00,109698.86,109918.25772,109469.47230000001,109688.85,0.0
2025-09-29 00:00:00+00:00,109688.85,112401.47424,109469.47230000001,112177.12,0.0
2025-09-30 00:00:00+00:00,112177.12,114633.11862,111952.76576,114404.31,0.0
2025-10-01 00:00:00+00:00,114404.31,114633.11862,113806.69047999999,114034.76,0.0
2025-10-02 00:00:00+00:00,114034.76,118854.94542,113806.69047999999,118617.71,0.0
2025-10-03 00:00:00+00:00,118617.71,120869.21592,118380.47458000001,120627.96,0.0
2025-10-04 00:00:00+00:00,120627.96,122527.55598,120386.70408000001,122282.99,0.0
2025-10-05 00:00:00+00:00,122282.99,122678.20668,122038.42402,122433.34,0.0
2025-10-06 00:00:00+00:00,122433.34,123766.50894,122188.47331999999,123519.47,0.0
2025-10-07 00:00:00+00:00,123519.47,125026.23336,123272.43106,124776.68,0.0
2025-10-08 00:00:00+00:00,124776.68,125026.23336,121182.15998,121425.01,0.0
2025-10-09 00:00:00+00:00,121425.01,123587.9325,121182.15998,123341.25,0.0
2025-10-10 00:00:00+00:00,123341.25,123587.9325,121441.02122,121684.39,0.0
2025-10-11 00:00:00+00:00,121684.39,121927.75878,112912.722,113139.0,0.0
2025-10-12 00:00:00+00:00,113139.0,113365.278,110565.99486,110787.57,0.0
2025-10-13 00:00:00+00:00,110787.57,115335.21,110565.99486,115105.0,0.0
2025-10-14 00:00:00+00:00,115105.0,115446.90294,114874.79,115216.47,0.0
2025-10-15 00:00:00+00:00,115216.47,115446.90294,112866.42478,113092.61,0.0
2025-10-16 00:00:00+00:00,113092.61,113318.79522,110563.31024,110784.88,0.0
2025-10-17 00:00:00+00:00,110784.88,111006.44976,107976.23475999999,108192.62,0.0
2025-10-18 00:00:00+00:00,108192.62,108409.00524,106253.1179,106466.05,0.0
2025-10-19 00:00:00+00:00,106466.05,107424.13944,106253.1179,107209.72,0.0
2025-10-20 00:00:00+00:00,107209.72,108905.61648000001,106995.30056,108688.24,0.0
2025-10-21 00:00:00+00:00,108688.24,110797.85339999999,108470.86352,110576.7,0.0
2025-10-22 00:00:00+00:00,110576.7,110797.85339999999,108231.16388,108448.06,0.0
2025-10-23 00:00:00+00:00,108448.06,108664.95612,107398.80194,107614.03,0.0
2025-10-24 00:00:00+00:00,107614.03,110302.88544,107398.80194,110082.72,0.0
2025-10-25 00:00:00+00:00,110082.72,111242.57106,109862.55456,111020.53,0.0
2025-10-26 00:00:00+00:00,111020.53,111860.91528,110798.48894,111637.64,0.0
2025-10-27 00:00:00+00:00,111637.64,114760.65318,111414.36472,114531.59,0.0
2025-10-28 00:00:00+00:00,114531.59,114760.65318,113893.21708,114121.46,0.0
2025-10-29 00:00:00+00:00,114121.46,114349.70292000001,112698.06218000001,112923.91,0.0
2025-10-30 00:00:00+00:00,112923.91,113149.75782,109848.38296,110068.52,0.0
2025-10-31 00:00:00+00:00,110068.52,110288.65704,108086.60358000001,108303.21,0.0
2025-11-01 00:00:00+00:00,108303.21,109771.64507999999,108086.60358000001,109552.54,0.0
2025-11-02 00:00:00+00:00,109552.54,110267.25432000001,109333.43492,110047.16,0.0
2025-11-03 00:00:00+00:00,110047.16,110823.19398000001,109827.06568,110601.99,0.0
2025-11-04 00:00:00+00:00,110601.99,110823.19398000001,106320.31324,106533.38,0.0
2025-11-05 00:00:00+00:00,106533.38,106746.44676,101320.44302,101523.49,0.0
2025-11-06 00:00:00+00:00,101523.49,104091.34716,101320.44302,103883.58,0.0
2025-11-07 00:00:00+00:00,103883.58,104091.34716,101079.99488,101282.56,0.0
2025-11-08 00:00:00+00:00,101282.56,103535.46762,101079.99488,103328.81,0.0
2025-11-09 00:00:00+00:00,103328.81,103535.46762,102075.85915999999,102280.42,0.0
2025-11-10 00:00:00+00:00,102280.42,104921.61438,102075.85915999999,104712.19,0.0
2025-11-11 00:00:00+00:00,104712.19,106174.21458,104502.76562,105962.29,0.0
2025-11-12 00:00:00+00:00,105962.29,106174.21458,102811.83425999999,103017.87,0.0
2025-11-13 00:00:00+00:00,103017.87,103223.90574,101455.75186,101659.07,0.0
2025-11-14 00:00:00+00:00,101659.07,101862.38814000001,99475.79969999999,99675.15,0.0
2025-11-15 00:00:00+00:00,99675.15,99874.5003,94210.43153999999,94399.23,0.0
2025-11-16 00:00:00+00:00,94399.23,95725.22832000001,94210.43153999999,95534.16,0.0
2025-11-17 00:00:00+00:00,95534.16,95725.22832000001,93999.3745,94187.75,0.0
2025-11-18 00:00:00+00:00,94187.75,94376.1255,91909.05352,92093.24,0.0
2025-11-19 00:00:00+00:00,92093.24,93165.06822,91909.05352,92979.11,0.0
2025-11-20 00:00:00+00:00,92979.11,93165.06822,91270.16386,91453.07,0.0
2025-11-21 00:00:00+00:00,91453.07,91635.97614000001,86294.23565999999,86467.17,0.0
2025-11-22 00:00:00+00:00,86467.17,86640.10434,84926.62636000001,85096.82,0.0
2025-11-23 00:00:00+00:00,85096.82,85267.01364,84508.27474000001,84677.63,0.0
2025-11-24 00:00:00+00:00,84677.63,86960.49384,84508.27474000001,86786.92,0.0
2025-11-25 00:00:00+00:00,86786.92,88452.81251999999,86613.34616,88276.26,0.0
2025-11-26 00:00:00+00:00,88276.26,88452.81251999999,87156.18830000001,87330.85,0.0
2025-11-27 00:00:00+00:00,87330.85,90698.5851,87156.18830000001,90517.55,0.0
2025-11-28 00:00:00+00:00,90517.55,91488.08094,90336.51490000001,91305.47,0.0
2025-11-29 00:00:00+00:00,91305.47,91488.08094,90733.42947999999,90915.26,0.0
2025-11-30 00:00:00+00:00,90915.26,91097.09052,90649.15836,90830.82,0.0
2025-12-01 00:00:00+00:00,90830.82,91012.48164000001,90195.67714,90376.43,0.0
2025-12-02 00:00:00+00:00,90376.43,90557.18285999999,86143.78715999999,86316.42,0.0
2025-12-03 00:00:00+00:00,86316.42,91503.11094,86143.78715999999,91320.47,0.0
2025-12-04 00:00:00+00:00,91320.47,93655.0863,91137.82906,93468.15,0.0
2025-12-05 00:00:00+00:00,93468.15,93655.0863,91957.70602,92141.99,0.0
2025-12-06 00:00:00+00:00,92141.99,92326.27398000001,89164.45372,89343.14,0.0
2025-12-07 00:00:00+00:00,89343.14,89521.82628,89052.04897999999,89230.51,0.0
2025-12-08 00:00:00+00:00,89230.51,90636.2106,89052.04897999999,90455.3,0.0
2025-12-09 00:00:00+00:00,90455.3,90824.85714000001,90274.3894,90643.57,0.0
2025-12-10 00:00:00+00:00,90643.57,92888.99717999999,90462.28286,92703.59,0.0
2025-12-11 00:00:00+00:00,92703.59,92888.99717999999,91801.11981999999,91985.09,0.0
2025-12-12 00:00:00+00:00,91985.09,92682.92585999999,91801.11981999999,92497.93,0.0
2025-12-13 00:00:00+00:00,92497.93,92682.92585999999,90089.05081999999,90269.59,0.0
2025-12-14 00:00:00+00:00,90269.59,90461.43174,90089.05081999999,90280.87,0.0
2025-12-15 00:00:00+00:00,90280.87,90461.43174,87990.1171,88166.45,0.0
2025-12-16 00:00:00+00:00,88166.45,88342.78289999999,86250.0542,86422.9,0.0
2025-12-17 00:00:00+00:00,86422.9,88011.06078,86250.0542,87835.39,0.0
2025-12-18 00:00:00+00:00,87835.39,88011.06078,85960.55436000001,86132.82,0.0
2025-12-19 00:00:00+00:00,86132.82,86305.08564,85287.4333,85458.35,0.0
2025-12-20 00:00:00+00:00,85458.35,88275.01764,85287.4333,88098.82,0.0
2025-12-21 00:00:00+00:00,88098.82,88514.08482,87922.62236000001,88337.41,0.0
2025-12-22 00:00:00+00:00,88337.41,88792.95144,88160.73518,88615.72,0.0
2025-12-23 00:00:00+00:00,88615.72,88792.95144,88308.39925999999,88485.37,0.0
2025-12-24 00:00:00+00:00,88485.37,88662.34074,87249.82066,87424.67,0.0
2025-12-25 00:00:00+00:00,87424.67,87782.99556,87249.82066,87607.78,0.0
2025-12-26 00:00:00+00:00,87607.78,87782.99556,87049.21268,87223.66,0.0
2025-12-27 00:00:00+00:00,87223.66,87474.94068,87049.21268,87300.34,0.0
2025-12-28 00:00:00+00:00,87300.34,87965.95074,87125.73932,87790.37,0.0
2025-12-29 00:00:00+00:00,87790.37,88010.79024,87614.78925999999,87835.12,0.0
2025-12-30 00:00:00+00:00,87835.12,88010.79024,86948.8039,87123.05,0.0
2025-12-31 00:00:00+00:00,87123.05,88600.38708,86948.8039,88423.54,0.0
2026-01-01 00:00:00+00:00,88423.54,88600.38708,87318.88226,87493.87,0.0
2026-01-02 00:00:00+00:00,87493.87,88912.47,87318.88226,88735.0,0.0
2026-01-03 00:00:00+00:00,88735.0,90123.9381,88557.53,89944.05,0.0
2026-01-04 00:00:00+00:00,89944.05,90772.12188,89764.1619,90590.94,0.0
2026-01-05 00:00:00+00:00,90590.94,91650.90594,90409.75812,91467.97,0.0
2026-01-06 00:00:00+00:00,91467.97,94070.15478,91285.03406,93882.39,0.0
2026-01-07 00:00:00+00:00,93882.39,94070.15478,93551.3224,93738.8,0.0
2026-01-08 00:00:00+00:00,93738.8,93926.2776,91090.06478,91272.61,0.0
2026-01-09 00:00:00+00:00,91272.61,91455.15522,90848.31924000001,91030.38,0.0
2026-01-10 00:00:00+00:00,91030.38,91212.44076,90314.68864,90495.68,0.0
2026-01-11 00:00:00+00:00,90495.68,90676.67136,90198.03241999999,90378.79,0.0
2026-01-12 00:00:00+00:00,90378.79,90999.89652,90198.03241999999,90818.26,0.0
2026-01-13 00:00:00+00:00,90818.26,91376.0874,90636.62348,91193.7,0.0
2026-01-14 00:00:00+00:00,91193.7,95524.47761999999,91011.31259999999,95333.81,0.0
2026-01-15 00:00:00+00:00,95333.81,97125.80388,95143.14238,96931.94,0.0
2026-01-16 00:00:00+00:00,96931.94,97125.80388,95368.85006,95559.97,0.0
2026-01-17 00:00:00+00:00,95559.97,95751.08994,95336.88412,95527.94,0.0
2026-01-18 00:00:00+00:00,95527.94,95718.99588,94907.69422,95097.89,0.0
2026-01-19 00:00:00+00:00,95097.89,95288.08578,93477.76980000001,93665.1,0.0
2026-01-20 00:00:00+00:00,93665.1,93852.4302,92367.95388,92553.06,0.0
2026-01-21 00:00:00+00:00,92553.06,92738.16612,88148.29012,88324.94,0.0
2026-01-22 00:00:00+00:00,88324.94,89553.48948,88148.29012,89374.74,0.0
2026-01-23 00:00:00+00:00,89374.74,89640.68351999999,89195.99052,89461.76,0.0
2026-01-24 00:00:00+00:00,89461.76,89685.012,89282.83648,89506.0,0.0
2026-01-25 00:00:00+00:00,89506.0,89685.012,88903.90586000001,89082.07,0.0
2026-01-26 00:00:00+00:00,89082.07,89260.23414,86397.79812,86570.94,0.0
2026-01-27 00:00:00+00:00,86570.94,88422.16133999999,86397.79812,88245.67,0.0
2026-01-28 00:00:00+00:00,88245.67,89295.29411999999,88069.17866,89117.06,0.0
2026-01-29 00:00:00+00:00,89117.06,89338.16970000001,88938.82588,89159.85,0.0
2026-01-30 00:00:00+00:00,89159.85,89338.16970000001,84394.2732,84563.4,0.0
2026-01-31 00:00:00+00:00,84563.4,84732.52679999999,83952.06938,84120.31,0.0
2026-02-01 00:00:00+00:00,84120.31,84288.55062,78428.71822,78585.89,0.0
2026-02-02 00:00:00+00:00,78585.89,78743.06178,76725.88072,76879.64,0.0
2026-02-03 00:00:00+00:00,76879.64,78837.13956,76725.88072,78679.78,0.0
2026-02-04 00:00:00+00:00,78679.78,78837.13956,75480.37672,75631.64,0.0
2026-02-05 00:00:00+00:00,75631.64,75782.90328,72858.17163999999,73004.18,0.0
2026-02-06 00:00:00+00:00,73004.18,73150.18836,62686.43588,62812.06,0.0
2026-02-07 00:00:00+00:00,62812.06,70661.36064000001,62686.43588,70520.32,0.0
2026-02-08 00:00:00+00:00,70520.32,70661.36064000001,69144.08469999999,69282.65,0.0
2026-02-09 00:00:00+00:00,69282.65,70425.40968,69144.08469999999,70284.84,0.0
2026-02-10 00:00:00+00:00,70284.84,70425.40968,69990.96754,70131.23,0.0
2026-02-11 00:00:00+00:00,70131.23,70271.49246,68656.6615,68794.25,0.0
2026-02-12 00:00:00+00:00,68794.25,68931.8385,66845.76056,66979.72,0.0
2026-02-13 00:00:00+00:00,66979.72,67113.67944,66073.56804,66205.98,0.0
2026-02-14 00:00:00+00:00,66205.98,68989.69398000001,66073.56804,68851.99,0.0
2026-02-15 00:00:00+00:00,68851.99,69894.18935999999,68714.28602,69754.68,0.0
2026-02-16 00:00:00+00:00,69754.68,69894.18935999999,68647.15056,68784.72,0.0
2026-02-17 00:00:00+00:00,68784.72,68977.94051999999,68647.15056,68840.26,0.0
2026-02-18 00:00:00+00:00,68840.26,68977.94051999999,67325.07002,67459.99,0.0
2026-02-19 00:00:00+00:00,67459.99,67594.90998000001,66294.94440000001,66427.8,0.0
2026-02-20 00:00:00+00:00,66427.8,67090.79376,66294.94440000001,66956.88,0.0
2026-02-21 00:00:00+00:00,66956.88,68130.7896,66822.96624000001,67994.8,0.0
2026-02-22 00:00:00+00:00,67994.8,68130.7896,67830.4173,67966.35,0.0
2026-02-23 00:00:00+00:00,67966.35,68102.28270000001,67479.6702,67614.9,0.0
2026-02-24 00:00:00+00:00,67614.9,67750.1298,64490.70012,64619.94,0.0
2026-02-25 00:00:00+00:00,64619.94,64749.17988,63915.23336,64043.32,0.0
2026-02-26 00:00:00+00:00,64043.32,68120.72952,63915.23336,67984.76,0.0
2026-02-27 00:00:00+00:00,67984.76,68120.72952,67335.78854,67470.73,0.0
2026-02-28 00:00:00+00:00,67470.73,67605.67146,65734.92668,65866.66,0.0
2026-03-01 00:00:00+00:00,65866.66,67140.10218,65734.92668,67006.09,0.0
2026-03-02 00:00:00+00:00,67006.09,67140.10218,65630.76542,65762.29,0.0
2026-03-03 00:00:00+00:00,65762.29,68913.33156,65630.76542,68775.78,0.0
2026-03-04 00:00:00+00:00,68775.78,68913.33156,68128.29036000001,68264.82,0.0
2026-03-05 00:00:00+00:00,68264.82,72903.5661,68128.29036000001,72758.05,0.0
2026-03-06 00:00:00+00:00,72758.05,72903.5661,70744.98647999999,70886.76,0.0
2026-03-07 00:00:00+00:00,70886.76,71028.53352,67992.33282,68128.59,0.0
2026-03-08 00:00:00+00:00,68128.59,68264.84718,67144.95098,67279.51,0.0
2026-03-09 00:00:00+00:00,67279.51,67414.06902,65808.91840000001,65940.8,0.0
2026-03-10 00:00:00+00:00,65940.8,68589.68556,65808.91840000001,68452.78,0.0
2026-03-11 00:00:00+00:00,68452.78,70062.22476000001,68315.87444,69922.38,0.0
2026-03-12 00:00:00+00:00,69922.38,70337.74470000001,69782.53524,70197.35,0.0
2026-03-13 00:00:00+00:00,70197.35,70634.59722,70056.9553,70493.61,0.0
2026-03-14 00:00:00+00:00,70493.61,71108.17248000001,70352.62278,70966.24,0.0
2026-03-15 00:00:00+00:00,70966.24,71361.07728,70824.30752,71218.64,0.0
2026-03-16 00:00:00+00:00,71218.64,72965.51976000001,71076.20272,72819.88,0.0
2026-03-17 00:00:00+00:00,72819.88,75009.219,72674.24024,74859.5,0.0
2026-03-18 00:00:00+00:00,74859.5,75009.219,73779.82463999999,73927.68,0.0
2026-03-19 00:00:00+00:00,73927.68,74075.53536,71120.93308,71263.46,0.0
2026-03-20 00:00:00+00:00,71263.46,71405.98692000001,69771.5273,69911.35,0.0
2026-03-21 00:00:00+00:00,69911.35,70648.54506,69771.5273,70507.53,0.0
2026-03-22 00:00:00+00:00,70507.53,70648.54506,68752.40962,68890.19,0.0
2026-03-23 00:00:00+00:00,68890.19,69027.97038,67714.01058,67849.71,0.0
2026-03-24 00:00:00+00:00,67849.71,71026.95035999999,67714.01058,70885.18,0.0
2026-03-25 00:00:00+00:00,70885.18,71026.95035999999,70376.61469999999,70517.65,0.0
2026-03-26 00:00:00+00:00,70517.65,71443.6521,70376.61469999999,71301.05,0.0
2026-03-27 00:00:00+00:00,71301.05,71443.6521,68641.85118,68779.41,0.0
2026-03-28 00:00:00+00:00,68779.41,68916.96882000001,66197.21025999999,66329.87,0.0
2026-03-29 00:00:00+00:00,66329.87,66462.52974,66187.45980000001,66320.1,0.0
2026-03-30 00:00:00+00:00,66320.1,66452.7402,65825.02612,65956.94,0.0
2026-03-31 00:00:00+00:00,65956.94,66827.84892,65825.02612,66694.46,0.0
2026-04-01 00:00:00+00:00,66694.46,68352.96306,66561.07108000001,68216.53,0.0
2026-04-02 00:00:00+00:00,68216.53,68352.96306,67963.59042,68099.79,0.0
2026-04-03 00:00:00+00:00,68099.79,68235.98958,66757.57728,66891.36,0.0
2026-04-04 00:00:00+00:00,66891.36,67065.6135,66757.57728,66931.75,0.0
2026-04-05 00:00:00+00:00,66931.75,67420.69223999999,66797.8865,67286.12,0.0
2026-04-06 00:00:00+00:00,67286.12,69134.54310000001,67151.54776,68996.55,0.0
2026-04-07 00:00:00+00:00,68996.55,69134.54310000001,68718.82691999999,68856.54,0.0
2026-04-08 00:00:00+00:00,68856.54,72093.47916,68718.82691999999,71949.58,0.0
2026-04-09 00:00:00+00:00,71949.58,72093.47916,70987.35078,71129.61,0.0
2026-04-10 00:00:00+00:00,71129.61,71914.7925,70987.35078,71771.25,0.0
2026-04-11 00:00:00+00:00,71771.25,73122.02214,71627.7075,72976.07,0.0
2026-04-12 00:00:00+00:00,72976.07,73211.30034,72830.11786000001,73065.17,0.0
2026-04-13 00:00:00+00:00,73065.17,73211.30034,70626.59374000001,70768.13,0.0
2026-04-14 00:00:00+00:00,70768.13,74650.01202,70626.59374000001,74501.01,0.0
2026-04-15 00:00:00+00:00,74501.01,74650.01202,74046.94932,74195.34,0.0
2026-04-16 00:00:00+00:00,74195.34,74964.61998,74046.94932,74814.99,0.0
2026-04-17 00:00:00+00:00,74814.99,75320.07948,74665.36002000001,75169.74,0.0
2026-04-18 00:00:00+00:00,75169.74,77297.71685999999,75019.40052000001,77143.43,0.0
2026-04-19 00:00:00+00:00,77143.43,77297.71685999999,75583.2306,75734.7,0.0
2026-04-20 00:00:00+00:00,75734.7,75886.1694,73709.31594,73857.03,0.0
2026-04-21 00:00:00+00:00,73857.03,76025.56764000001,73709.31594,75873.82,0.0
2026-04-22 00:00:00+00:00,75873.82,76505.78616,75722.07236,76353.08,0.0
2026-04-23 00:00:00+00:00,76353.08,78362.90298,76200.37384,78206.49,0.0
2026-04-24 00:00:00+00:00,78206.49,78423.18329999999,78050.07702000001,78266.65,0.0
2026-04-25 00:00:00+00:00,78266.65,78423.18329999999,77303.84247999999,77458.76,0.0
2026-04-26 00:00:00+00:00,77458.76,77791.36218,77303.84247999999,77636.09,0.0
2026-04-27 00:00:00+00:00,77636.09,78806.76894,77480.81782,78649.47,0.0
2026-04-28 00:00:00+00:00,78649.47,78806.76894,77218.71308,77373.46,0.0
2026-04-29 00:00:00+00:00,77373.46,77528.20692000001,76194.5555,76347.25,0.0
2026-04-30 00:00:00+00:00,76347.25,76499.9445,75630.31624,75781.88,0.0
2026-05-01 00:00:00+00:00,75781.88,76439.03292000001,75630.31624,76286.46,0.0
2026-05-02 00:00:00+00:00,76286.46,78352.27176,76133.88708,78195.88,0.0
2026-05-03 00:00:00+00:00,78195.88,78827.55042,78039.48824,78670.21,0.0
2026-05-04 00:00:00+00:00,78670.21,78827.55042,78386.0138,78543.1,0.0
2026-05-05 00:00:00+00:00,78543.1,79987.52574,78386.0138,79827.87,0.0
2026-05-06 00:00:00+00:00,79827.87,81090.26682,79668.21426,80928.41,0.0
2026-05-07 00:00:00+00:00,80928.41,81599.41308,80766.55318,81436.54,0.0
2026-05-08 00:00:00+00:00,81436.54,81599.41308,79855.95802,80015.99,0.0
2026-05-09 00:00:00+00:00,80015.99,80357.97516,79855.95802,80197.58,0.0
2026-05-10 00:00:00+00:00,80197.58,80833.37406,80037.18484,80672.03,0.0
2026-05-11 00:00:00+00:00,80672.03,82310.4924,80510.68594,82146.2,0.0
2026-05-12 00:00:00+00:00,82146.2,82310.4924,81574.71362,81738.19,0.0
2026-05-13 00:00:00+00:00,81738.19,81901.66638000001,80330.4671,80491.45,0.0
2026-05-14 00:00:00+00:00,80491.45,80652.4329,79127.08868,79285.66,0.0
2026-05-15 00:00:00+00:00,79285.66,81229.69512,79127.08868,81067.56,0.0
2026-05-16 00:00:00+00:00,81067.56,81229.69512,78904.89396,79063.02,0.0
2026-05-17 00:00:00+00:00,79063.02,79221.14604,77984.55832,78140.84,0.0
2026-05-18 00:00:00+00:00,78140.84,78297.12168,77254.6311,77409.45,0.0
2026-05-19 00:00:00+00:00,77409.45,77564.2689,76793.5551,76947.45,0.0
2026-05-20 00:00:00+00:00,76947.45,77101.3449,76599.26446,76752.77,0.0
2026-05-21 00:00:00+00:00,76752.77,77618.26668,76599.26446,77463.34,0.0
2026-05-22 00:00:00+00:00,77463.34,77693.29644,77308.41331999999,77538.22,0.0
2026-05-23 00:00:00+00:00,77538.22,77693.29644,75310.00813999999,75460.93,0.0
2026-05-24 00:00:00+00:00,75460.93,76827.23778,75310.00813999999,76673.89,0.0
2026-05-25 00:00:00+00:00,76673.89,77139.35076,76520.54222,76985.38,0.0
2026-05-26 00:00:00+00:00,76985.38,77439.40968,76831.40924000001,77284.84,0.0
2026-05-27 00:00:00+00:00,77284.84,77439.40968,75671.62346,75823.27,0.0
2026-05-28 00:00:00+00:00,75823.27,75974.91654,74199.6533,74348.35,0.0
2026-05-29 00:00:00+00:00,74348.35,74497.0467,73392.00184,73539.08,0.0
2026-05-30 00:00:00+00:00,73539.08,73686.15816,73225.3558,73372.1,0.0
2026-05-31 00:00:00+00:00,73372.1,73902.01901999999,73225.3558,73754.51,0.0
2026-06-01 00:00:00+00:00,73754.51,73902.01901999999,73423.44881999999,73570.59,0.0
2026-06-02 00:00:00+00:00,73570.59,73717.73118,71182.98872,71325.64,0.0
2026-06-03 00:00:00+00:00,71325.64,71468.29128,66543.19690000001,66676.55,0.0
2026-06-04 00:00:00+00:00,66676.55,66809.9031,63884.7744,64012.8,0.0
2026-06-05 00:00:00+00:00,64012.8,64140.825600000004,63684.974799999996,63812.6,0.0
2026-06-06 00:00:00+00:00,63812.6,63940.2252,60917.16152,61039.24,0.0
2026-06-07 00:00:00+00:00,61039.24,61161.318479999994,60739.56742,60861.29,0.0
2026-06-08 00:00:00+00:00,60861.29,63401.17926,60739.56742,63274.63,0.0
2026-06-09 00:00:00+00:00,63274.63,63401.17926,62964.12938,63090.31,0.0
2026-06-10 00:00:00+00:00,63090.31,63216.49062,61519.095239999995,61642.38,0.0
2026-06-11 00:00:00+00:00,61642.38,61765.66476,61327.47924,61450.38,0.0
2026-06-12 00:00:00+00:00,61450.38,63674.98578,61327.47924,63547.89,0.0
2026-06-13 00:00:00+00:00,63547.89,63674.98578,63412.570700000004,63539.65,0.0
2026-06-14 00:00:00+00:00,63539.65,64556.14458,63412.570700000004,64427.29,0.0
2026-06-15 00:00:00+00:00,64427.29,65844.63642000001,64298.43542,65713.21,0.0
2026-06-16 00:00:00+00:00,65713.21,66417.90066,65581.78358,66285.33,0.0
2026-06-17 00:00:00+00:00,66285.33,66417.90066,65480.546460000005,65611.77,0.0
2026-06-18 00:00:00+00:00,65611.77,65742.99354000001,64300.052180000006,64428.91,0.0
2026-06-19 00:00:00+00:00,64428.91,64557.76782,62775.178040000006,62900.98,0.0
2026-06-20 00:00:00+00:00,62900.98,63613.19244,62775.178040000006,63486.22,0.0
2026-06-21 00:00:00+00:00,63486.22,64378.93086,63359.24756,64250.43,0.0
2026-06-22 00:00:00+00:00,64250.43,64378.93086,63108.230599999995,63234.7,0.0
2026-06-23 00:00:00+00:00,63234.7,64080.1044,63108.230599999995,63952.2,0.0
2026-06-24 00:00:00+00:00,63952.2,64080.1044,62528.40258,62653.71,0.0
2026-06-25 00:00:00+00:00,62653.71,62779.01742,60862.271519999995,60984.24,0.0
2026-06-26 00:00:00+00:00,60984.24,61106.20848,59590.2307,59709.65,0.0
2026-06-27 00:00:00+00:00,59709.65,60143.88768,59590.2307,60023.84,0.0
2026-06-28 00:00:00+00:00,60023.84,60143.88768,59821.54714,59941.43,0.0
2026-06-29 00:00:00+00:00,59941.43,60061.31286,59377.7565,59496.75,0.0
2026-06-30 00:00:00+00:00,59496.75,60256.462380000004,59377.7565,60136.19,0.0
2026-07-01 00:00:00+00:00,60136.19,60256.462380000004,58417.21144,58534.28,0.0
2026-07-02 00:00:00+00:00,58534.28,60083.78772,58417.21144,59963.86,0.0
2026-07-03 00:00:00+00:00,59963.86,61607.32872,59843.93228,61484.36,0.0
2026-07-04 00:00:00+00:00,61484.36,62670.12006,61361.39128,62545.03,0.0
2026-07-05 00:00:00+00:00,62545.03,63212.622899999995,62419.93994,63086.45,0.0
2026-07-06 00:00:00+00:00,63086.45,63699.17406,62960.2771,63572.03,0.0
2026-07-07 00:00:00+00:00,63572.03,64128.31062,63444.88594,64000.31,0.0
2026-07-08 00:00:00+00:00,64000.31,64128.31062,63160.5757,63287.15,0.0
2026-07-09 00:00:00+00:00,63287.15,63413.7243,62125.020959999994,62249.52,0.0
2026-07-10 00:00:00+00:00,62249.52,63314.215679999994,62125.020959999994,63187.84,0.0
2026-07-11 00:00:00+00:00,63187.84,64253.0997,63061.46432,64124.85,0.0
2026-07-12 00:00:00+00:00,64124.85,64253.0997,63655.26434,63782.83,0.0
2026-07-13 00:00:00+00:00,63782.83,63910.39566,63616.90122,63744.39,0.0
2026-07-14 00:00:00+00:00,63744.39,63871.87878,62117.83536,62242.32,0.0
2026-07-15 00:00:00+00:00,62242.32,65090.01018,62117.83536,64960.09,0.0
2026-07-16 00:00:00+00:00,64960.09,65090.01018,64585.11092,64714.54,0.0
2026-07-17 00:00:00+00:00,64714.54,64843.96908,63663.08866,63790.67,0.0
2026-07-18 00:00:00+00:00,63790.67,64026.97836,63663.08866,63899.18,0.0
2026-07-19 00:00:00+00:00,63899.18,64927.46574,63771.38164,64797.87,0.0
2026-07-20 00:00:00+00:00,64797.87,64927.46574,64552.7857,64682.15,0.0
2026-07-21 00:00:00+00:00,64682.15,65340.299759999994,64552.7857,65209.88,0.0
2026-07-22 00:00:00+00:00,65209.88,66644.68332,65079.46024,66511.66,0.0
2026-07-23 00:00:00+00:00,66511.66,66644.68332,65941.98174,66074.13,0.0
2026-07-24 00:00:00+00:00,66074.13,66206.27826,64921.06766,65051.17,0.0
2026-07-25 00:00:00+00:00,65051.17,65181.272339999996,63967.29902,64095.49,0.0
2026-07-26 00:00:00+00:00,64095.49,64440.59394,63967.29902,64311.97,0.0
2026-07-27 00:00:00+00:00,64311.97,65466.130919999996,64183.34606,65335.46,0.0
2026-07-28 00:00:00+00:00,65335.46,65466.130919999996,63583.51812,63710.94,0.0
2026-07-29 00:00:00+00:00,63710.94,64001.20692,63583.51812,63873.46,0.0
2026-07-30 00:00:00+00:00,63873.46,64025.15472,63745.71308,63897.36,0.0
2026-07-31 00:00:00+00:00,63897.36,64850.43198,63769.56528,64720.99,0.0
2026-08-01 00:00:00+00:00,64720.99,64850.43198,62685.777200000004,62811.4,0.0
2026-08-02 00:00:00+00:00,62811.4,62937.0228,62634.58978,62760.11,0.0
2026-08-03 00:00:00+00:00,62760.11,63614.40486,62634.58978,63487.43,0.0
2026-08-04 00:00:00+00:00,63487.43,63614.40486,63334.29756,63461.22,0.0
2026-08-05 00:00:00+00:00,63461.22,64182.54888,63334.29756,64054.44,0.0
2026-08-06 00:00:00+00:00,64054.44,64729.28016,63926.33112,64600.08,0.0
2026-08-07 00:00:00+00:00,64600.08,64729.28016,64126.57982,64255.09,0.0
2026-08-08 00:00:00+00:00,64255.09,65008.51752,64126.57982,64878.76,0.0
2026-08-09 00:00:00+00:00,64878.76,65035.431240000005,64749.00248,64905.62,0.0
2026-08-10 00:00:00+00:00,64905.62,65035.431240000005,64725.01056,64854.72,0.0
2026-08-11 00:00:00+00:00,64854.72,64984.42944,63788.676980000004,63916.51,0.0
2026-08-12 00:00:00+00:00,63916.51,64044.34302,63425.35508,63552.46,0.0
2026-08-13 00:00:00+00:00,63552.46,63679.56492,63273.70898,63400.51,0.0
2026-08-14 00:00:00+00:00,63400.51,63533.17272,63273.70898,63406.36,0.0
2026-08-15 00:00:00+00:00,63406.36,63533.17272,62845.616879999994,62971.56,0.0
2026-08-16 00:00:00+00:00,62971.56,63150.47886,62845.616879999994,63024.43,0.0
2026-08-17 00:00:00+00:00,63024.43,63150.47886,62700.45778,62826.11,0.0
2026-08-18 00:00:00+00:00,62826.11,64632.677339999995,62700.45778,64503.67,0.0
2026-08-19 00:00:00+00:00,64503.67,64813.72872,64374.66266,64684.36,0.0
2026-08-20 00:00:00+00:00,64684.36,69422.09706,64554.99128,69283.53,0.0
2026-08-21 00:00:00+00:00,69283.53,73170.57906,69144.96294,73024.53,0.0
2026-08-22 00:00:00+00:00,73024.53,78480.5979,72878.48094,78323.95,0.0
2026-08-23 00:00:00+00:00,78323.95,78480.5979,76922.96575999999,77077.12,0.0
2026-08-24 00:00:00+00:00,77077.12,77856.63246,76922.96575999999,77701.23,0.0
2026-08-25 00:00:00+00:00,77701.23,79133.77164,77545.82754,78975.82,0.0
2026-08-26 00:00:00+00:00,78975.82,79133.77164,78364.6566,78521.7,0.0
2026-08-27 00:00:00+00:00,78521.7,79188.08004,78364.6566,79030.02,0.0
2026-08-28 00:00:00+00:00,79030.02,80433.71634,78871.95996000001,80273.17,0.0
2026-08-29 00:00:00+00:00,80273.17,80433.71634,77679.60944,77835.28,0.0
2026-08-30 00:00:00+00:00,77835.28,78388.464,77679.60944,78232.0,0.0
2026-08-31 00:00:00+00:00,78232.0,78388.464,77534.64994,77690.03,0.0
2026-09-01 00:00:00+00:00,77690.03,78706.7493,77534.64994,78549.65,0.0
2026-09-02 00:00:00+00:00,78549.65,78706.7493,77255.74886,77410.57,0.0
2026-09-03 00:00:00+00:00,77410.57,77565.39114,77149.71136,77304.32,0.0
2026-09-04 00:00:00+00:00,77304.32,81435.42576,77149.71136,81272.88,0.0
2026-09-05 00:00:00+00:00,81272.88,81435.42576,79517.27674,79676.63,0.0
2026-09-06 00:00:00+00:00,79676.63,79992.54576000001,79517.27674,79832.88,0.0
2026-09-07 00:00:00+00:00,79832.88,80501.9826,79673.21424,80341.3,0.0
2026-09-08 00:00:00+00:00,80341.3,80501.9826,78935.68226,79093.87,0.0
2026-09-09 00:00:00+00:00,79093.87,79252.05773999999,78287.1619,78444.05,0.0
2026-09-10 00:00:00+00:00,78444.05,78600.9381,78116.9031,78273.45,0.0
2026-09-11 00:00:00+00:00,78273.45,78429.9969,76387.2693,76540.35,0.0
2026-09-12 00:00:00+00:00,76540.35,77364.28974,76387.2693,77209.87,0.0
2026-09-13 00:00:00+00:00,77209.87,77427.61614000001,77055.45026,77273.07,0.0
2026-09-14 00:00:00+00:00,77273.07,77427.61614000001,76675.85097999999,76829.51,0.0
2026-09-15 00:00:00+00:00,76829.51,78326.05944,76675.85097999999,78169.72,0.0
2026-09-16 00:00:00+00:00,78169.72,78326.05944,75457.97162,75609.19,0.0
2026-09-17 00:00:00+00:00,75609.19,76293.81306,75457.97162,76141.53,0.0
2026-09-18 00:00:00+00:00,76141.53,76547.81004000001,75989.24694,76395.02,0.0
2026-09-19 00:00:00+00:00,76395.02,81033.97446,76242.22996,80872.23,0.0
