timeframe,strategy,atr_sl,rr,score,trades,return_pct,max_dd_pct,profit_factor,win_rate
W1,donchian_55,2.5,2.5,8.628180354561064,8,9.78,2.97,4.134,0.625
D1,volume_spike_break+HTF_EMA55,2.0,2.0,7.698126803553496,51,55.69,3.94,3.234,0.627
M3,williams_r_reversal+HTF_EMA55,2.0,2.0,7.458192115011083,35,35.66,2.97,3.29,0.629
D1,keltner_break+HTF_EMA55,2.5,3.0,7.380999232774732,57,77.85,4.9,2.907,0.509
D1,adx_rising_break_20,2.0,2.0,7.26263449596617,139,139.13,4.93,2.227,0.547
D1,donchian_20,2.0,2.0,7.232363546562735,198,178.76,7.07,1.878,0.51
D1,adx_donchian_20_strict+HTF_EMA55,2.5,3.0,7.164768925393027,66,82.97,4.9,2.754,0.485
D1,adx_donchian_55+HTF_EMA55,2.5,3.0,7.064496481261478,58,69.24,3.94,2.818,0.483
D1,donchian_55+HTF_EMA55,2.0,2.0,7.008791311487312,104,104.64,6.85,2.487,0.567
D1,donchian_55+HTF_EMA55,2.5,3.0,6.826879604034884,61,70.85,3.94,2.685,0.475
D1,donchian_55,2.0,2.0,6.788767916608143,127,118.9,5.85,2.216,0.543
D1,adx_donchian_20_strict+HTF_EMA55,2.0,2.0,6.736681968589408,107,98.56,4.93,2.368,0.551
D1,donchian_20+HTF_EMA55,2.0,2.0,6.687101879694261,146,129.64,5.88,2.062,0.527
D1,adx_donchian_20+HTF_EMA55,2.0,2.0,6.536865587105772,119,104.34,4.93,2.214,0.538
D1,adx_donchian_55,2.0,2.0,6.44452900732306,115,100.39,4.9,2.206,0.539
D1,adx_rising_break_20+HTF_EMA55,2.0,2.0,6.427122708824882,118,100.33,4.93,2.2,0.534
D1,adx_donchian_55+HTF_EMA55,2.0,2.0,6.40887294472849,98,87.22,6.79,2.364,0.551
D1,donchian_20,2.5,3.0,6.400572895805857,80,86.25,3.94,2.324,0.45
D1,adx_donchian_20+HTF_EMA55,2.5,3.0,6.316991287342273,70,75.76,4.96,2.411,0.457
D1,adx_donchian_20,2.0,2.0,6.232883889430832,145,118.51,6.79,1.972,0.517
D1,donchian_20,2.5,2.5,6.124782572505919,107,100.67,7.73,2.13,0.477
D1,adx_donchian_20_strict,2.0,2.0,6.0926596830477076,138,108.05,6.79,2.007,0.514
D1,keltner_break,2.5,2.5,6.089367736938291,77,72.69,4.9,2.317,0.494
W1,donchian_55,2.5,3.0,6.089320990194938,8,8.12,2.97,2.913,0.5
D1,adx_donchian_20_strict+HTF_EMA55,2.5,2.5,6.054487376490337,77,72.69,5.85,2.323,0.494
D1,donchian_20+HTF_EMA55,2.5,3.0,5.961985097879252,88,86.03,4.96,2.137,0.432
D1,keltner_break+HTF_EMA55,2.5,2.5,5.89968326934377,60,55.16,4.02,2.374,0.5
D1,bb_breakout+HTF_EMA55,2.5,3.0,5.847547330699996,75,73.9,5.85,2.221,0.44
W1,donchian_55,2.0,2.0,5.778408006924442,12,9.24,1.99,2.701,0.583
D1,adx_donchian_20+HTF_EMA55,2.5,2.5,5.766121448066932,86,75.09,5.85,2.159,0.477
D1,donchian_20+HTF_EMA55,2.5,2.5,5.75210556698493,103,88.23,5.85,2.024,0.466
D1,adx_donchian_20_strict,2.5,3.0,5.722097286642042,81,77.22,5.91,2.128,0.432
D1,adx_donchian_55,2.5,3.0,5.711753519462715,71,67.25,4.96,2.198,0.437
D1,volume_spike_break,2.0,2.0,5.686017027539193,70,53.86,5.85,2.315,0.543
D1,donchian_55+HTF_EMA55,2.5,2.5,5.599200405419229,76,62.73,3.94,2.152,0.474
D1,donchian_55,2.5,2.5,5.538846241030825,86,69.11,5.42,2.097,0.465
D1,ema_21_55+HTF_EMA55,2.5,3.0,5.501378803253441,24,21.47,3.94,2.52,0.458
D1,cci_100_cross,2.5,3.0,5.4854911030158044,69,64.02,5.96,2.143,0.435
D1,adx_donchian_55+HTF_EMA55,2.5,2.5,5.468770556890018,70,55.74,3.94,2.158,0.471
D1,supertrend_flip+HTF_EMA55,2.5,3.0,5.4150254877471005,37,35.19,5.07,2.368,0.459
H1,cci_100_cross+HTF_EMA55,2.5,2.5,5.398030564917548,347,152.16,13.67,1.428,0.366
M3,adx_donchian_55,2.0,2.0,5.372739777505123,38,27.76,6.82,2.441,0.553
M3,adx_donchian_55+HTF_EMA55,2.0,2.0,5.372739777505123,38,27.76,6.82,2.441,0.553
D1,adx_rising_break_20+HTF_EMA55,2.5,2.5,5.26551154761907,91,66.51,4.9,1.978,0.451
D1,adx_rising_break_20+HTF_EMA55,2.5,3.0,5.25965644232466,75,60.66,5.85,2.066,0.413
D1,adx_rising_break_20,2.5,3.0,5.248588732580616,74,62.28,6.79,2.067,0.419
D1,donchian_55,2.5,3.0,5.1726232603415605,75,60.66,4.96,2.0,0.413
D1,donchian_10+HTF_EMA55,2.0,2.0,5.111347033025934,175,99.2,7.92,1.644,0.469
D1,adx_rising_break_20,2.5,2.5,5.068436208143214,76,57.17,6.79,2.017,0.461
D1,supertrend_flip+HTF_EMA55,2.0,2.0,5.047659625354243,41,27.72,3.94,2.211,0.537
D1,donchian_10,2.0,2.0,4.973122478295845,230,114.53,11.63,1.52,0.448
M15,ema_50_200,2.0,2.0,4.93263966238,28,18.1,3.94,2.25,0.536
M15,ema_50_200+HTF_EMA55,2.0,2.0,4.93263966238,28,18.1,3.94,2.25,0.536
D1,ema_12_26+HTF_EMA55,2.5,3.0,4.917101153243377,42,33.76,4.0,2.114,0.429
W1,adx_donchian_55,2.0,2.0,4.879026213155595,11,7.1,2.97,2.306,0.545
H1,cci_100_cross+HTF_EMA55,2.5,3.0,4.8650144095728844,289,126.76,12.35,1.392,0.325
D1,bb_breakout+HTF_EMA55,2.5,2.5,4.8615634508364645,88,60.09,5.85,1.865,0.443
D1,keltner_break+HTF_EMA55,2.0,2.0,4.844032567130114,83,52.14,7.78,1.969,0.506
D1,adx_donchian_20_strict,2.5,2.5,4.7504987571285024,99,64.7,6.36,1.779,0.434
D1,cci_100_cross+HTF_EMA55,2.5,3.0,4.706630601524541,83,60.47,7.73,1.842,0.398
H1,adx_donchian_20,2.5,2.5,4.7050368992461395,337,118.63,11.36,1.361,0.356
D1,adx_donchian_20,2.5,3.0,4.699391326482601,66,50.1,6.79,1.916,0.409
D1,ichimoku_tk_cross+HTF_EMA55,2.5,3.0,4.687203500451703,62,44.36,4.05,1.901,0.403
D1,keltner_break,2.5,3.0,4.679674071182718,77,57.46,9.62,1.905,0.403
D1,ichimoku_tk_cross+HTF_EMA55,2.5,2.5,4.642095554805898,63,40.44,4.02,1.906,0.444
D1,volume_spike_break+HTF_EMA55,2.5,2.5,4.634517120663466,44,28.74,3.94,2.015,0.455
D1,volume_spike_break+HTF_EMA55,2.5,3.0,4.633881627971332,41,29.86,5.85,2.061,0.415
D1,bb_breakout,2.5,3.0,4.629708876756699,69,51.53,8.7,1.916,0.406
D1,adx_donchian_55,2.5,2.5,4.628860994928654,80,50.98,5.42,1.831,0.438
M3,adx_donchian_20+HTF_EMA55,2.0,2.0,4.585507127221974,58,32.69,4.9,1.963,0.5
M3,adx_donchian_20_strict+HTF_EMA55,2.0,2.0,4.562049485170096,45,26.41,5.94,2.038,0.511
D1,adx_donchian_20,2.5,2.5,4.54777055971515,89,58.49,8.31,1.787,0.438
D1,ema_21_55+HTF_EMA55,2.5,2.5,4.530917666449842,24,15.14,3.94,2.098,0.458
H1,adx_donchian_20+HTF_EMA55,2.5,2.5,4.504632713112499,313,110.74,11.92,1.353,0.358
D1,bb_breakout,2.0,2.0,4.500780440222607,148,77.25,9.75,1.605,0.466
D1,ema_12_26+HTF_EMA55,2.5,2.5,4.454076111071613,42,26.87,4.46,1.957,0.452
M1,donchian_20+HTF_EMA55,2.0,2.0,4.448970409382917,427,132.38,19.17,1.279,0.403
M1,adx_donchian_20+HTF_EMA55,2.0,2.0,4.446528504692254,264,99.42,9.8,1.368,0.424
D1,bb_breakout+HTF_EMA55,2.0,2.0,4.433594066341533,105,54.86,5.94,1.698,0.476
D1,volume_spike_break,2.5,3.0,4.433359306890294,56,36.15,4.9,1.879,0.393
D1,supertrend_flip+HTF_EMA55,2.5,2.5,4.40979527333384,37,24.45,6.45,2.007,0.459
H1,donchian_10,2.5,3.0,4.383115480115134,329,108.25,11.47,1.318,0.31
D1,ema_50_200+HTF_EMA55,2.5,3.0,4.376120596350794,12,8.05,4.0,2.103,0.417
H4,adx_donchian_20,2.5,2.5,4.348476534197453,58,33.06,4.9,1.858,0.431
D1,ema_9_21+HTF_EMA55,2.5,3.0,4.3046819159363094,53,34.87,5.91,1.852,0.396
D1,donchian_10+HTF_EMA55,2.5,2.5,4.295202811221225,122,66.7,10.95,1.652,0.41
M15,ema_21_55+HTF_EMA55,2.5,2.5,4.214055096080451,41,23.78,6.87,1.931,0.439
H4,ema_21_55+HTF_EMA55,2.0,2.0,4.198199507701334,34,18.03,4.9,1.916,0.5
D1,keltner_break,2.0,2.0,4.156284452346532,127,52.99,4.99,1.561,0.449
W1,cci_100_cross,2.5,2.5,4.152572808918152,9,4.97,1.99,1.965,0.444
D1,ema_50_200+HTF_EMA55,2.0,2.0,4.133680713121249,12,6.03,3.94,1.98,0.5
W1,adx_donchian_20_strict,2.0,2.0,4.131566731037393,14,7.07,2.97,1.944,0.5
H2,macd_cross,2.0,2.0,4.125456121046002,245,73.81,8.0,1.422,0.412
H2,macd_hist_turn,2.0,2.0,4.125456121046002,245,73.81,8.0,1.422,0.412
H1,adx_donchian_20_strict,2.5,2.5,4.089205417151536,289,96.2,14.29,1.351,0.356
D1,donchian_10+HTF_EMA55,2.5,3.0,4.0836848756831055,108,58.3,9.62,1.609,0.361
W1,adx_donchian_55,2.5,2.5,4.066402986152817,9,4.97,2.97,1.947,0.444
D1,psar_flip+HTF_EMA55,2.5,3.0,4.064114625886852,69,39.98,7.78,1.733,0.377
W1,adx_rising_break_20,2.0,2.0,4.0617524033641565,10,5.0,3.0,1.931,0.5
W1,psar_flip,2.0,2.0,4.057204184465885,12,6.03,3.94,1.942,0.5
M3,adx_donchian_20+HTF_EMA55,2.5,2.5,4.038675344103553,37,20.2,6.79,1.879,0.432
D1,volume_spike_break,2.5,2.5,4.028358296752477,60,30.42,4.9,1.728,0.417
M3,donchian_55+HTF_EMA55,2.0,2.0,4.024962378582075,56,27.53,8.76,1.836,0.482
M3,donchian_55,2.0,2.0,4.024962378582075,56,27.53,8.76,1.836,0.482
M15,donchian_20+HTF_EMA55,2.5,2.5,4.019158887287972,94,45.57,7.89,1.65,0.404
H2,roc_momentum_12+HTF_EMA55,2.5,3.0,3.973341956956768,99,47.9,7.73,1.612,0.354
D1,ema_9_21+HTF_EMA55,2.5,2.5,3.9604450105959823,52,27.34,6.36,1.76,0.423
H1,cci_100_cross,2.5,2.5,3.9564312658978453,347,90.97,11.44,1.269,0.343
H4,adx_donchian_55,2.5,2.5,3.936766459234279,53,26.07,5.93,1.752,0.415
H1,volume_spike_break+HTF_EMA55,2.5,2.5,3.935937211002494,358,96.47,13.75,1.261,0.344
H1,donchian_10+HTF_EMA55,2.0,2.0,3.917727606332947,662,111.74,17.51,1.186,0.375
D1,bb_breakout,2.5,2.5,3.915776604866222,80,40.85,8.47,1.658,0.412
D1,sma_50_200+HTF_EMA55,2.5,3.0,3.909941024909986,13,6.97,2.97,1.863,0.385
D1,macd_hist_turn+HTF_EMA55,2.5,3.0,3.8591177852441763,64,35.99,8.7,1.693,0.375
D1,macd_cross+HTF_EMA55,2.5,3.0,3.8591177852441763,64,35.99,8.7,1.693,0.375
M1,adx_rising_break_20+HTF_EMA55,2.0,2.0,3.853073367424806,272,84.01,13.36,1.317,0.412
M15,donchian_10+HTF_EMA55,2.5,2.5,3.830590676456712,93,42.02,8.73,1.614,0.398
H1,volume_spike_break,2.5,2.5,3.8208218057724204,366,94.34,14.93,1.255,0.342
M1,adx_donchian_20_strict+HTF_EMA55,2.5,3.0,3.8132649355413832,145,62.18,11.62,1.491,0.338
H4,ema_50_200+HTF_EMA55,2.5,2.5,3.7998108913311786,19,9.09,2.97,1.778,0.421
M3,adx_donchian_20_strict,2.0,2.0,3.789035169960293,49,21.43,6.88,1.735,0.469
D1,rsi50_cross+HTF_EMA55,2.5,3.0,3.784518095215242,66,33.28,6.79,1.638,0.364
M1,adx_donchian_20,2.0,2.0,3.7836609979924263,304,79.82,11.39,1.278,0.401
H4,macd_hist_turn,2.5,2.5,3.745332191682123,71,29.59,5.42,1.614,0.394
H4,macd_cross,2.5,2.5,3.745332191682123,71,29.59,5.42,1.614,0.394
D1,cci_100_cross+HTF_EMA55,2.5,2.5,3.7396229125110216,88,39.32,7.81,1.572,0.398
M30,volume_spike_break+HTF_EMA55,2.5,3.0,3.7266429940211765,32,16.61,6.85,1.775,0.375
H2,macd_hist_turn,2.5,2.5,3.72564526351241,124,47.21,7.73,1.489,0.379
H2,macd_cross,2.5,2.5,3.72564526351241,124,47.21,7.73,1.489,0.379
M5,ema_9_21+HTF_EMA55,2.0,2.0,3.7169814939459904,285,76.6,13.28,1.324,0.404
H1,donchian_10+HTF_EMA55,2.5,2.5,3.7169177376727744,383,94.9,15.92,1.223,0.339
H4,adx_donchian_55+HTF_EMA55,2.5,2.5,3.71218672450123,47,20.65,4.02,1.649,0.404
D1,rsi_trend_pullback,2.5,3.0,3.711068690897749,56,25.78,4.9,1.631,0.357
D1,ema_21_55,2.5,3.0,3.6910204245588356,30,14.36,4.0,1.71,0.367
W1,cci_100_cross,2.5,3.0,3.690820812518818,8,3.92,1.99,1.762,0.375
M1,adx_donchian_20_strict+HTF_EMA55,2.0,2.0,3.690149658197887,217,60.96,7.78,1.327,0.41
D1,cci_100_cross+HTF_EMA55,2.0,2.0,3.688995928170185,109,40.14,5.91,1.481,0.44
M30,donchian_20+HTF_EMA55,2.5,3.0,3.664051939249532,41,19.97,5.91,1.689,0.366
H1,adx_donchian_55+HTF_EMA55,2.5,3.0,3.6628240599520803,244,74.72,13.13,1.334,0.311
H3,sma_50_200,2.5,3.0,3.6558234787651633,30,14.36,6.79,1.762,0.367
H1,adx_donchian_55+HTF_EMA55,2.5,2.5,3.655453439295636,258,76.58,13.99,1.324,0.353
H4,adx_donchian_20+HTF_EMA55,2.5,2.5,3.6517091006679854,55,23.56,4.98,1.615,0.4
H1,adx_donchian_20_strict+HTF_EMA55,2.5,2.5,3.644950662767646,274,78.88,14.29,1.303,0.35
D1,sma_50_200+HTF_EMA55,2.0,2.0,3.6423455019345576,13,4.97,2.02,1.707,0.462
D1,rsi50_cross,2.0,2.0,3.6157883035299285,108,37.39,5.94,1.474,0.435
H3,stoch_cross+HTF_EMA55,2.5,3.0,3.61335053564047,63,26.9,6.79,1.62,0.349
H2,ichimoku_tk_cross+HTF_EMA55,2.5,3.0,3.612444783434977,95,42.24,11.62,1.588,0.347
M3,rsi_trend_pullback,2.0,2.0,3.610652990540216,58,21.32,4.9,1.603,0.448
H1,adx_donchian_55,2.5,3.0,3.610157646925716,245,72.97,13.13,1.326,0.31
D1,ema_50_200+HTF_EMA55,2.5,2.5,3.606849890789332,12,5.45,4.46,1.756,0.417
H3,aroon_cross_25+HTF_EMA55,2.5,2.5,3.602929897862776,50,21.21,5.42,1.625,0.4
H4,macd_hist_turn,2.5,3.0,3.5975884977586383,57,24.52,5.96,1.615,0.351
H4,macd_cross,2.5,3.0,3.5975884977586383,57,24.52,5.96,1.615,0.351
M1,adx_donchian_20+HTF_EMA55,2.5,3.0,3.597327769930339,171,64.79,12.71,1.387,0.327
H3,sma_50_200,2.0,2.0,3.595863176313858,33,12.31,3.0,1.636,0.455
H3,adx_donchian_55+HTF_EMA55,2.5,3.0,3.5954805024234258,62,28.18,7.73,1.62,0.355
H3,adx_donchian_55,2.5,3.0,3.5954805024234258,62,28.18,7.73,1.62,0.355
M15,donchian_10,2.5,2.5,3.59119382838433,96,37.8,8.31,1.529,0.385
M3,adx_donchian_20,2.0,2.0,3.590770258191131,65,23.67,5.99,1.597,0.446
M3,donchian_55,2.5,3.0,3.579752688304449,40,21.18,11.36,1.768,0.375
M3,donchian_55+HTF_EMA55,2.5,3.0,3.579752688304449,40,21.18,11.36,1.768,0.375
M30,volume_spike_break+HTF_EMA55,2.0,2.0,3.574122673098117,54,18.98,4.0,1.586,0.444
M1,bb_breakout,2.5,3.0,3.5665249436843824,139,52.96,10.52,1.434,0.331
M3,donchian_55+HTF_EMA55,2.5,2.5,3.5552267938838336,47,20.65,8.23,1.676,0.404
H1,adx_donchian_55,2.5,2.5,3.554521075759269,260,73.07,13.99,1.309,0.35
M1,donchian_10+HTF_EMA55,2.0,2.0,3.5537090143454693,514,98.44,19.24,1.178,0.381
W1,donchian_20,2.0,2.0,3.5512018528113622,13,4.97,2.97,1.685,0.462
D1,aroon_cross_25+HTF_EMA55,2.5,3.0,3.5416359389555896,50,23.42,7.73,1.64,0.36
H4,adx_donchian_20+HTF_EMA55,2.5,3.0,3.538572172219345,44,21.11,7.73,1.66,0.364
M1,bb_breakout+HTF_EMA55,2.5,3.0,3.5236630283261063,129,50.19,11.36,1.461,0.333
H3,aroon_cross_25+HTF_EMA55,2.5,3.0,3.5219012544093498,45,19.9,5.01,1.598,0.356
D1,donchian_10,2.5,2.5,3.5152524085256815,99,38.44,9.22,1.508,0.384
H2,adx_donchian_20_strict+HTF_EMA55,2.5,2.5,3.5119829392593926,139,45.48,7.54,1.398,0.367
H2,stoch_cross+HTF_EMA55,2.5,2.5,3.5077228791523583,119,39.47,6.87,1.439,0.37
H2,cci_100_cross+HTF_EMA55,2.5,2.5,3.5060462528396403,157,54.83,13.13,1.44,0.369
H3,aroon_cross_25+HTF_EMA55,2.0,2.0,3.5018341616158724,56,20.14,4.96,1.562,0.446
H3,sma_50_200,2.5,2.5,3.4980096800453127,30,12.23,6.45,1.688,0.4
H4,adx_donchian_20_strict+HTF_EMA55,2.5,3.0,3.4855379659694417,45,19.9,5.91,1.603,0.356
M3,adx_donchian_20,2.5,2.5,3.479409799812775,43,17.17,5.85,1.615,0.395
H2,cci_100_cross+HTF_EMA55,2.5,3.0,3.477589724156717,132,51.61,12.25,1.446,0.333
W1,adx_donchian_20_strict,2.5,3.0,3.4695699371380475,11,4.9,2.97,1.669,0.364
H1,donchian_10,2.5,2.5,3.4637761182702587,385,84.5,17.0,1.228,0.335
H2,adx_donchian_55+HTF_EMA55,2.5,3.0,3.4609959198797036,106,43.42,10.78,1.481,0.34
H1,adx_rising_break_20+HTF_EMA55,2.0,2.0,3.451071303037459,427,88.56,18.67,1.21,0.386
W1,bb_breakout,2.5,2.5,3.437656979102623,10,3.92,2.97,1.654,0.4
H2,stoch_cross+HTF_EMA55,2.5,3.0,3.43229427166378,86,32.89,8.92,1.526,0.337
H4,adx_donchian_55+HTF_EMA55,2.5,3.0,3.425473604242315,40,16.48,4.96,1.584,0.35
H1,volume_spike_break,2.5,3.0,3.420270771377542,329,77.74,15.21,1.238,0.298
M3,adx_donchian_20_strict+HTF_EMA55,2.5,3.0,3.4182904899947757,37,15.38,5.01,1.593,0.351
M3,donchian_55,2.5,2.5,3.416659890082648,48,19.45,8.23,1.621,0.396
D1,cci_100_cross,2.5,2.5,3.4151912764887404,86,32.6,8.31,1.493,0.384
M3,roc_momentum_12+HTF_EMA55,2.5,2.5,3.406695606799549,35,14.41,7.3,1.642,0.4
H1,aroon_cross_25+HTF_EMA55,2.0,2.0,3.4053137996183245,180,44.8,7.73,1.346,0.406
H1,ema_50_200+HTF_EMA55,2.5,3.0,3.4039628617010225,100,35.27,6.07,1.419,0.33
H3,sma_50_200+HTF_EMA55,2.0,2.0,3.40388247344772,29,10.15,3.97,1.588,0.448
D1,supertrend_flip,2.0,2.0,3.4037338116822617,86,27.15,5.07,1.45,0.43
M1,adx_donchian_20_strict,2.0,2.0,3.3997889158301158,242,54.3,8.68,1.275,0.397
D1,ema_9_21,2.5,2.5,3.397200951504501,59,22.89,6.79,1.542,0.39
M15,ema_21_55+HTF_EMA55,2.0,2.0,3.396158403142237,59,20.11,7.73,1.58,0.441
H2,adx_donchian_55,2.5,3.0,3.390847818577456,107,41.98,10.78,1.461,0.336
M3,adx_donchian_20_strict,2.5,2.5,3.3851504313733893,44,16.0,4.46,1.548,0.386
H4,cci_100_cross+HTF_EMA55,2.0,2.0,3.380488764323073,102,29.5,5.88,1.437,0.422
M1,keltner_break+HTF_EMA55,2.5,3.0,3.374854452435544,128,51.7,15.01,1.462,0.336
D1,macd_hist_turn+HTF_EMA55,2.5,2.5,3.3740498267557797,66,27.12,9.15,1.546,0.394
D1,macd_cross+HTF_EMA55,2.5,2.5,3.3740498267557797,66,27.12,9.15,1.546,0.394
M15,volume_spike_break,2.0,2.0,3.372638028293697,111,33.31,8.73,1.466,0.423
M15,di_cross+HTF_EMA55,2.0,2.0,3.3570449311243764,102,33.43,10.52,1.499,0.431
H3,rsi_trend_pullback,2.5,3.0,3.351480847527944,62,23.2,6.79,1.529,0.339
M1,adx_donchian_20_strict,2.5,3.0,3.35040936906288,145,49.83,12.4,1.406,0.324
M3,adx_donchian_20_strict+HTF_EMA55,2.5,2.5,3.3481842800611212,41,15.47,5.93,1.57,0.39
D1,ema_50_200,2.0,2.0,3.3472713924559314,18,5.96,3.03,1.579,0.444
M15,keltner_break,2.5,2.5,3.346273900557094,91,30.56,8.89,1.496,0.374
H2,adx_donchian_20_strict+HTF_EMA55,2.5,3.0,3.3444616842162262,117,38.99,7.73,1.394,0.325
H1,aroon_cross_25+HTF_EMA55,2.5,2.5,3.3348807868320303,149,41.04,7.3,1.351,0.356
D1,psar_flip+HTF_EMA55,2.5,2.5,3.3314222926114856,70,26.43,8.23,1.511,0.386
M5,adx_donchian_55+HTF_EMA55,2.5,3.0,3.3236051103141198,179,58.2,14.5,1.363,0.318
H2,adx_donchian_20_strict,2.5,2.5,3.3235967146799075,141,42.59,8.47,1.357,0.362
H3,rsi_trend_pullback,2.5,2.5,3.306164591942283,81,25.64,5.93,1.452,0.37
H2,adx_donchian_55+HTF_EMA55,2.5,2.5,3.304946207251624,126,44.28,12.73,1.435,0.373
M15,keltner_break+HTF_EMA55,2.5,2.5,3.300895621888629,84,26.21,6.1,1.448,0.369
D1,di_cross+HTF_EMA55,2.5,3.0,3.29319438327444,58,23.28,7.07,1.504,0.345
H3,ema_12_26+HTF_EMA55,2.0,2.0,3.293119802010208,107,30.73,7.75,1.428,0.421
H1,bb_breakout,2.5,3.0,3.2837983489377813,335,81.13,19.51,1.244,0.299
D1,donchian_10,2.5,3.0,3.2806477084003465,95,31.4,6.79,1.415,0.326
D1,ema_50_200,2.5,3.0,3.275263581413379,17,6.91,4.96,1.604,0.353
M1,adx_donchian_20_strict,2.5,2.5,3.268004239592193,153,45.23,10.95,1.366,0.359
M5,adx_donchian_55,2.5,3.0,3.263203890576784,187,58.02,15.36,1.356,0.316
M15,donchian_55+HTF_EMA55,2.5,2.5,3.2595997549733022,85,29.37,10.13,1.495,0.376
H1,aroon_cross_25+HTF_EMA55,2.5,3.0,3.2570707210034024,144,39.82,6.85,1.323,0.312
D1,ema_12_26+HTF_EMA55,2.0,2.0,3.2540286705550168,48,15.55,5.85,1.508,0.438
M15,triple_ema_pullback,2.5,3.0,3.2480428786121793,46,18.7,9.67,1.592,0.348
M3,psar_flip,2.5,2.5,3.247682316832847,56,18.15,4.9,1.471,0.375
M15,donchian_55,2.5,2.5,3.2471247130258076,85,29.37,10.13,1.489,0.376
M1,ichimoku_tk_cross,2.5,3.0,3.24348277076958,113,39.08,10.68,1.416,0.327
H2,adx_donchian_55,2.5,2.5,3.2404176605218864,127,42.84,12.73,1.417,0.37
M5,ema_9_21+HTF_EMA55,2.5,3.0,3.2403110587679014,180,50.54,11.57,1.326,0.311
H2,sma_50_200,2.5,3.0,3.240038842393314,43,17.58,7.73,1.55,0.349
D1,ema_9_21+HTF_EMA55,2.0,2.0,3.237768514751546,60,18.91,5.99,1.471,0.433
M30,donchian_20,2.5,3.0,3.2353864887167414,44,16.41,5.96,1.517,0.341
H1,supertrend_flip,2.5,2.5,3.2336023592074215,281,61.03,12.55,1.236,0.338
M3,williams_r_reversal+HTF_EMA55,2.5,2.5,3.2305307255848144,35,14.41,10.47,1.633,0.4
H1,ema_50_200,2.5,3.0,3.230236082595758,102,32.57,6.85,1.38,0.324
H1,adx_rising_break_20,2.0,2.0,3.23006742131194,436,82.85,19.98,1.19,0.383
D1,sma_50_200+HTF_EMA55,2.5,2.5,3.229702237024172,13,4.4,2.97,1.549,0.385
H3,aroon_cross_25,2.5,2.5,3.226660613086217,76,27.6,10.21,1.497,0.382
H1,sma_50_200,2.5,2.5,3.222176793931859,106,33.59,9.56,1.422,0.368
M1,adx_donchian_20_strict+HTF_EMA55,2.5,2.5,3.2182003450427534,148,47.5,13.75,1.387,0.365
M30,volume_spike_break,2.0,2.0,3.2046807424285984,59,16.57,4.93,1.454,0.424
H1,adx_rising_break_20+HTF_EMA55,2.5,3.0,3.2042673601395233,279,62.18,13.28,1.238,0.297
M1,adx_donchian_20,2.5,3.0,3.1989368962471625,173,49.21,10.99,1.304,0.312
M5,ichimoku_tk_cross+HTF_EMA55,2.0,2.0,3.1927852336992286,342,60.56,12.67,1.212,0.383
H2,sma_50_200+HTF_EMA55,2.5,3.0,3.1875692141989824,40,16.48,8.65,1.558,0.35
H1,adx_donchian_55+HTF_EMA55,2.0,2.0,3.186632699302956,341,62.19,13.99,1.225,0.384
M15,keltner_break,2.5,3.0,3.1838157683328,74,22.99,5.24,1.412,0.324
M1,adx_rising_break_20+HTF_EMA55,2.5,3.0,3.181648874587251,144,57.46,19.65,1.424,0.333
H1,sma_50_200+HTF_EMA55,2.5,2.5,3.1803094590548895,100,32.37,9.56,1.413,0.37
M15,triple_ema_pullback+HTF_EMA55,2.5,3.0,3.16976916854696,47,17.51,8.76,1.544,0.34
M3,di_cross+HTF_EMA55,2.0,2.0,3.1671485113975772,56,16.61,5.88,1.457,0.429
M15,di_cross+HTF_EMA55,2.5,2.5,3.1656930607003555,59,18.69,6.87,1.475,0.373
D1,supertrend_flip,2.5,2.5,3.157152971812345,62,19.24,5.85,1.44,0.371
M1,adx_rising_break_20,2.0,2.0,3.1560176402703872,295,59.72,13.38,1.218,0.39
H1,supertrend_flip,2.5,3.0,3.1535972603403644,222,52.6,12.97,1.3,0.302
H2,sma_50_200+HTF_EMA55,2.0,2.0,3.152191466090409,41,13.35,6.79,1.503,0.439
M3,ichimoku_tk_cross+HTF_EMA55,2.5,3.0,3.149820117632449,38,14.23,7.73,1.54,0.342
M5,bb_breakout+HTF_EMA55,2.5,3.0,3.147355946200219,269,59.23,13.13,1.235,0.297
D1,rsi50_cross+HTF_EMA55,2.5,2.5,3.131962107789396,73,22.68,6.79,1.417,0.37
H4,aroon_cross_25,2.0,2.0,3.131719033212017,71,19.96,7.81,1.456,0.423
H3,sma_50_200+HTF_EMA55,2.5,3.0,3.1291107461023726,26,9.98,8.65,1.594,0.346
M3,adx_donchian_20_strict,2.5,3.0,3.1248588489183904,39,13.08,5.01,1.474,0.333
H3,sma_50_200+HTF_EMA55,2.5,2.5,3.12314456644537,26,8.99,7.73,1.569,0.385
M15,volume_spike_break+HTF_EMA55,2.0,2.0,3.1230534011999245,104,26.93,8.73,1.407,0.413
H2,ema_9_21+HTF_EMA55,2.0,2.0,3.1212706689490037,155,34.06,7.78,1.315,0.4
M30,volume_spike_break,2.5,3.0,3.118105285576214,35,13.15,7.78,1.536,0.343
M15,aroon_cross_25+HTF_EMA55,2.0,2.0,3.109832342694851,65,16.5,4.99,1.411,0.415
H2,macd_hist_turn+HTF_EMA55,2.5,2.5,3.109657224451864,135,36.46,10.05,1.353,0.356
H2,macd_cross+HTF_EMA55,2.5,2.5,3.109657224451864,135,36.46,10.05,1.353,0.356
M3,keltner_break+HTF_EMA55,2.5,2.5,3.108416081237465,42,14.31,8.65,1.532,0.381
M1,bb_breakout+HTF_EMA55,2.5,2.5,3.104481239261396,207,47.16,11.36,1.279,0.343
H1,adx_rising_break_20,2.5,3.0,3.100448436238962,280,60.55,14.15,1.224,0.296
H3,ema_50_200,2.0,2.0,3.097127327878099,30,9.04,6.82,1.52,0.433
H3,ema_50_200+HTF_EMA55,2.0,2.0,3.097127327878099,30,9.04,6.82,1.52,0.433
M30,cci_100_cross+HTF_EMA55,2.5,3.0,3.0948549683182525,39,13.08,5.85,1.48,0.333
M15,psar_flip+HTF_EMA55,2.5,3.0,3.0900921524688134,64,20.75,7.78,1.45,0.328
M5,ema_9_21+HTF_EMA55,2.5,2.5,3.0812056128108587,205,50.14,13.28,1.284,0.346
H1,cci_100_cross,2.5,3.0,3.0807983868266335,304,73.17,19.55,1.223,0.299
H2,macd_cross+HTF_EMA55,2.5,3.0,3.0777084879143617,124,34.79,9.62,1.353,0.315
H2,macd_hist_turn+HTF_EMA55,2.5,3.0,3.0777084879143617,124,34.79,9.62,1.353,0.315
M5,donchian_10+HTF_EMA55,2.5,3.0,3.0772456899019978,278,57.45,14.9,1.263,0.295
H4,donchian_20+HTF_EMA55,2.5,2.5,3.068844095706092,64,21.0,8.81,1.451,0.375
H1,macd_hist_turn+HTF_EMA55,2.5,3.0,3.063986725423564,248,55.05,12.87,1.229,0.298
H1,macd_cross+HTF_EMA55,2.5,3.0,3.063986725423564,248,55.05,12.87,1.229,0.298
M15,williams_r_reversal+HTF_EMA55,2.5,3.0,3.0606776377585585,61,19.62,7.89,1.449,0.328
M5,donchian_10+HTF_EMA55,2.5,2.5,3.059221451769035,326,60.93,15.68,1.23,0.331
H4,donchian_20+HTF_EMA55,2.0,2.0,3.0563643759321644,119,30.58,9.75,1.363,0.412
H1,adx_donchian_55,2.0,2.0,3.055304511995266,344,57.37,13.99,1.209,0.381
M1,adx_donchian_20,2.5,2.5,3.0538638869742294,188,44.6,11.51,1.282,0.346
D1,ema_21_55+HTF_EMA55,2.0,2.0,3.03928197366527,26,6.94,4.0,1.444,0.423
H2,ichimoku_tk_cross+HTF_EMA55,2.5,2.5,3.035179529495719,115,30.82,9.56,1.359,0.357
M5,ichimoku_tk_cross+HTF_EMA55,2.5,2.5,3.034625617351297,211,46.36,12.8,1.288,0.341
H1,adx_donchian_20+HTF_EMA55,2.0,2.0,3.0313176596726867,424,62.46,15.34,1.181,0.375
M3,rsi_trend_pullback,2.5,2.5,3.0297950334521166,41,11.53,4.9,1.431,0.366
W1,adx_donchian_20,2.0,2.0,3.0275943807580057,14,3.92,3.94,1.466,0.429
H4,ema_50_200,2.5,2.5,3.026873955447283,24,7.41,4.9,1.468,0.375
M3,bb_breakout+HTF_EMA55,2.5,3.0,3.0248463895135282,46,18.7,12.3,1.546,0.348
H1,donchian_10+HTF_EMA55,2.5,3.0,3.023289572631946,359,66.74,15.66,1.163,0.29
M5,williams_r_reversal,2.0,2.0,3.022680683945806,559,70.16,16.18,1.122,0.369
M1,volume_spike_break+HTF_EMA55,2.0,2.0,3.022121934314788,143,34.22,9.97,1.317,0.406
H2,sma_50_200,2.0,2.0,3.0187827031666807,44,13.31,7.73,1.461,0.432
H4,adx_donchian_20_strict,2.5,2.5,3.0143026792895564,63,18.05,7.3,1.418,0.365
H4,supertrend_flip+HTF_EMA55,2.0,2.0,3.0132419868230667,58,14.29,4.9,1.383,0.414
M3,aroon_cross_25,2.0,2.0,3.009759685388693,48,12.15,5.85,1.426,0.417
M5,adx_donchian_55+HTF_EMA55,2.0,2.0,3.0085589773329833,334,59.1,15.98,1.217,0.383
D1,rsi_trend_pullback,2.5,2.5,3.008366896655022,70,17.95,4.98,1.36,0.357
M1,triple_ema_pullback+HTF_EMA55,2.0,2.0,3.0077739221857214,157,35.37,9.7,1.292,0.401
H4,rsi50_cross+HTF_EMA55,2.0,2.0,3.006463484143119,107,23.16,5.85,1.317,0.402
M3,rsi_trend_pullback+HTF_EMA55,2.0,2.0,3.0026383918166224,48,12.15,5.04,1.402,0.417
M1,adx_donchian_20+HTF_EMA55,2.5,2.5,2.9999317444065094,182,48.35,14.59,1.293,0.352
M5,bb_breakout+HTF_EMA55,2.5,2.5,2.994619537999582,322,56.29,13.5,1.19,0.329
W1,adx_donchian_55,2.5,3.0,2.9865130803968003,9,2.88,3.03,1.457,0.333
M15,ema_21_55,2.0,2.0,2.9856211716672174,62,16.54,8.68,1.439,0.419
M3,macd_hist_turn,2.5,2.5,2.9823689071819173,55,15.27,5.85,1.394,0.364
M3,macd_cross,2.5,2.5,2.9823689071819173,55,15.27,5.85,1.394,0.364
M5,adx_donchian_20_strict+HTF_EMA55,2.5,3.0,2.981065186708761,192,44.44,12.4,1.281,0.302
M3,ema_12_26+HTF_EMA55,2.0,2.0,2.9803517400401947,45,12.18,6.79,1.433,0.422
D1,ema_21_55,2.5,2.5,2.9761486645829094,30,8.4,4.55,1.426,0.367
H1,adx_donchian_20+HTF_EMA55,2.5,3.0,2.9706044492975634,281,52.78,13.23,1.215,0.292
D1,ema_9_21,2.0,2.0,2.9688046936291594,86,19.78,5.96,1.334,0.407
H1,donchian_55+HTF_EMA55,2.0,2.0,2.968539787817823,428,60.79,15.28,1.165,0.374
H2,stoch_cross+HTF_EMA55,2.0,2.0,2.9673838341685723,223,38.56,9.64,1.243,0.386
H4,ema_50_200+HTF_EMA55,2.0,2.0,2.965166880750238,19,4.9,3.94,1.427,0.421
M3,donchian_10,2.0,2.0,2.9511925928254605,109,28.13,11.7,1.384,0.413
H2,adx_donchian_20_strict,2.5,3.0,2.9347300019073597,123,30.86,8.65,1.298,0.309
M1,donchian_20+HTF_EMA55,2.5,3.0,2.932637294101392,209,67.14,24.4,1.326,0.316
H4,donchian_55+HTF_EMA55,2.5,3.0,2.931543817957114,43,13.02,6.85,1.425,0.326
M5,di_cross+HTF_EMA55,2.0,2.0,2.9157329604656783,346,54.24,15.86,1.217,0.379
H3,aroon_cross_25,2.0,2.0,2.9152258443553327,95,19.68,5.88,1.308,0.4
D1,aroon_cross_25+HTF_EMA55,2.5,2.5,2.9144602183146913,49,14.21,7.73,1.416,0.367
H3,rsi50_cross,2.5,3.0,2.9107234740486962,77,24.15,11.47,1.419,0.325
M5,donchian_20+HTF_EMA55,2.5,3.0,2.9015049356119684,286,51.16,14.3,1.224,0.29
H4,adx_rising_break_20+HTF_EMA55,2.5,3.0,2.899676336848739,46,14.09,7.73,1.421,0.326
D1,rsi50_cross+HTF_EMA55,2.0,2.0,2.899464241314473,104,23.19,7.73,1.31,0.404
M15,di_cross+HTF_EMA55,2.5,3.0,2.8895605580217523,47,12.95,5.91,1.383,0.319
W1,adx_donchian_20_strict,2.5,2.5,2.887420133490123,11,2.88,2.97,1.398,0.364
H4,adx_donchian_55,2.5,3.0,2.886843718342781,46,14.09,8.7,1.439,0.326
M15,keltner_break+HTF_EMA55,2.5,3.0,2.886533350172332,73,19.4,7.12,1.349,0.315
H2,adx_donchian_20+HTF_EMA55,2.5,3.0,2.8860246364243163,131,30.7,8.92,1.283,0.305
M15,mfi_reversal,2.5,3.0,2.882107480445814,64,20.75,10.63,1.417,0.328
D1,di_cross+HTF_EMA55,2.5,2.5,2.8763688439483612,60,17.51,8.81,1.392,0.367
M3,stoch_cross+HTF_EMA55,2.5,2.5,2.874694406388877,35,10.51,8.65,1.456,0.371
H3,macd_hist_turn,2.5,3.0,2.8718980411066726,72,20.61,8.76,1.369,0.319
H3,macd_cross,2.5,3.0,2.8718980411066726,72,20.61,8.76,1.369,0.319
M15,stoch_cross,2.5,3.0,2.8694224459277176,47,12.95,7.01,1.401,0.319
H1,adx_donchian_20_strict,2.5,3.0,2.8669682091788973,262,51.7,15.21,1.223,0.294
D1,di_cross+HTF_EMA55,2.0,2.0,2.8616003844926343,78,18.69,7.89,1.339,0.41
M30,donchian_20+HTF_EMA55,2.5,2.5,2.8611943848519554,53,13.59,6.87,1.377,0.358
M15,rsi_trend_pullback,2.5,2.5,2.8608622374232837,74,17.3,6.79,1.339,0.351
M1,adx_donchian_55+HTF_EMA55,2.0,2.0,2.859433537737296,215,45.74,15.26,1.255,0.395
H1,adx_rising_break_20,2.5,2.5,2.8505995607463688,321,63.45,19.54,1.196,0.333
H1,donchian_20+HTF_EMA55,2.5,2.5,2.8504149407860093,409,60.88,17.07,1.163,0.323
M15,macd_hist_turn,2.5,2.5,2.8489147815952376,70,17.95,7.73,1.349,0.357
M15,macd_cross,2.5,2.5,2.8489147815952376,70,17.95,7.73,1.349,0.357
D1,cci_100_cross,2.0,2.0,2.8488058834882706,154,35.41,12.43,1.28,0.403
M3,keltner_break,2.5,3.0,2.8471032603450364,36,12.02,10.47,1.482,0.333
M15,bb_breakout,2.5,2.5,2.8453292582685497,95,25.42,11.59,1.369,0.358
W1,adx_donchian_20,2.5,2.5,2.8445668236619146,11,2.88,3.94,1.401,0.364
H1,donchian_55,2.0,2.0,2.8415669689567484,437,55.92,15.28,1.151,0.371
D1,ema_12_26,2.5,2.5,2.8401879571796433,53,17.61,12.32,1.458,0.377
M15,ema_21_55,2.5,2.5,2.8401711318863465,43,13.17,10.54,1.459,0.372
H2,roc_momentum_12+HTF_EMA55,2.5,2.5,2.83913025387022,112,25.78,9.56,1.314,0.348
H4,bb_breakout+HTF_EMA55,2.0,2.0,2.8364906357446777,107,23.16,8.81,1.306,0.402
H2,ema_12_26+HTF_EMA55,2.0,2.0,2.830893476566327,144,28.96,10.81,1.297,0.396
H2,roc_momentum_12,2.0,2.0,2.829203427842107,238,34.28,9.64,1.218,0.378
H4,rsi50_cross,2.0,2.0,2.8229388201454433,125,22.94,6.96,1.258,0.392
H4,adx_donchian_20,2.5,3.0,2.819878448877891,46,14.09,9.56,1.427,0.326
M1,volume_spike_break+HTF_EMA55,2.5,3.0,2.811207980868339,116,34.95,14.3,1.334,0.319
H4,donchian_55,2.5,2.5,2.809518030586362,59,14.64,7.81,1.365,0.356
D1,ichimoku_tk_cross+HTF_EMA55,2.0,2.0,2.809461798738596,72,15.27,6.1,1.304,0.403
D1,sma_50_200,2.0,2.0,2.804872704379526,20,3.85,2.05,1.315,0.4
H3,donchian_55+HTF_EMA55,2.5,3.0,2.8026054518527683,73,19.4,8.7,1.346,0.315
H2,volume_spike_break+HTF_EMA55,2.5,3.0,2.7997436856416535,142,31.79,10.57,1.271,0.303
W1,donchian_20,2.5,2.5,2.7992928543371125,11,2.88,4.9,1.402,0.364
M30,mfi_reversal,2.5,3.0,2.7959934168114993,35,8.76,4.9,1.354,0.314
M1,triple_ema_pullback+HTF_EMA55,2.5,2.5,2.794379694006111,111,27.05,10.44,1.3,0.351
M15,adx_donchian_20_strict,2.5,3.0,2.7943132758493188,58,18.49,12.4,1.44,0.328
M30,williams_r_reversal,2.5,2.5,2.7937825436682426,44,12.04,8.65,1.402,0.364
H1,adx_rising_break_20+HTF_EMA55,2.5,2.5,2.787421751165924,317,58.73,18.72,1.192,0.331
M15,williams_r_reversal+HTF_EMA55,2.0,2.0,2.7841049749716085,108,21.93,9.94,1.322,0.398
M30,volume_spike_break+HTF_EMA55,2.5,2.5,2.783672022905657,39,9.9,7.3,1.386,0.359
M15,bb_breakout,2.5,3.0,2.7827744986541325,93,23.86,10.52,1.338,0.312
H2,macd_cross,2.5,3.0,2.7825017067223534,83,21.61,9.56,1.336,0.313
H2,macd_hist_turn,2.5,3.0,2.7825017067223534,83,21.61,9.56,1.336,0.313
H1,sma_50_200,2.5,3.0,2.780236859258601,104,24.89,9.56,1.303,0.308
H4,ema_50_200+HTF_EMA55,2.5,3.0,2.77782179789364,19,4.78,3.94,1.361,0.316
D1,rsi_trend_pullback+HTF_EMA55,2.5,3.0,2.7768311672874915,57,15.04,7.78,1.354,0.316
M1,volume_spike_break+HTF_EMA55,2.5,2.5,2.774734594273749,125,31.31,12.88,1.308,0.352
H4,ichimoku_tk_cross,2.5,2.5,2.773501917469643,61,16.33,8.89,1.355,0.361
M5,bb_breakout+HTF_EMA55,2.0,2.0,2.771872434555131,465,63.42,19.53,1.147,0.372
H3,ichimoku_tk_cross+HTF_EMA55,2.0,2.0,2.769604494419317,109,24.36,10.55,1.304,0.404
H3,roc_momentum_12,2.5,3.0,2.768078886960303,74,18.21,7.73,1.317,0.311
M3,ichimoku_tk_cross+HTF_EMA55,2.5,2.5,2.7649707725805146,36,9.4,7.73,1.391,0.361
M15,donchian_10+HTF_EMA55,2.5,3.0,2.7636551267696063,77,19.33,9.03,1.336,0.312
D1,macd_hist_turn+HTF_EMA55,2.0,2.0,2.7623226668943612,94,20.89,9.59,1.311,0.404
D1,macd_cross+HTF_EMA55,2.0,2.0,2.7623226668943612,94,20.89,9.59,1.311,0.404
M15,macd_cross,2.5,3.0,2.752669156951603,64,16.06,7.73,1.331,0.312
M15,macd_hist_turn,2.5,3.0,2.752669156951603,64,16.06,7.73,1.331,0.312
M30,cci_100_cross+HTF_EMA55,2.0,2.0,2.751851160207518,68,13.04,5.99,1.296,0.397
D1,ema_12_26,2.0,2.0,2.7473875101659044,79,17.51,9.7,1.34,0.405
D1,ema_21_55,2.0,2.0,2.746428241596497,48,12.15,9.67,1.389,0.417
H1,rsi_trend_pullback,2.0,2.0,2.7461781132774137,407,47.32,13.2,1.138,0.369
M15,psar_flip+HTF_EMA55,2.0,2.0,2.7392453240506924,118,20.6,7.78,1.261,0.39
D1,psar_flip,2.0,2.0,2.7368851313668054,122,22.97,9.08,1.267,0.393
H2,ema_12_26,2.5,3.0,2.7338262944981286,118,22.19,6.85,1.242,0.297
M5,keltner_break+HTF_EMA55,2.5,3.0,2.733670989866781,240,55.24,21.8,1.285,0.3
H2,macd_hist_turn+HTF_EMA55,2.0,2.0,2.730040066570888,193,30.92,10.52,1.223,0.383
H2,macd_cross+HTF_EMA55,2.0,2.0,2.730040066570888,193,30.92,10.52,1.223,0.383
W1,bb_breakout,2.0,2.0,2.7293189064189862,10,1.91,2.97,1.32,0.4
H3,donchian_55,2.5,3.0,2.72755093774526,74,18.21,8.7,1.322,0.311
H4,donchian_10,2.5,3.0,2.723332627914273,71,17.1,8.81,1.333,0.31
M3,rsi_trend_pullback+HTF_EMA55,2.5,2.5,2.722699018848945,37,8.31,5.93,1.339,0.351
H3,macd_cross+HTF_EMA55,2.5,2.5,2.7178308165314444,79,15.5,6.1,1.271,0.342
H3,macd_hist_turn+HTF_EMA55,2.5,2.5,2.7178308165314444,79,15.5,6.1,1.271,0.342
H2,di_cross,2.5,3.0,2.714482530397715,95,21.4,7.94,1.266,0.305
H2,donchian_10,2.0,2.0,2.7070819838545774,366,50.9,16.67,1.168,0.374
M1,adx_rising_break_20,2.5,3.0,2.704607154168449,156,45.21,19.7,1.314,0.314
M3,stoch_cross+HTF_EMA55,2.0,2.0,2.704436565550929,61,14.25,10.57,1.372,0.41
M30,donchian_20+HTF_EMA55,2.0,2.0,2.7030502398278813,78,15.2,7.97,1.299,0.397
M15,adx_donchian_20_strict+HTF_EMA55,2.0,2.0,2.701316053331752,91,20.92,12.38,1.349,0.407
M15,adx_donchian_20_strict,2.0,2.0,2.70129497187221,99,22.03,12.4,1.339,0.404
H3,adx_donchian_20,2.5,3.0,2.6970749595287806,80,20.47,10.89,1.338,0.312
H3,mfi_reversal+HTF_EMA55,2.5,2.5,2.692800454314037,58,11.84,5.93,1.29,0.345
M1,triple_ema_pullback,2.5,2.5,2.691233725124563,118,22.6,8.2,1.24,0.339
H3,roc_momentum_12+HTF_EMA55,2.5,3.0,2.684584225655317,65,14.9,7.89,1.314,0.308
M15,cci_100_cross+HTF_EMA55,2.5,2.5,2.684023914492404,78,16.66,8.31,1.297,0.346
H4,donchian_10,2.5,2.5,2.680304842413914,91,17.64,8.04,1.28,0.341
H3,adx_rising_break_20,2.5,3.0,2.67864816574555,81,19.26,9.62,1.31,0.309
H3,adx_rising_break_20+HTF_EMA55,2.5,3.0,2.67864816574555,81,19.26,9.62,1.31,0.309
M15,bb_breakout+HTF_EMA55,2.5,2.5,2.67817149981619,93,19.37,9.38,1.294,0.344
M15,donchian_20,2.0,2.0,2.6759935223382083,180,28.5,10.79,1.227,0.383
D1,triple_ema_pullback+HTF_EMA55,2.5,3.0,2.675441789935618,39,8.69,4.96,1.298,0.308
H1,adx_donchian_20,2.5,3.0,2.66749487440034,295,43.67,14.1,1.178,0.285
H1,adx_donchian_20_strict+HTF_EMA55,2.5,3.0,2.66404534912482,255,44.52,15.21,1.194,0.29
D1,sma_50_200,2.5,2.5,2.6638209487762543,20,4.31,4.9,1.324,0.35
D1,ema_50_200,2.5,2.5,2.6623812375044738,17,3.83,5.42,1.34,0.353
H4,ema_21_55+HTF_EMA55,2.5,2.5,2.6599301164843805,28,6.82,7.3,1.355,0.357
M30,bb_breakout+HTF_EMA55,2.5,3.0,2.6574414964756183,39,8.69,5.85,1.311,0.308
H4,adx_rising_break_20+HTF_EMA55,2.5,2.5,2.654326872659088,63,14.02,8.31,1.307,0.349
M1,donchian_55+HTF_EMA55,2.0,2.0,2.648868830618066,307,50.28,18.22,1.182,0.381
D1,ema_9_21,2.5,3.0,2.647959911109323,47,12.95,9.67,1.356,0.319
H3,ema_12_26,2.0,2.0,2.6470405836931805,124,24.18,11.68,1.275,0.395
H3,adx_donchian_55,2.0,2.0,2.646415121157198,113,19.46,8.84,1.252,0.389
H3,adx_donchian_55+HTF_EMA55,2.0,2.0,2.646415121157198,113,19.46,8.84,1.252,0.389
H2,adx_donchian_20+HTF_EMA55,2.5,2.5,2.6421842671584517,156,26.97,10.21,1.223,0.333
M15,triple_ema_pullback,2.5,2.5,2.63983268899342,51,11.94,9.56,1.351,0.353
H4,adx_rising_break_20+HTF_EMA55,2.0,2.0,2.6392767784591804,80,16.33,9.64,1.297,0.4
H4,ichimoku_tk_cross,2.5,3.0,2.6378250506390346,46,9.66,5.13,1.274,0.304
H2,bb_breakout+HTF_EMA55,2.0,2.0,2.636581479710668,245,36.89,13.18,1.184,0.38
H1,donchian_10,2.0,2.0,2.6355792314141047,726,59.24,18.77,1.105,0.358
H4,adx_rising_break_20,2.0,2.0,2.635334285556105,95,16.16,7.75,1.253,0.389
M15,williams_r_reversal+HTF_EMA55,2.5,2.5,2.6343147009025314,66,14.54,9.72,1.328,0.348
D1,aroon_cross_25+HTF_EMA55,2.0,2.0,2.633728358558887,56,9.85,5.91,1.268,0.393
H2,adx_donchian_55+HTF_EMA55,2.0,2.0,2.6327903369060475,173,33.82,14.9,1.253,0.393
H2,ema_9_21,2.0,2.0,2.632107537434668,188,37.67,16.97,1.265,0.394
H1,sma_50_200+HTF_EMA55,2.5,3.0,2.628774479817938,98,22.55,10.63,1.278,0.306
M5,donchian_55+HTF_EMA55,2.0,2.0,2.6270575273760937,405,50.31,17.37,1.152,0.37
D1,supertrend_flip,2.5,3.0,2.6267082974874,52,11.75,6.96,1.293,0.308
M5,adx_donchian_55,2.0,2.0,2.626630311952041,346,45.3,16.01,1.167,0.373
M3,mfi_reversal,2.0,2.0,2.622047572865317,43,7.82,5.91,1.282,0.395
H3,adx_donchian_20+HTF_EMA55,2.5,3.0,2.61985780796638,82,18.07,9.83,1.299,0.305
H1,keltner_break+HTF_EMA55,2.5,2.5,2.6188921308026387,347,49.74,17.36,1.165,0.323
M1,cci_100_cross,2.5,3.0,2.6180343105961197,196,33.36,11.36,1.187,0.291
M15,aroon_cross_25+HTF_EMA55,2.5,3.0,2.616198447921758,48,11.82,9.56,1.351,0.312
M15,triple_ema_pullback+HTF_EMA55,2.0,2.0,2.6161864061438838,75,15.24,10.55,1.319,0.4
M15,triple_ema_pullback,2.0,2.0,2.615085789170193,77,16.37,11.44,1.329,0.403
H1,supertrend_flip+HTF_EMA55,2.5,3.0,2.6115736388105026,191,29.55,9.67,1.18,0.288
H1,supertrend_flip+HTF_EMA55,2.5,2.5,2.6095146683253096,218,31.76,10.62,1.171,0.326
H4,adx_donchian_20_strict+HTF_EMA55,2.0,2.0,2.608000236031168,74,12.98,7.73,1.269,0.392
D1,roc_momentum_12+HTF_EMA55,2.5,3.0,2.60246783830579,64,16.06,10.57,1.327,0.312
M3,keltner_break,2.0,2.0,2.602224864136856,81,15.17,9.8,1.296,0.395
M1,triple_ema_pullback,2.0,2.0,2.5986305754487082,180,28.5,11.6,1.208,0.383
M5,williams_r_reversal+HTF_EMA55,2.0,2.0,2.598412917261824,413,51.7,18.7,1.157,0.37
M30,donchian_10,2.0,2.0,2.591223731837674,80,16.33,10.65,1.299,0.4
M15,bb_breakout+HTF_EMA55,2.0,2.0,2.5912183279546768,134,22.83,11.44,1.256,0.388
H2,adx_donchian_55,2.0,2.0,2.583372359929114,174,32.48,14.9,1.242,0.391
M15,triple_ema_pullback+HTF_EMA55,2.5,2.5,2.583130944940831,52,10.82,8.65,1.313,0.346
H2,sma_50_200,2.5,2.5,2.5830647733809213,43,9.31,7.73,1.304,0.349
M15,roc_momentum_12+HTF_EMA55,2.0,2.0,2.5802374739439053,112,20.67,12.51,1.298,0.393
H1,bb_breakout,2.5,2.5,2.573934835115202,396,54.1,19.66,1.157,0.321
M15,macd_cross+HTF_EMA55,2.0,2.0,2.573135089162427,119,19.39,10.79,1.266,0.387
M15,macd_hist_turn+HTF_EMA55,2.0,2.0,2.573135089162427,119,19.39,10.79,1.266,0.387
M1,volume_spike_break,2.0,2.0,2.57275294126997,172,27.33,11.84,1.213,0.384
M5,adx_donchian_55+HTF_EMA55,2.5,2.5,2.5722517929441704,208,40.71,17.88,1.242,0.337
H4,donchian_20+HTF_EMA55,2.5,3.0,2.5712141592854634,69,14.83,8.81,1.281,0.304
H2,cci_100_cross+HTF_EMA55,2.0,2.0,2.5703832157169813,271,33.84,12.38,1.163,0.373
H2,adx_rising_break_20,2.5,2.5,2.5688912971271787,141,28.48,14.07,1.266,0.34
M30,roc_momentum_12+HTF_EMA55,2.0,2.0,2.5672164908916435,56,9.85,7.75,1.281,0.393
M3,roc_momentum_12+HTF_EMA55,2.0,2.0,2.5666790111706606,65,13.08,9.7,1.295,0.4
M1,ema_21_55+HTF_EMA55,2.0,2.0,2.564346463745381,132,21.64,10.57,1.234,0.386
W1,bb_breakout,2.5,3.0,2.5626378842719313,10,1.85,2.97,1.262,0.3
M15,bb_breakout+HTF_EMA55,2.5,3.0,2.5577984875952327,93,19.05,10.52,1.276,0.301
M15,donchian_20,2.5,2.5,2.5576200265752527,112,25.78,14.22,1.289,0.348
H4,adx_rising_break_20,2.5,2.5,2.5570749438366702,73,14.44,9.56,1.288,0.342
M15,mfi_reversal+HTF_EMA55,2.5,2.5,2.5561191952239293,32,6.24,6.79,1.3,0.344
H4,adx_donchian_20_strict,2.5,3.0,2.5557208206723754,53,10.64,7.07,1.273,0.302
M5,psar_flip+HTF_EMA55,2.5,2.5,2.555091011647727,280,46.56,19.61,1.22,0.329
H4,volume_spike_break+HTF_EMA55,2.0,2.0,2.5538178855486215,102,18.41,10.57,1.259,0.392
M5,supertrend_flip+HTF_EMA55,2.0,2.0,2.55131976312712,281,40.53,17.09,1.203,0.377
M3,bb_breakout+HTF_EMA55,2.5,2.5,2.546205006038373,52,10.82,8.73,1.297,0.346
H4,adx_donchian_20_strict+HTF_EMA55,2.5,2.5,2.5461846831797517,56,10.22,6.79,1.256,0.339
M5,keltner_break+HTF_EMA55,2.5,2.5,2.545668176290146,282,48.72,20.55,1.217,0.33
H4,aroon_cross_25+HTF_EMA55,2.5,2.5,2.5438463279054164,43,9.31,8.65,1.308,0.349
M3,ema_9_21+HTF_EMA55,2.5,2.5,2.541647328142968,35,6.73,6.79,1.288,0.343
M1,adx_donchian_55,2.0,2.0,2.5411646126786867,222,35.84,15.26,1.198,0.383
H2,sma_50_200+HTF_EMA55,2.5,2.5,2.540404494106675,40,8.81,8.65,1.311,0.35
H4,supertrend_flip,2.0,2.0,2.540106153904822,99,14.96,7.78,1.219,0.384
M3,keltner_break,2.5,2.5,2.5396587062209623,43,9.31,9.56,1.329,0.349
H3,adx_donchian_20_strict+HTF_EMA55,2.5,2.5,2.5367615108270205,90,14.77,7.73,1.23,0.333
H2,roc_momentum_12+HTF_EMA55,2.0,2.0,2.5351053488321975,201,32.12,14.93,1.224,0.383
M1,bb_breakout+HTF_EMA55,2.0,2.0,2.528840342228957,292,33.57,12.74,1.155,0.37
H4,adx_donchian_20+HTF_EMA55,2.0,2.0,2.5276787042528044,83,12.88,7.84,1.235,0.386
M1,sma_50_200+HTF_EMA55,2.5,3.0,2.5235685995603454,60,16.13,13.23,1.352,0.317
M3,keltner_break+HTF_EMA55,2.0,2.0,2.5219691642076936,76,14.08,10.68,1.288,0.395
M30,stoch_cross+HTF_EMA55,2.5,3.0,2.5215342545192296,36,7.67,7.78,1.302,0.306
H2,adx_donchian_20_strict,2.0,2.0,2.5158976710995433,203,37.46,17.6,1.226,0.389
H1,volume_spike_break+HTF_EMA55,2.5,3.0,2.5135000268502488,326,44.43,16.15,1.146,0.282
M15,rsi_trend_pullback+HTF_EMA55,2.5,2.5,2.511759813271757,68,12.26,8.65,1.265,0.338
M3,bb_breakout,2.5,2.5,2.5113739679151776,55,11.33,9.56,1.295,0.345
H2,adx_rising_break_20+HTF_EMA55,2.5,2.5,2.508164768711968,139,26.61,14.07,1.255,0.338
M15,ema_12_26+HTF_EMA55,2.5,2.5,2.5050670159703166,54,8.62,5.85,1.229,0.333
D1,sma_50_200,2.5,3.0,2.5043381933005375,20,3.73,4.96,1.264,0.3
H1,donchian_55+HTF_EMA55,2.5,2.5,2.502591847227788,307,47.53,19.15,1.173,0.326
H2,cci_100_cross,2.5,2.5,2.4997955038171074,174,30.52,13.99,1.211,0.333
H1,williams_r_reversal+HTF_EMA55,2.5,3.0,2.4976736996333697,256,37.52,14.6,1.167,0.285
M3,ema_9_21,2.0,2.0,2.4947186673173176,54,8.78,7.84,1.258,0.389
M15,donchian_20+HTF_EMA55,2.0,2.0,2.490945387003192,171,21.16,9.83,1.186,0.374
M1,rsi_trend_pullback+HTF_EMA55,2.0,2.0,2.4869714920781676,223,47.08,23.13,1.252,0.395
M15,donchian_10+HTF_EMA55,2.0,2.0,2.4862136455118837,188,25.87,12.46,1.201,0.378
H1,ema_9_21,2.5,2.5,2.483232946855645,283,47.23,19.75,1.181,0.329
M3,macd_hist_turn,2.5,3.0,2.4828430361747356,43,8.63,7.78,1.274,0.302
M3,macd_cross,2.5,3.0,2.4828430361747356,43,8.63,7.78,1.274,0.302
H4,aroon_cross_25+HTF_EMA55,2.5,3.0,2.478978740702678,39,8.69,8.7,1.293,0.308
H1,psar_flip+HTF_EMA55,2.5,3.0,2.4785934346648504,274,51.43,21.11,1.18,0.292
M1,sma_50_200,2.5,3.0,2.4783551721701444,68,15.99,12.4,1.312,0.309
M5,adx_donchian_20+HTF_EMA55,2.5,3.0,2.476522647976101,219,39.65,18.26,1.225,0.292
M5,cci_100_cross+HTF_EMA55,2.5,2.5,2.476450750329458,308,41.06,17.07,1.174,0.321
D1,aroon_cross_25,2.5,3.0,2.4732574640163567,58,9.47,5.91,1.216,0.293
M15,ema_21_55+HTF_EMA55,2.5,3.0,2.4725223344187826,33,6.66,7.73,1.287,0.303
H1,volume_spike_break+HTF_EMA55,2.0,2.0,2.4721653498389906,508,51.77,20.01,1.128,0.364
H2,adx_donchian_20,2.5,3.0,2.4699327566304365,138,21.83,9.88,1.191,0.29
M5,donchian_55+HTF_EMA55,2.5,3.0,2.4697831170963296,219,39.65,17.58,1.205,0.292
H2,volume_spike_break,2.5,3.0,2.469073435516895,155,25.18,11.47,1.197,0.29
M15,sma_50_200+HTF_EMA55,2.5,3.0,2.468846292452075,30,5.65,6.85,1.274,0.3
M1,triple_ema_pullback+HTF_EMA55,2.5,3.0,2.46869024502963,107,26.08,15.26,1.278,0.308
M3,supertrend_flip+HTF_EMA55,2.5,2.5,2.4680963183107476,40,8.81,10.47,1.32,0.35
H3,ichimoku_tk_cross,2.0,2.0,2.464900051788758,142,20.31,10.57,1.199,0.38
H1,bb_breakout+HTF_EMA55,2.5,2.5,2.4642453714460997,381,45.46,17.65,1.139,0.318
H4,williams_r_reversal+HTF_EMA55,2.5,2.5,2.4639825519886918,60,9.62,6.79,1.222,0.333
M3,psar_flip+HTF_EMA55,2.0,2.0,2.4637224318237263,73,10.76,7.89,1.226,0.384
M3,donchian_10,2.5,2.5,2.461676393394473,70,13.92,11.03,1.282,0.343
H2,adx_rising_break_20,2.0,2.0,2.459194584312095,213,31.97,15.13,1.193,0.38
H4,donchian_55+HTF_EMA55,2.0,2.0,2.4582897072113234,86,12.84,8.68,1.222,0.384
W1,donchian_20,2.5,3.0,2.4528710694158717,10,1.85,4.9,1.255,0.3
M1,stoch_cross+HTF_EMA55,2.5,3.0,2.45254570841134,128,34.71,21.57,1.34,0.312
H3,ema_50_200+HTF_EMA55,2.5,3.0,2.4484301661854797,30,5.65,6.85,1.264,0.3
H3,ema_50_200,2.5,3.0,2.4484301661854797,30,5.65,6.85,1.264,0.3
M3,psar_flip,2.0,2.0,2.4447611978791643,97,13.85,8.78,1.208,0.381
H4,keltner_break+HTF_EMA55,2.0,2.0,2.4441934800556933,86,12.84,8.76,1.217,0.384
M5,adx_donchian_55,2.5,2.5,2.4438907563045076,211,36.53,17.88,1.221,0.332
H4,stoch_cross+HTF_EMA55,2.0,2.0,2.443038611764247,133,16.88,8.76,1.178,0.376
M15,bb_breakout,2.0,2.0,2.441300222090584,146,22.68,13.2,1.228,0.384
H4,roc_momentum_12,2.5,3.0,2.439150568593104,46,9.66,9.56,1.286,0.304
M1,aroon_cross_25+HTF_EMA55,2.0,2.0,2.4373122283432003,116,19.43,12.43,1.238,0.388
H4,donchian_55+HTF_EMA55,2.5,2.5,2.436847741092597,54,8.62,6.87,1.221,0.333
M5,adx_rising_break_20+HTF_EMA55,2.5,2.5,2.4350208786971113,251,33.85,15.35,1.182,0.323
M15,volume_spike_break,2.5,2.5,2.4349967702450153,79,11.55,7.3,1.202,0.329
W1,donchian_10,2.0,2.0,2.4349391349401515,13,1.88,4.93,1.226,0.385
H3,rsi50_cross,2.5,2.5,2.433940541827973,88,13.1,8.04,1.205,0.33
M3,donchian_20+HTF_EMA55,2.5,3.0,2.4286874467702617,56,11.69,10.47,1.283,0.304
M1,aroon_cross_25+HTF_EMA55,2.5,3.0,2.4256735161482292,79,21.68,16.6,1.332,0.316
H4,williams_r_reversal+HTF_EMA55,2.5,3.0,2.4245203944035127,58,9.47,6.79,1.214,0.293
M5,ema_9_21,2.0,2.0,2.4211386183593024,361,45.08,18.73,1.135,0.371
H2,adx_donchian_20_strict+HTF_EMA55,2.0,2.0,2.415514585454343,195,32.2,16.77,1.209,0.385
H4,ichimoku_tk_cross+HTF_EMA55,2.0,2.0,2.414562299510936,78,11.81,8.89,1.215,0.385
H4,rsi50_cross+HTF_EMA55,2.5,3.0,2.4132398991862942,58,9.47,6.96,1.213,0.293
W1,donchian_10,2.5,3.0,2.4119413528482623,10,1.85,5.85,1.259,0.3
H4,ema_50_200,2.0,2.0,2.410347417579806,24,2.78,3.97,1.183,0.375
M1,rsi_trend_pullback,2.0,2.0,2.4094657658330716,234,44.03,22.38,1.227,0.389
H1,sma_50_200+HTF_EMA55,2.0,2.0,2.404484459678813,103,13.78,8.65,1.186,0.379
H1,ema_9_21+HTF_EMA55,2.5,2.5,2.4044571411008104,233,30.21,13.58,1.159,0.322
H4,adx_donchian_55+HTF_EMA55,2.0,2.0,2.4027140633123634,69,8.62,6.82,1.191,0.377
M5,rsi_trend_pullback+HTF_EMA55,2.0,2.0,2.4015281098053975,357,38.09,16.62,1.144,0.367
H1,cci_100_cross+HTF_EMA55,2.0,2.0,2.4013253265032892,545,49.72,19.83,1.109,0.361
D1,triple_ema_pullback,2.5,3.0,2.3999833342468806,47,8.56,7.89,1.237,0.298
H2,adx_donchian_20+HTF_EMA55,2.0,2.0,2.3999042644686615,227,25.39,11.7,1.146,0.37
M3,adx_rising_break_20+HTF_EMA55,2.5,3.0,2.398565554364349,44,11.89,14.9,1.373,0.318
H4,ema_50_200,2.5,3.0,2.397279879380063,24,3.67,4.9,1.212,0.292
M15,ema_9_21+HTF_EMA55,2.5,2.5,2.3951997037794897,72,11.65,8.81,1.218,0.333
H1,ema_12_26,2.5,3.0,2.393064236919163,221,42.4,20.83,1.22,0.294
M30,donchian_20,2.5,2.5,2.3924726526977205,51,8.12,7.81,1.227,0.333
M3,donchian_20+HTF_EMA55,2.5,2.5,2.3916028895802928,68,12.26,10.54,1.252,0.338
H3,cci_100_cross+HTF_EMA55,2.5,2.5,2.390074166835095,95,13.0,8.23,1.189,0.326
H3,rsi50_cross,2.0,2.0,2.3899616456735693,156,17.78,9.25,1.155,0.372
H2,adx_rising_break_20+HTF_EMA55,2.0,2.0,2.388031833296102,209,29.42,15.13,1.184,0.378
H3,ema_9_21,2.5,2.5,2.385643634554805,76,11.04,7.97,1.199,0.329
M1,adx_donchian_55+HTF_EMA55,2.5,3.0,2.385538789368229,151,30.32,16.15,1.219,0.298
H2,psar_flip+HTF_EMA55,2.0,2.0,2.382449329582563,230,25.35,12.27,1.152,0.37
H1,triple_ema_pullback+HTF_EMA55,2.5,2.5,2.378212188671363,227,33.58,16.24,1.178,0.326
M15,donchian_20+HTF_EMA55,2.5,3.0,2.3759690818565242,87,16.82,12.4,1.255,0.299
M1,keltner_break+HTF_EMA55,2.5,2.5,2.3752809547093823,210,42.79,22.91,1.248,0.338
M5,donchian_10+HTF_EMA55,2.0,2.0,2.375077182430031,663,55.52,22.25,1.099,0.359
H1,ema_9_21+HTF_EMA55,2.0,2.0,2.3663657500670454,297,34.83,16.77,1.162,0.37
H4,ema_12_26+HTF_EMA55,2.0,2.0,2.3661914279799663,66,8.65,7.75,1.196,0.379
H4,donchian_20,2.5,2.5,2.3642774900405947,83,14.87,12.0,1.249,0.337
H1,adx_donchian_20,2.0,2.0,2.3626729122451526,461,42.22,17.87,1.115,0.362
M5,williams_r_reversal+HTF_EMA55,2.5,2.5,2.3597168117046627,248,42.82,22.04,1.22,0.331
H3,donchian_10+HTF_EMA55,2.0,2.0,2.3587600928785646,247,26.39,12.69,1.141,0.368
M3,ema_12_26,2.0,2.0,2.3548798596222174,63,8.69,8.68,1.212,0.381
D1,triple_ema_pullback+HTF_EMA55,2.5,2.5,2.354737649033523,40,5.09,5.42,1.181,0.325
M30,ema_21_55,2.5,2.5,2.354265858220241,27,4.22,7.3,1.234,0.333
M30,volume_spike_break,2.5,2.5,2.3525591060167326,42,6.64,8.23,1.232,0.333
H4,donchian_10+HTF_EMA55,2.0,2.0,2.3510969517462366,154,16.63,9.59,1.156,0.37
M30,donchian_20,2.0,2.0,2.3467530058252786,82,10.66,8.92,1.195,0.378
M1,ema_9_21,2.5,2.5,2.335542389676078,162,23.77,13.75,1.192,0.327
M15,psar_flip+HTF_EMA55,2.5,2.5,2.3347712034974464,73,10.53,9.22,1.21,0.329
H4,roc_momentum_12,2.0,2.0,2.332202750534324,108,11.48,7.97,1.158,0.37
H1,williams_r_reversal+HTF_EMA55,2.5,2.5,2.3295462350283485,278,30.13,13.9,1.132,0.317
H3,keltner_break,2.0,2.0,2.328113405854383,161,18.9,10.95,1.156,0.373
H2,ema_9_21+HTF_EMA55,2.5,3.0,2.323531965004274,90,13.35,9.56,1.195,0.289
M1,ichimoku_tk_cross+HTF_EMA55,2.5,3.0,2.322589799513798,100,20.11,14.05,1.236,0.3
M5,stoch_cross+HTF_EMA55,2.5,2.5,2.320169015029923,242,36.69,19.75,1.205,0.326
H3,ema_12_26+HTF_EMA55,2.5,2.5,2.3170953049792318,67,9.52,8.65,1.197,0.328
M15,keltner_break,2.0,2.0,2.3154297405827404,131,19.25,14.07,1.222,0.382
M1,volume_spike_break,2.5,3.0,2.3069434610427395,127,20.82,12.51,1.185,0.291
M5,psar_flip+HTF_EMA55,2.5,3.0,2.3068009120784976,237,31.24,15.91,1.168,0.283
D1,di_cross,2.0,2.0,2.305418499072909,107,16.02,12.54,1.21,0.383
H1,donchian_55,2.5,2.5,2.3052705344256714,312,40.3,19.15,1.148,0.321
H3,rsi_trend_pullback+HTF_EMA55,2.5,3.0,2.3041081247988977,61,10.51,10.47,1.235,0.295
M1,keltner_break,2.5,2.5,2.3025621694143923,233,30.21,15.71,1.161,0.322
M15,adx_donchian_20+HTF_EMA55,2.5,2.5,2.3016658414440094,67,13.4,14.07,1.283,0.343
M15,aroon_cross_25+HTF_EMA55,2.5,2.5,2.301637907598495,49,6.55,7.73,1.197,0.327
H1,stoch_cross+HTF_EMA55,2.5,2.5,2.301622466212976,275,34.12,16.62,1.145,0.32
W1,cci_100_cross,2.0,2.0,2.3007908271833273,11,0.89,2.97,1.125,0.364
H3,macd_hist_turn+HTF_EMA55,2.5,3.0,2.298832001197183,66,9.34,8.0,1.184,0.288
H3,macd_cross+HTF_EMA55,2.5,3.0,2.298832001197183,66,9.34,8.0,1.184,0.288
H1,triple_ema_pullback,2.5,2.5,2.29695125996656,237,34.08,17.9,1.174,0.325
D1,rsi_trend_pullback,2.0,2.0,2.2967796888801795,78,8.52,7.78,1.165,0.372
H3,roc_momentum_12,2.5,2.5,2.294370130169526,88,13.1,10.29,1.191,0.33
M15,stoch_cross,2.5,2.5,2.2930349974167914,64,9.02,9.22,1.205,0.328
M15,ema_21_55,2.5,3.0,2.2928339609448756,34,5.59,8.76,1.236,0.294
M5,cci_100_cross+HTF_EMA55,2.5,3.0,2.291663000088741,262,34.7,17.58,1.168,0.282
D1,roc_momentum_12,2.0,2.0,2.291076645643094,103,17.23,14.15,1.23,0.388
M15,macd_cross+HTF_EMA55,2.5,3.0,2.2906609616564886,65,10.44,10.52,1.231,0.292
M15,macd_hist_turn+HTF_EMA55,2.5,3.0,2.2906609616564886,65,10.44,10.52,1.231,0.292
M1,williams_r_reversal+HTF_EMA55,2.5,2.5,2.2906253746462375,147,34.24,23.26,1.298,0.347
M5,donchian_55+HTF_EMA55,2.5,2.5,2.2903636830924525,262,28.46,14.34,1.14,0.317
M1,triple_ema_pullback,2.5,3.0,2.288221677885632,114,22.26,15.26,1.228,0.298
H3,cci_100_cross+HTF_EMA55,2.5,3.0,2.2873598661324057,76,11.36,9.62,1.198,0.289
M3,adx_rising_break_20,2.5,3.0,2.2869278189767566,45,10.77,14.9,1.331,0.311
H4,donchian_10+HTF_EMA55,2.5,2.5,2.2857723573814934,89,11.97,9.56,1.181,0.326
M1,keltner_break,2.5,3.0,2.28469914327932,146,26.6,16.7,1.22,0.295
H1,ema_50_200+HTF_EMA55,2.5,2.5,2.2810845307317438,106,12.29,8.62,1.153,0.321
H2,ema_12_26,2.5,2.5,2.2734820944769325,126,13.13,8.55,1.14,0.317
H4,ema_9_21,2.0,2.0,2.2702277095228363,95,16.16,14.9,1.249,0.389
M30,di_cross+HTF_EMA55,2.5,3.0,2.2701057651158876,28,3.61,5.96,1.177,0.286
H2,adx_donchian_20,2.0,2.0,2.268110539933451,238,26.5,14.56,1.141,0.37
H3,roc_momentum_12+HTF_EMA55,2.5,2.5,2.2678603893003944,74,9.43,9.12,1.187,0.324
H1,donchian_55+HTF_EMA55,2.5,3.0,2.2660354421786217,291,32.8,16.0,1.136,0.278
M5,cci_100_cross+HTF_EMA55,2.0,2.0,2.2627327506042474,490,43.23,20.08,1.111,0.361
H4,di_cross+HTF_EMA55,2.5,3.0,2.2598567720064824,46,5.4,5.85,1.152,0.283
M5,stoch_cross+HTF_EMA55,2.0,2.0,2.2567617912827345,462,45.07,21.88,1.134,0.364
H3,mfi_reversal+HTF_EMA55,2.0,2.0,2.256550856834169,73,7.5,7.75,1.155,0.37
M30,mfi_reversal,2.5,2.5,2.2560531788559657,38,3.56,4.9,1.136,0.316
M1,rsi50_cross,2.5,3.0,2.2556718998586716,125,18.49,12.3,1.178,0.288
M5,ema_12_26+HTF_EMA55,2.5,3.0,2.2551351621172624,187,34.86,21.15,1.234,0.294
W1,di_cross,2.0,2.0,2.255109126749707,11,0.89,3.94,1.126,0.364
H2,psar_flip+HTF_EMA55,2.5,2.5,2.2496917025774383,138,15.23,10.47,1.155,0.319
H3,mfi_reversal+HTF_EMA55,2.5,3.0,2.2490197239469647,53,6.34,6.9,1.163,0.283
M3,supertrend_flip,2.5,2.5,2.248431136146809,38,3.56,4.9,1.132,0.316
M15,adx_donchian_20+HTF_EMA55,2.5,3.0,2.24513654679431,57,10.57,12.35,1.251,0.298
M5,ema_50_200+HTF_EMA55,2.5,2.5,2.2442415771569513,82,12.07,11.36,1.203,0.329
M15,cci_100_cross+HTF_EMA55,2.0,2.0,2.242203142542213,148,13.27,9.7,1.14,0.365
H4,williams_r_reversal+HTF_EMA55,2.0,2.0,2.2419911569194366,117,8.11,6.1,1.103,0.359
H1,keltner_break,2.5,2.5,2.241932625426114,359,37.42,18.19,1.123,0.315
M15,donchian_10,2.0,2.0,2.2408892301534253,198,20.84,13.51,1.158,0.369
H4,mfi_reversal,2.0,2.0,2.237450775638207,111,11.45,9.62,1.152,0.369
D1,rsi_trend_pullback+HTF_EMA55,2.5,2.5,2.2342879859930433,62,7.44,8.23,1.168,0.323
H3,psar_flip+HTF_EMA55,2.0,2.0,2.231762864200236,145,13.3,9.59,1.131,0.366
M5,williams_r_reversal+HTF_EMA55,2.5,3.0,2.2240152513781863,210,41.23,24.93,1.249,0.295
M15,roc_momentum_12+HTF_EMA55,2.5,3.0,2.2230123188417026,65,10.44,11.57,1.223,0.292
M1,aroon_cross_25+HTF_EMA55,2.5,2.5,2.222872804763676,84,17.74,17.0,1.273,0.345
H1,ema_9_21+HTF_EMA55,2.5,3.0,2.222659536242914,223,34.15,18.64,1.164,0.287
H4,ema_21_55+HTF_EMA55,2.5,3.0,2.2212528020284044,28,3.61,6.85,1.174,0.286
M15,mfi_reversal,2.5,2.5,2.216077106443717,86,11.46,10.62,1.178,0.326
M5,ema_12_26,2.0,2.0,2.2145291201649253,332,27.84,14.85,1.11,0.361
M1,bb_breakout,2.0,2.0,2.2133845152853486,366,33.91,17.63,1.117,0.363
H1,bb_breakout+HTF_EMA55,2.5,3.0,2.212206211439739,326,38.82,19.51,1.136,0.279
D1,macd_cross,2.5,2.5,2.210572558362684,59,6.95,8.73,1.174,0.322
D1,macd_hist_turn,2.5,2.5,2.210572558362684,59,6.95,8.73,1.174,0.322
M3,cci_100_cross+HTF_EMA55,2.5,3.0,2.2102106753010307,55,8.43,10.57,1.212,0.291
M30,adx_donchian_20+HTF_EMA55,2.0,2.0,2.2087737627050625,61,10.89,14.93,1.27,0.393
M1,di_cross,2.5,2.5,2.2067111128474832,184,31.0,19.54,1.199,0.332
M15,donchian_55+HTF_EMA55,2.5,3.0,2.205721215817283,73,10.31,10.52,1.191,0.288
H2,adx_donchian_20,2.5,2.5,2.2049610032256846,161,16.62,11.11,1.135,0.317
H3,adx_donchian_20_strict,2.5,2.5,2.204422881513215,91,9.74,8.89,1.147,0.319
H3,keltner_break+HTF_EMA55,2.0,2.0,2.204203427010513,153,14.35,10.49,1.129,0.366
M5,roc_momentum_12,2.0,2.0,2.2018886477854056,416,38.66,19.99,1.123,0.363
H2,bb_breakout,2.5,3.0,2.2017478518521494,164,23.78,14.75,1.16,0.287
D1,roc_momentum_12+HTF_EMA55,2.5,2.5,2.2003163580596263,73,10.53,11.44,1.199,0.329
H3,donchian_55+HTF_EMA55,2.0,2.0,2.1957651990442373,139,16.81,13.28,1.168,0.374
H3,psar_flip+HTF_EMA55,2.5,2.5,2.191625279047995,89,8.15,7.73,1.129,0.315
M15,donchian_55,2.0,2.0,2.191033924075921,121,17.02,15.11,1.208,0.38
H1,ema_12_26+HTF_EMA55,2.5,3.0,2.190363949359098,185,17.44,10.78,1.121,0.276
H2,cci_100_cross,2.0,2.0,2.18131524815252,306,30.75,17.51,1.129,0.366
H4,adx_donchian_20_strict,2.0,2.0,2.178372345919694,96,8.33,8.68,1.132,0.365
H3,ema_9_21+HTF_EMA55,2.5,3.0,2.177744802549194,59,8.37,10.52,1.196,0.288
M15,rsi_trend_pullback,2.0,2.0,2.175268207867649,110,9.26,9.16,1.133,0.364
H1,ema_12_26,2.5,2.5,2.1709319976910257,243,35.32,20.8,1.171,0.325
M1,adx_donchian_55,2.5,3.0,2.168746996519831,155,25.18,16.75,1.179,0.29
H2,ema_12_26,2.0,2.0,2.167272370685772,189,17.39,12.93,1.142,0.365
H3,rsi_trend_pullback+HTF_EMA55,2.5,2.5,2.1653918480809264,68,8.43,10.47,1.179,0.324
M1,ema_9_21,2.0,2.0,2.1643080111111677,273,23.58,14.4,1.116,0.363
M15,donchian_20,2.5,3.0,2.1630753878401605,82,13.48,13.54,1.212,0.293
M1,adx_rising_break_20+HTF_EMA55,2.5,2.5,2.1626087847390125,197,32.1,20.39,1.188,0.33
M1,ema_9_21,2.5,3.0,2.161839462432057,126,17.3,13.28,1.168,0.286
M1,volume_spike_break,2.5,2.5,2.1616725902272607,143,17.47,12.95,1.15,0.322
M15,adx_rising_break_20,2.0,2.0,2.1557500736017956,101,12.67,13.28,1.189,0.376
W1,adx_donchian_20,2.5,3.0,2.1551352214376993,11,0.83,4.0,1.101,0.273
D1,williams_r_reversal+HTF_EMA55,2.5,3.0,2.153790523983416,58,9.47,12.3,1.216,0.293
M5,donchian_20+HTF_EMA55,2.0,2.0,2.1520103029840913,568,60.16,29.44,1.119,0.364
M15,ema_9_21+HTF_EMA55,2.5,3.0,2.151781945495174,64,7.22,8.7,1.151,0.281
M3,volume_spike_break+HTF_EMA55,2.0,2.0,2.151548619314676,55,7.7,12.33,1.212,0.382
H4,supertrend_flip,2.5,2.5,2.15150056588023,72,7.84,9.3,1.15,0.319
H1,ema_21_55+HTF_EMA55,2.0,2.0,2.149013891813868,235,19.2,13.31,1.125,0.362
M3,bb_breakout,2.5,3.0,2.148325792803317,54,9.53,13.13,1.233,0.296
H3,donchian_55,2.0,2.0,2.1469465937387615,140,15.64,13.28,1.156,0.371
M15,keltner_break+HTF_EMA55,2.0,2.0,2.143295743925544,123,14.69,14.07,1.183,0.374
H4,stoch_cross+HTF_EMA55,2.5,3.0,2.1432914356002115,64,7.22,8.65,1.145,0.281
H2,bb_breakout+HTF_EMA55,2.5,3.0,2.1362181396103384,149,18.07,12.97,1.141,0.282
M5,donchian_55,2.5,3.0,2.1347189565786167,233,31.32,18.98,1.158,0.283
H4,ema_9_21+HTF_EMA55,2.0,2.0,2.1346470973739082,71,6.46,8.84,1.132,0.366
M15,donchian_55,2.5,3.0,2.1344419602321274,74,9.21,10.52,1.167,0.284
H4,roc_momentum_12+HTF_EMA55,2.5,3.0,2.1336443847537603,49,6.4,9.56,1.17,0.286
H1,ichimoku_tk_cross,2.5,2.5,2.133336316583684,255,19.94,12.48,1.102,0.31
H1,rsi_trend_pullback+HTF_EMA55,2.5,3.0,2.1329294953077804,252,27.12,15.76,1.12,0.278
M15,aroon_cross_25,2.0,2.0,2.1315239258834606,89,9.49,11.52,1.166,0.371
H4,cci_100_cross,2.0,2.0,2.1300765702403446,151,13.24,11.36,1.126,0.364
H3,supertrend_flip+HTF_EMA55,2.5,2.5,2.1300540636742635,67,5.78,7.73,1.122,0.313
H1,ema_50_200,2.5,2.5,2.1279141138308684,108,10.06,9.54,1.123,0.315
M30,donchian_10+HTF_EMA55,2.5,3.0,2.1276523234740257,49,6.4,9.72,1.171,0.286
M3,psar_flip,2.5,3.0,2.125494261308649,48,7.48,11.41,1.2,0.292
H2,donchian_10+HTF_EMA55,2.0,2.0,2.122942232543162,365,31.29,17.61,1.098,0.362
H3,donchian_10,2.5,3.0,2.1227665623384735,94,13.28,13.28,1.189,0.287
M15,adx_donchian_20,2.5,3.0,2.122380496398145,58,9.47,13.23,1.224,0.293
H1,donchian_55,2.5,3.0,2.117271238934563,295,27.57,16.0,1.114,0.275
H4,rsi50_cross,2.5,2.5,2.1171625039626645,60,5.88,8.81,1.141,0.317
M15,adx_donchian_55+HTF_EMA55,2.0,2.0,2.1166247424495035,93,15.03,17.48,1.248,0.387
M15,adx_donchian_55,2.0,2.0,2.1166247424495035,93,15.03,17.48,1.248,0.387
M30,ema_12_26,2.0,2.0,2.116442117365109,44,3.61,7.89,1.129,0.364
M5,ema_50_200,2.5,2.5,2.11551023874413,84,9.84,11.36,1.163,0.321
M1,donchian_10+HTF_EMA55,2.5,3.0,2.1114242971241652,255,50.36,28.69,1.196,0.294
M5,ema_12_26+HTF_EMA55,2.0,2.0,2.1106954227665544,266,28.69,18.72,1.144,0.368
H3,ema_12_26+HTF_EMA55,2.5,3.0,2.104441699610075,61,6.21,8.65,1.137,0.279
M30,donchian_10+HTF_EMA55,2.0,2.0,2.1022722147950748,87,11.71,14.22,1.195,0.379
H3,williams_r_reversal,2.5,2.5,2.101899211069191,83,7.16,8.65,1.117,0.313
H4,ichimoku_tk_cross,2.0,2.0,2.1011926536228316,106,13.74,14.33,1.177,0.377
H3,aroon_cross_25,2.5,3.0,2.1010400973487195,63,8.31,10.78,1.166,0.286
M30,ema_21_55,2.5,3.0,2.098177922559743,28,3.61,9.67,1.183,0.286
H2,ichimoku_tk_cross,2.5,3.0,2.097968410019042,108,15.31,14.45,1.185,0.287
H3,macd_cross+HTF_EMA55,2.0,2.0,2.0979600899725868,117,8.11,8.87,1.1,0.359
H3,macd_hist_turn+HTF_EMA55,2.0,2.0,2.0979600899725868,117,8.11,8.87,1.1,0.359
H4,macd_cross+HTF_EMA55,2.0,2.0,2.0977346906129744,104,9.33,10.52,1.127,0.365
H4,macd_hist_turn+HTF_EMA55,2.0,2.0,2.0977346906129744,104,9.33,10.52,1.127,0.365
M15,adx_donchian_20_strict,2.5,2.5,2.093852070793943,70,10.03,13.67,1.206,0.329
H1,triple_ema_pullback+HTF_EMA55,2.5,3.0,2.0936396612003656,219,34.23,21.11,1.16,0.288
H2,ema_9_21+HTF_EMA55,2.5,2.5,2.0931560284037314,108,10.06,10.29,1.124,0.315
M3,donchian_20,2.5,2.5,2.0918921738523477,76,7.25,9.64,1.135,0.316
H4,aroon_cross_25+HTF_EMA55,2.0,2.0,2.090440618774134,55,4.53,8.7,1.127,0.364
H3,volume_spike_break+HTF_EMA55,2.5,2.5,2.088370281504208,122,13.75,12.8,1.147,0.32
M1,cci_100_cross+HTF_EMA55,2.0,2.0,2.086633883916154,353,23.83,14.9,1.088,0.357
M5,adx_donchian_20+HTF_EMA55,2.0,2.0,2.0862381298413224,412,35.98,20.81,1.113,0.362
M3,donchian_10+HTF_EMA55,2.5,2.5,2.084187115512313,72,7.84,10.54,1.147,0.319
H4,donchian_10,2.0,2.0,2.0827484774070606,192,17.36,14.38,1.136,0.365
M15,rsi50_cross+HTF_EMA55,2.5,3.0,2.0784717624558797,78,9.14,11.52,1.165,0.282
D1,triple_ema_pullback,2.5,2.5,2.077148239997068,51,4.43,8.23,1.122,0.314
H1,ema_12_26+HTF_EMA55,2.5,2.5,2.074632317167898,204,14.86,11.51,1.099,0.309
M3,supertrend_flip+HTF_EMA55,2.5,3.0,2.0743540008039636,35,4.53,10.47,1.182,0.286
H1,macd_cross,2.0,2.0,2.0719869186043764,538,30.34,17.14,1.073,0.353
H1,macd_hist_turn,2.0,2.0,2.0719869186043764,538,30.34,17.14,1.073,0.353
M15,supertrend_flip,2.5,2.5,2.069362732680077,78,12.68,16.24,1.23,0.333
H3,ema_9_21+HTF_EMA55,2.5,2.5,2.0680049311837454,64,5.3,8.65,1.119,0.312
H1,sma_50_200,2.0,2.0,2.066260632927088,110,9.26,10.87,1.121,0.364
H1,stoch_cross+HTF_EMA55,2.5,3.0,2.064180415092516,249,25.92,16.75,1.122,0.277
M1,stoch_cross+HTF_EMA55,2.5,2.5,2.06397485597856,167,35.25,26.62,1.26,0.341
M3,bb_breakout+HTF_EMA55,2.0,2.0,2.063512856825255,89,9.49,12.43,1.155,0.371
D1,stoch_cross+HTF_EMA55,2.5,3.0,2.0581481311038368,52,7.41,12.3,1.19,0.288
H3,adx_donchian_55+HTF_EMA55,2.5,2.5,2.0574652034510277,82,8.24,10.95,1.141,0.317
H3,adx_donchian_55,2.5,2.5,2.0574652034510277,82,8.24,10.95,1.141,0.317
H3,donchian_20+HTF_EMA55,2.5,3.0,2.0569558806189616,110,13.01,13.23,1.159,0.282
H4,ema_9_21+HTF_EMA55,2.5,3.0,2.05631209868466,42,5.46,10.52,1.165,0.286
M5,ema_21_55+HTF_EMA55,2.5,3.0,2.054644315648356,131,11.55,10.63,1.109,0.275
H4,ema_21_55,2.0,2.0,2.054433170623512,61,4.47,8.65,1.109,0.361
M30,bb_breakout+HTF_EMA55,2.0,2.0,2.051260565138646,65,3.39,6.99,1.078,0.354
M15,adx_rising_break_20+HTF_EMA55,2.0,2.0,2.049979237796326,102,11.55,14.15,1.17,0.373
M30,di_cross,2.0,2.0,2.0498441027102614,61,4.47,8.68,1.107,0.361
H3,volume_spike_break+HTF_EMA55,2.0,2.0,2.048055899951621,182,15.16,13.44,1.118,0.363
M15,mfi_reversal+HTF_EMA55,2.5,3.0,2.047494448613865,26,1.61,5.85,1.087,0.269
H2,psar_flip+HTF_EMA55,2.5,3.0,2.04718483715548,119,11.75,11.99,1.136,0.277
M5,donchian_20+HTF_EMA55,2.5,2.5,2.046783835108271,337,34.42,21.01,1.126,0.315
H2,adx_rising_break_20+HTF_EMA55,2.5,3.0,2.0453830025839137,132,14.9,13.38,1.138,0.28
H4,roc_momentum_12+HTF_EMA55,2.0,2.0,2.0437744345122484,100,7.22,9.83,1.106,0.36
M15,donchian_55+HTF_EMA55,2.0,2.0,2.0420725319099295,121,13.57,15.11,1.17,0.372
H1,keltner_break+HTF_EMA55,2.0,2.0,2.039899617334614,493,38.98,22.54,1.104,0.359
H1,adx_donchian_20_strict+HTF_EMA55,2.0,2.0,2.0394278688352405,370,28.64,18.55,1.107,0.359
M5,adx_donchian_20_strict+HTF_EMA55,2.5,2.5,2.0358994597393623,210,20.02,15.46,1.126,0.314
M1,mfi_reversal+HTF_EMA55,2.0,2.0,2.034914045385864,192,20.91,17.58,1.155,0.37
H4,stoch_cross+HTF_EMA55,2.5,2.5,2.032490928120418,61,4.82,8.73,1.108,0.311
M15,macd_hist_turn+HTF_EMA55,2.5,2.5,2.0318315019643842,72,4.16,7.46,1.084,0.306
M15,macd_cross+HTF_EMA55,2.5,2.5,2.0318315019643842,72,4.16,7.46,1.084,0.306
H4,di_cross,2.5,3.0,2.0310497609342146,52,3.24,6.79,1.086,0.269
M1,donchian_20,2.0,2.0,2.0280773093039115,521,33.19,19.36,1.078,0.355
H2,rsi_trend_pullback,2.5,3.0,2.025780533444639,122,17.37,16.75,1.186,0.287
H3,bb_breakout+HTF_EMA55,2.5,2.5,2.0233249170275394,123,8.77,10.05,1.098,0.309
H3,bb_breakout+HTF_EMA55,2.5,3.0,2.0229190079695454,113,9.66,10.52,1.109,0.274
H2,adx_rising_break_20,2.5,3.0,2.019878822188397,136,14.83,13.64,1.133,0.279
M5,keltner_break+HTF_EMA55,2.0,2.0,2.0186493922804987,432,37.07,22.36,1.107,0.361
D1,ema_12_26,2.5,3.0,2.018380544929826,38,5.53,12.3,1.189,0.289
H1,rsi_trend_pullback+HTF_EMA55,2.0,2.0,2.018230014237517,375,18.73,13.31,1.066,0.352
H1,ichimoku_tk_cross+HTF_EMA55,2.5,3.0,2.016320696152436,201,21.9,16.84,1.141,0.279
M1,williams_r_reversal+HTF_EMA55,2.0,2.0,2.0159228095202386,266,36.6,25.09,1.175,0.376
M15,adx_donchian_20_strict+HTF_EMA55,2.5,2.5,2.0155091754217715,69,11.14,16.62,1.229,0.333
M3,donchian_10+HTF_EMA55,2.5,3.0,2.0154379349608504,53,6.34,11.36,1.158,0.283
M3,ema_9_21+HTF_EMA55,2.0,2.0,2.011944227530412,54,2.48,7.02,1.069,0.352
H2,ema_50_200+HTF_EMA55,2.0,2.0,2.0115412877723484,46,1.55,5.88,1.05,0.348
H4,ichimoku_tk_cross+HTF_EMA55,2.5,3.0,2.0076981573553314,45,6.47,12.4,1.177,0.289
H3,stoch_cross,2.5,2.5,2.006470139975182,104,6.88,9.38,1.092,0.308
M15,rsi_trend_pullback+HTF_EMA55,2.5,3.0,2.006443304581364,58,5.21,9.67,1.124,0.276
M5,triple_ema_pullback+HTF_EMA55,2.0,2.0,2.0053687698749596,255,20.16,16.41,1.121,0.361
H1,supertrend_flip+HTF_EMA55,2.0,2.0,2.005261916680888,270,16.45,13.38,1.084,0.356
H1,triple_ema_pullback,2.5,3.0,2.005229465319445,228,32.73,21.9,1.151,0.285
H3,volume_spike_break+HTF_EMA55,2.5,3.0,2.0044580827365683,108,10.83,12.35,1.133,0.278
H2,cci_100_cross,2.5,3.0,2.0041347617864855,145,18.14,15.56,1.139,0.283
H1,ichimoku_tk_cross,2.5,3.0,2.0037259587377028,224,22.69,16.94,1.129,0.277
D1,roc_momentum_12,2.5,2.5,2.0004707986866053,54,4.91,10.13,1.126,0.315
H4,williams_r_reversal,2.5,3.0,1.9977666754633039,55,4.22,8.65,1.105,0.273
M5,roc_momentum_12+HTF_EMA55,2.5,2.5,1.996737236168702,257,30.47,21.12,1.142,0.319
M1,roc_momentum_12+HTF_EMA55,2.5,2.5,1.995163047114226,148,19.75,18.05,1.17,0.324
M30,adx_donchian_20_strict+HTF_EMA55,2.5,2.5,1.994955966959644,37,4.61,12.25,1.177,0.324
M15,rsi_trend_pullback,2.5,3.0,1.9930534625003689,65,6.15,10.57,1.13,0.277
H4,adx_rising_break_20,2.5,3.0,1.9889725160953045,57,6.28,11.62,1.152,0.281
H2,di_cross,2.5,2.5,1.9869938981568653,117,11.58,12.93,1.122,0.316
W1,rsi50_cross,2.0,2.0,1.984899366050261,12,-0.12,3.0,0.985,0.333
H1,keltner_break+HTF_EMA55,2.5,3.0,1.9843581080489772,305,29.93,19.36,1.108,0.275
H4,supertrend_flip,2.5,3.0,1.9840874845265355,62,5.15,9.67,1.114,0.274
H1,volume_spike_break,2.0,2.0,1.983711536937774,545,32.87,20.1,1.077,0.354
H1,di_cross,2.5,2.5,1.9818652668418364,279,38.1,25.44,1.165,0.323
M15,adx_donchian_20_strict+HTF_EMA55,2.5,3.0,1.9816630569174367,58,9.47,15.81,1.218,0.293
M1,stoch_cross,2.5,3.0,1.9792360880651652,147,15.79,15.76,1.156,0.279
H2,rsi50_cross+HTF_EMA55,2.5,2.5,1.978210671448896,123,8.77,11.11,1.102,0.309
H2,psar_flip,2.0,2.0,1.9765609150591397,244,26.43,21.88,1.179,0.369
H4,macd_cross+HTF_EMA55,2.5,2.5,1.9745302838206427,70,6.27,10.95,1.12,0.314
H4,macd_hist_turn+HTF_EMA55,2.5,2.5,1.9745302838206427,70,6.27,10.95,1.12,0.314
H2,aroon_cross_25+HTF_EMA55,2.5,3.0,1.9739787397346533,77,5.96,9.62,1.1,0.273
H4,donchian_10+HTF_EMA55,2.5,3.0,1.9696819152470217,80,6.97,10.73,1.115,0.275
H4,ema_12_26,2.0,2.0,1.9671334628014958,94,7.28,11.68,1.112,0.362
H2,volume_spike_break+HTF_EMA55,2.5,2.5,1.965313201434269,169,11.42,11.9,1.089,0.308
D1,rsi_trend_pullback+HTF_EMA55,2.0,2.0,1.9641204591344734,69,2.33,7.13,1.05,0.348
H3,psar_flip+HTF_EMA55,2.5,3.0,1.9636427681719608,75,3.92,7.73,1.069,0.267
M30,stoch_cross+HTF_EMA55,2.0,2.0,1.963464767097486,68,3.36,8.68,1.077,0.353
H1,aroon_cross_25,2.5,2.5,1.9634249554586285,216,21.12,17.43,1.128,0.315
H3,donchian_20+HTF_EMA55,2.0,2.0,1.9620014272219575,225,13.53,13.15,1.086,0.356
M15,rsi50_cross+HTF_EMA55,2.5,2.5,1.9594348406336546,80,6.67,11.44,1.121,0.312
H1,macd_cross+HTF_EMA55,2.0,2.0,1.958844524055468,414,21.86,15.76,1.067,0.353
H1,macd_hist_turn+HTF_EMA55,2.0,2.0,1.958844524055468,414,21.86,15.76,1.067,0.353
M15,stoch_cross+HTF_EMA55,2.5,3.0,1.9562004509282753,57,6.28,12.4,1.155,0.281
M15,stoch_cross+HTF_EMA55,2.5,2.5,1.9518284642916142,61,4.82,10.62,1.115,0.311
H1,rsi_trend_pullback,2.5,3.0,1.949137672100613,274,24.22,17.43,1.1,0.274
M1,williams_r_reversal+HTF_EMA55,2.5,3.0,1.9476239026696074,148,34.31,28.44,1.266,0.304
H4,macd_cross+HTF_EMA55,2.5,3.0,1.944277983030345,58,5.21,10.57,1.115,0.276
H4,macd_hist_turn+HTF_EMA55,2.5,3.0,1.944277983030345,58,5.21,10.57,1.115,0.276
H3,stoch_cross+HTF_EMA55,2.5,2.5,1.9412504033143287,85,5.03,9.56,1.083,0.306
H4,mfi_reversal,2.5,2.5,1.9406539951045394,65,4.25,9.64,1.092,0.308
W1,rsi_trend_pullback,2.0,2.0,1.9377134392772968,9,-0.09,3.94,0.985,0.333
M30,donchian_10,2.5,3.0,1.9329372249835788,55,4.22,9.83,1.102,0.273
M3,adx_rising_break_20+HTF_EMA55,2.0,2.0,1.9315296056023168,58,7.66,16.57,1.209,0.379
H1,ema_9_21,2.5,3.0,1.9270336185888461,259,28.25,20.22,1.117,0.278
H3,donchian_10+HTF_EMA55,2.5,2.5,1.9268734243295542,130,8.67,11.74,1.093,0.308
D1,psar_flip+HTF_EMA55,2.0,2.0,1.9199835050523895,107,6.08,10.87,1.082,0.355
H3,psar_flip,2.0,2.0,1.9189431178491472,147,4.61,8.73,1.045,0.347
M5,keltner_break,2.5,3.0,1.9179737149286846,246,24.74,19.51,1.13,0.276
H3,ema_12_26,2.5,2.5,1.9146856016956544,77,6.18,11.92,1.116,0.312
H3,ema_50_200+HTF_EMA55,2.5,2.5,1.9145179961621817,30,1.12,7.3,1.054,0.3
H3,ema_50_200,2.5,2.5,1.9145179961621817,30,1.12,7.3,1.054,0.3
H2,donchian_55,2.5,2.5,1.9135862569643896,143,13.45,15.32,1.127,0.315
H1,psar_flip+HTF_EMA55,2.0,2.0,1.912804668409349,472,23.59,17.27,1.064,0.352
M1,ema_9_21+HTF_EMA55,2.0,2.0,1.912124552170543,195,13.87,15.23,1.108,0.359
M30,keltner_break+HTF_EMA55,2.5,2.5,1.909380941552408,43,1.97,8.23,1.065,0.302
M1,psar_flip+HTF_EMA55,2.5,3.0,1.9082055029362095,162,26.3,22.63,1.184,0.29
M1,rsi_trend_pullback+HTF_EMA55,2.5,2.5,1.906125032063564,146,22.18,21.28,1.181,0.329
M15,donchian_10,2.5,3.0,1.898505793979098,91,12.22,16.84,1.177,0.286
M1,donchian_20,2.5,3.0,1.8959425319323413,243,44.78,30.32,1.185,0.292
H4,bb_breakout+HTF_EMA55,2.5,2.5,1.8953295505452363,78,5.12,10.62,1.085,0.308
H1,macd_cross+HTF_EMA55,2.5,2.5,1.894900970924585,267,22.17,17.93,1.096,0.311
H1,macd_hist_turn+HTF_EMA55,2.5,2.5,1.894900970924585,267,22.17,17.93,1.096,0.311
H3,rsi50_cross+HTF_EMA55,2.5,2.5,1.894697329420758,77,6.18,12.25,1.114,0.312
M15,cci_100_cross,2.5,2.5,1.8886853137760997,81,5.6,11.44,1.097,0.309
M3,cci_100_cross+HTF_EMA55,2.5,2.5,1.8871521236515871,58,4.34,11.44,1.109,0.31
M3,volume_spike_break,2.0,2.0,1.8850511207560265,62,6.56,14.93,1.157,0.371
H1,williams_r_reversal+HTF_EMA55,2.0,2.0,1.8832143629455147,423,21.75,17.24,1.067,0.352
M15,ichimoku_tk_cross+HTF_EMA55,2.5,2.5,1.8830741177541297,56,2.82,9.22,1.068,0.304
H4,macd_cross,2.0,2.0,1.882190334870458,118,10.27,15.11,1.125,0.364
H4,macd_hist_turn,2.0,2.0,1.882190334870458,118,10.27,15.11,1.125,0.364
M30,adx_donchian_20_strict,2.5,2.5,1.8821205069592282,38,3.56,12.25,1.133,0.316
H4,donchian_55,2.0,2.0,1.8811991958563923,105,5.05,10.87,1.074,0.352
H3,mfi_reversal,2.5,3.0,1.8810266015268593,65,6.15,12.35,1.119,0.277
M3,di_cross,2.0,2.0,1.8806443873869307,74,3.3,9.78,1.064,0.351
H1,ema_21_55,2.0,2.0,1.879948936048975,264,20.05,18.67,1.116,0.36
M3,rsi50_cross+HTF_EMA55,2.0,2.0,1.8798140957304497,62,3.42,10.57,1.081,0.355
H4,adx_donchian_20,2.0,2.0,1.8777643921145837,111,4.99,10.63,1.067,0.351
M3,cci_100_cross,2.5,2.5,1.8776508926364124,62,3.77,10.54,1.088,0.306
H4,volume_spike_break+HTF_EMA55,2.5,3.0,1.8770801187084492,71,3.98,9.67,1.074,0.268
M30,stoch_cross+HTF_EMA55,2.5,2.5,1.8764140134948575,40,1.5,8.23,1.054,0.3
H3,ema_9_21+HTF_EMA55,2.0,2.0,1.8763877155413493,105,1.96,7.78,1.027,0.343
H2,ema_50_200,2.0,2.0,1.8731614069723557,47,0.53,6.82,1.017,0.34
D1,aroon_cross_25,2.5,2.5,1.8727012224048467,58,0.77,6.53,1.018,0.293
M1,supertrend_flip,2.5,3.0,1.870660739745132,153,27.73,24.26,1.191,0.294
M3,supertrend_flip,2.0,2.0,1.869134936956591,64,1.36,7.86,1.032,0.344
H3,cci_100_cross,2.5,2.5,1.8681361173970032,106,4.75,10.01,1.061,0.302
H2,bb_breakout,2.0,2.0,1.866904425521234,267,20.01,18.05,1.095,0.36
M30,cci_100_cross+HTF_EMA55,2.5,2.5,1.8646805706167349,43,1.97,9.15,1.066,0.302
H3,adx_rising_break_20+HTF_EMA55,2.5,2.5,1.8635026860728057,98,5.9,11.36,1.08,0.306
H3,adx_rising_break_20,2.5,2.5,1.8635026860728052,98,5.9,11.36,1.08,0.306
M1,di_cross+HTF_EMA55,2.0,2.0,1.8621838029623383,245,21.48,19.72,1.119,0.363
M5,rsi50_cross+HTF_EMA55,2.0,2.0,1.8593691864912754,418,40.02,27.27,1.12,0.364
M5,adx_donchian_20_strict,2.5,3.0,1.8593440958414218,208,18.21,17.29,1.111,0.274
M5,rsi_trend_pullback,2.0,2.0,1.8593347466179428,387,25.89,20.46,1.093,0.357
H1,macd_hist_turn,2.5,2.5,1.8580647240804327,277,26.96,22.2,1.136,0.314
H1,macd_cross,2.5,2.5,1.8580647240804327,277,26.96,22.2,1.136,0.314
M5,donchian_55,2.5,2.5,1.8577925599681042,277,18.44,16.79,1.088,0.307
H2,ema_12_26+HTF_EMA55,2.5,2.5,1.8570470871327878,99,4.84,10.54,1.068,0.303
M5,di_cross+HTF_EMA55,2.5,2.5,1.8556287122183788,223,16.89,16.89,1.104,0.309
M5,di_cross+HTF_EMA55,2.5,3.0,1.8540133242337178,186,16.27,16.75,1.114,0.274
M30,adx_donchian_20_strict+HTF_EMA55,2.5,3.0,1.8537474895196906,32,3.55,13.13,1.149,0.281
H3,mfi_reversal,2.5,2.5,1.8520499963455257,86,3.98,10.05,1.062,0.302
H2,triple_ema_pullback+HTF_EMA55,2.5,2.5,1.8510393817364401,110,7.87,13.13,1.098,0.309
H3,adx_donchian_20,2.0,2.0,1.8508487504452704,154,9.87,14.22,1.093,0.357
H3,supertrend_flip+HTF_EMA55,2.0,2.0,1.8431479341043904,92,6.24,13.13,1.098,0.359
M1,sma_50_200+HTF_EMA55,2.5,2.5,1.84239547264015,60,5.88,14.07,1.135,0.317
H4,donchian_20,2.0,2.0,1.8423003867677137,168,7.56,12.35,1.067,0.351
M30,williams_r_reversal,2.5,3.0,1.8421345032598127,34,1.49,8.7,1.058,0.265
H3,adx_donchian_20+HTF_EMA55,2.5,2.5,1.8415205316830856,101,6.39,12.25,1.086,0.307
M3,adx_rising_break_20,2.0,2.0,1.8413341227778124,59,6.59,16.57,1.176,0.373
H2,ema_21_55+HTF_EMA55,2.5,2.5,1.8410304770664419,110,7.87,13.35,1.098,0.309
M3,macd_hist_turn+HTF_EMA55,2.5,2.5,1.8404448105998363,58,4.34,12.25,1.105,0.31
M3,macd_cross+HTF_EMA55,2.5,2.5,1.8404448105998363,58,4.34,12.25,1.105,0.31
H1,bb_breakout+HTF_EMA55,2.0,2.0,1.8400135467518093,504,24.43,19.34,1.071,0.351
M1,donchian_20,2.5,2.5,1.8372436637214329,275,25.11,20.76,1.108,0.313
H3,adx_rising_break_20,2.0,2.0,1.8370854379273382,136,6.83,12.46,1.073,0.353
H3,adx_donchian_20_strict+HTF_EMA55,2.5,3.0,1.8349672780123427,77,5.96,12.71,1.108,0.273
H1,ichimoku_tk_cross+HTF_EMA55,2.5,2.5,1.8331562137614181,222,18.07,17.9,1.106,0.311
M1,mfi_reversal+HTF_EMA55,2.5,2.5,1.8326656398500747,142,14.6,17.67,1.133,0.317
M15,adx_donchian_20+HTF_EMA55,2.0,2.0,1.8323147262492705,105,11.51,18.28,1.165,0.371
M15,volume_spike_break+HTF_EMA55,2.5,2.5,1.831657334447327,75,4.64,11.67,1.085,0.307
H1,rsi50_cross+HTF_EMA55,2.5,2.5,1.8312772612204014,294,18.78,17.07,1.078,0.306
M15,mfi_reversal+HTF_EMA55,2.0,2.0,1.830714187154326,45,-0.45,5.94,0.985,0.333
M5,adx_rising_break_20+HTF_EMA55,2.0,2.0,1.8288207981598787,416,30.62,23.16,1.098,0.358
D1,ichimoku_tk_cross,2.0,2.0,1.8287212257169243,97,7.25,14.3,1.109,0.361
H1,ichimoku_tk_cross+HTF_EMA55,2.0,2.0,1.8277134234693755,333,15.72,15.86,1.065,0.351
M30,adx_donchian_20,2.0,2.0,1.8263157939960777,65,6.52,15.78,1.15,0.369
H1,psar_flip,2.5,2.5,1.8259438748926042,297,19.32,17.7,1.086,0.306
H4,volume_spike_break+HTF_EMA55,2.5,2.5,1.8249492157030802,70,2.64,9.64,1.052,0.3
H2,donchian_55+HTF_EMA55,2.5,2.5,1.8240872365508007,144,12.32,16.16,1.115,0.312
M30,rsi50_cross,2.0,2.0,1.8228224228308954,60,-0.59,6.05,0.985,0.333
M3,macd_cross,2.0,2.0,1.820267652501991,93,5.18,12.3,1.077,0.355
M3,macd_hist_turn,2.0,2.0,1.820267652501991,93,5.18,12.3,1.077,0.355
H4,ema_9_21+HTF_EMA55,2.5,2.5,1.8155273992757437,49,2.91,11.03,1.078,0.306
M15,volume_spike_break,2.5,3.0,1.8117717921532532,68,3.0,9.94,1.058,0.265
M5,psar_flip+HTF_EMA55,2.0,2.0,1.8084891670797183,452,26.33,21.18,1.082,0.354
H4,cci_100_cross,2.5,2.5,1.80841535635858,77,6.18,14.07,1.116,0.312
H3,cci_100_cross+HTF_EMA55,2.0,2.0,1.8031602979649504,188,11.7,15.76,1.089,0.356
H1,di_cross+HTF_EMA55,2.0,2.0,1.8016991024841575,380,12.91,14.56,1.049,0.347
H1,adx_donchian_20_strict,2.0,2.0,1.8011138335226804,395,23.31,20.17,1.083,0.354
H2,triple_ema_pullback,2.5,2.5,1.7990988711759452,111,6.79,13.13,1.083,0.306
H2,supertrend_flip+HTF_EMA55,2.0,2.0,1.7981626988202182,135,4.74,11.44,1.051,0.348
M1,stoch_cross,2.0,2.0,1.7978711399384222,465,14.22,14.93,1.043,0.346
H4,adx_donchian_55,2.0,2.0,1.7971237861442193,82,4.25,12.51,1.08,0.354
H3,bb_breakout+HTF_EMA55,2.0,2.0,1.7967795506571012,175,6.42,12.25,1.053,0.349
H1,keltner_break,2.5,3.0,1.7961405243324782,313,24.74,20.17,1.087,0.272
M30,williams_r_reversal+HTF_EMA55,2.0,2.0,1.7938269815877215,58,1.42,9.64,1.038,0.345
M15,sma_50_200,2.5,3.0,1.7929204608404725,31,0.53,7.89,1.024,0.258
H4,psar_flip,2.5,2.5,1.789740687803985,57,1.79,9.72,1.045,0.298
H4,rsi50_cross+HTF_EMA55,2.5,2.5,1.7865731261973055,62,0.23,7.46,1.005,0.29
H3,ema_21_55+HTF_EMA55,2.5,2.5,1.7849553272684515,77,2.55,10.21,1.048,0.299
H4,roc_momentum_12,2.5,2.5,1.783649408515834,47,1.41,9.56,1.042,0.298
M30,psar_flip+HTF_EMA55,2.5,2.5,1.7819118228528354,40,1.5,10.05,1.052,0.3
M30,di_cross,2.5,2.5,1.781084835171109,39,2.53,12.32,1.096,0.308
M30,donchian_55+HTF_EMA55,2.5,3.0,1.7778177911994608,33,2.51,12.25,1.102,0.273
M15,rsi_trend_pullback+HTF_EMA55,2.0,2.0,1.7764186662826007,96,5.14,13.49,1.085,0.354
M30,donchian_55,2.5,3.0,1.7757300626314683,33,2.51,12.3,1.102,0.273
H3,cci_100_cross,2.5,3.0,1.7724879672804619,83,3.79,11.1,1.06,0.265
H4,cci_100_cross+HTF_EMA55,2.5,3.0,1.7722134338646007,54,1.19,8.81,1.03,0.259
H4,rsi50_cross,2.5,3.0,1.7702649686619816,54,1.19,8.81,1.029,0.259
H4,bb_breakout,2.5,2.5,1.769335701762641,96,4.36,11.84,1.062,0.302
M5,adx_rising_break_20,2.5,2.5,1.7692965140672103,260,22.27,21.46,1.121,0.312
H4,donchian_55,2.5,3.0,1.767076070104435,55,4.22,13.38,1.108,0.273
M3,roc_momentum_12,2.5,2.5,1.7660309231358842,50,1.88,10.47,1.051,0.3
H2,ema_50_200+HTF_EMA55,2.5,2.5,1.7658292974510992,44,0.95,9.22,1.03,0.295
M15,ichimoku_tk_cross+HTF_EMA55,2.0,2.0,1.7627018762259492,97,4.09,12.38,1.062,0.351
M15,supertrend_flip+HTF_EMA55,2.5,2.5,1.7617226625097075,62,0.23,7.97,1.005,0.29
H1,donchian_20,2.5,3.0,1.7596748376223683,391,25.77,20.87,1.077,0.269
M5,di_cross,2.0,2.0,1.7569054006605975,390,18.56,18.65,1.071,0.351
M1,rsi_trend_pullback,2.5,2.5,1.7564372643887338,151,20.3,22.78,1.163,0.325
M30,ichimoku_tk_cross,2.0,2.0,1.75455071126067,62,0.38,8.81,1.009,0.339
M1,sma_50_200,2.5,2.5,1.7521335770469535,68,4.73,13.82,1.097,0.309
M30,donchian_55+HTF_EMA55,2.0,2.0,1.7513310483163633,55,1.45,10.6,1.04,0.345
H3,ema_21_55,2.5,2.5,1.7484899157538176,81,1.99,10.21,1.035,0.296
H3,ema_21_55+HTF_EMA55,2.0,2.0,1.7484012213055193,91,1.09,9.59,1.018,0.341
H3,adx_rising_break_20+HTF_EMA55,2.0,2.0,1.7478601028654,135,4.74,12.46,1.051,0.348
H4,ema_12_26,2.5,2.5,1.7445818777097593,57,1.79,10.54,1.043,0.298
H2,donchian_55,2.0,2.0,1.744274554634876,204,17.22,20.03,1.11,0.363
M15,sma_50_200+HTF_EMA55,2.5,2.5,1.7426884068988873,31,0.11,8.31,1.005,0.29
M1,ichimoku_tk_cross,2.5,2.5,1.742199360529351,187,18.58,20.48,1.118,0.316
H1,donchian_20+HTF_EMA55,2.0,2.0,1.7418590029490943,622,29.26,22.91,1.063,0.35
D1,stoch_cross+HTF_EMA55,2.5,2.5,1.7411208787656887,69,3.68,12.73,1.076,0.304
D1,roc_momentum_12+HTF_EMA55,2.0,2.0,1.7390764980039588,105,1.96,10.49,1.027,0.343
D1,williams_r_reversal+HTF_EMA55,2.5,2.5,1.7378168318285137,69,3.68,12.73,1.074,0.304
M30,adx_donchian_20_strict,2.5,3.0,1.7351359754341225,33,2.51,13.13,1.102,0.273
M30,ichimoku_tk_cross+HTF_EMA55,2.0,2.0,1.7344883807149518,44,0.56,9.7,1.019,0.341
W1,roc_momentum_12,2.0,2.0,1.7326081883894044,13,-1.12,3.03,0.876,0.308
M30,di_cross+HTF_EMA55,2.0,2.0,1.730590440630476,46,1.55,11.44,1.049,0.348
H1,triple_ema_pullback,2.0,2.0,1.7304385524475057,330,22.88,21.35,1.081,0.358
H3,adx_donchian_20+HTF_EMA55,2.0,2.0,1.7295110586874947,149,5.64,13.36,1.055,0.349
M30,triple_ema_pullback+HTF_EMA55,2.0,2.0,1.7275671487819944,40,-1.38,6.05,0.948,0.325
H3,macd_hist_turn,2.5,2.5,1.7247316206939933,75,1.06,9.64,1.019,0.293
H3,macd_cross,2.5,2.5,1.7247316206939933,75,1.06,9.64,1.019,0.293
M1,stoch_cross+HTF_EMA55,2.0,2.0,1.7228548209555448,309,30.71,26.4,1.123,0.366
H4,di_cross+HTF_EMA55,2.5,2.5,1.7205687809989911,49,-0.6,7.54,0.983,0.286
H1,di_cross+HTF_EMA55,2.5,3.0,1.7194127694805503,258,19.68,19.84,1.091,0.271
H3,williams_r_reversal,2.5,3.0,1.7185976534587732,62,1.07,9.56,1.023,0.258
H1,rsi_trend_pullback+HTF_EMA55,2.5,2.5,1.7184857836573912,271,9.48,14.22,1.045,0.299
M5,stoch_cross+HTF_EMA55,2.5,3.0,1.7169551130610263,196,18.42,21.15,1.134,0.276
M3,ichimoku_tk_cross,2.5,2.5,1.7138280053368153,46,-1.06,6.87,0.969,0.283
M30,di_cross+HTF_EMA55,2.5,2.5,1.7097650046487662,35,-0.43,7.81,0.983,0.286
M5,roc_momentum_12,2.5,3.0,1.708846632050035,130,8.3,14.86,1.075,0.269
M5,volume_spike_break+HTF_EMA55,2.0,2.0,1.7085488509982145,254,14.34,18.38,1.082,0.354
M30,donchian_55,2.0,2.0,1.7069377434299153,55,1.45,11.49,1.04,0.345
M3,adx_rising_break_20+HTF_EMA55,2.5,2.5,1.7045593278688553,48,3.95,15.32,1.118,0.312
M15,cci_100_cross+HTF_EMA55,2.5,3.0,1.701827053835094,96,6.72,15.16,1.095,0.271
H3,bb_breakout,2.5,2.5,1.6986880182808004,130,4.96,13.13,1.053,0.3
M5,ema_21_55+HTF_EMA55,2.5,2.5,1.698459693303517,141,7.99,15.22,1.074,0.305
M30,adx_donchian_20_strict+HTF_EMA55,2.0,2.0,1.6983257792214004,47,3.58,15.71,1.116,0.362
M30,ema_12_26+HTF_EMA55,2.0,2.0,1.6983209029992075,41,0.59,10.52,1.021,0.341
M1,macd_hist_turn+HTF_EMA55,2.5,3.0,1.6979476869336636,154,26.45,27.29,1.194,0.292
M1,macd_cross+HTF_EMA55,2.5,3.0,1.6979476869336636,154,26.45,27.29,1.194,0.292
H1,rsi_trend_pullback,2.5,2.5,1.695197056198949,294,7.02,13.13,1.032,0.296
H2,ema_12_26+HTF_EMA55,2.5,3.0,1.6947554073166804,87,3.73,12.51,1.057,0.264
H3,volume_spike_break,2.5,2.5,1.6943768226720342,127,4.48,12.8,1.048,0.299
M30,ema_9_21+HTF_EMA55,2.0,2.0,1.694039089215679,45,-0.45,8.7,0.986,0.333
H3,adx_donchian_20,2.5,2.5,1.6920025793868239,103,4.27,13.13,1.056,0.301
H3,ichimoku_tk_cross,2.5,2.5,1.687842876367236,88,-1.57,7.46,0.975,0.284
M3,ichimoku_tk_cross,2.5,3.0,1.6841780260583856,44,-0.65,7.78,0.981,0.25
H4,supertrend_flip+HTF_EMA55,2.5,2.5,1.682415798876078,51,0.86,10.54,1.023,0.294
H3,donchian_55+HTF_EMA55,2.5,2.5,1.6809264677409632,98,2.29,11.51,1.031,0.296
M30,adx_rising_break_20+HTF_EMA55,2.5,2.5,1.6787730728443213,34,0.57,10.54,1.024,0.294
H2,ema_50_200,2.5,2.5,1.6782818675420041,45,-0.06,9.22,0.998,0.289
M15,sma_50_200,2.5,2.5,1.6779604153471301,32,-0.89,7.3,0.96,0.281
M1,donchian_55,2.0,2.0,1.676585807359111,327,26.64,24.53,1.095,0.361
M15,ema_12_26+HTF_EMA55,2.0,2.0,1.67547822418824,87,2.14,12.33,1.038,0.345
W1,donchian_10,2.5,2.5,1.6752953704456668,11,-0.63,5.85,0.922,0.273
H2,aroon_cross_25+HTF_EMA55,2.0,2.0,1.6751182315638067,92,3.11,13.18,1.049,0.348
M5,adx_rising_break_20,2.0,2.0,1.6746161814277476,434,26.56,23.98,1.082,0.355
M15,macd_cross,2.0,2.0,1.669846338201313,125,2.78,12.46,1.033,0.344
M15,macd_hist_turn,2.0,2.0,1.669846338201313,125,2.78,12.46,1.033,0.344
H1,donchian_20,2.5,2.5,1.6695265825872792,431,24.56,22.11,1.066,0.304
M1,donchian_10,2.5,3.0,1.667029758450839,223,39.57,32.63,1.181,0.291
H2,aroon_cross_25+HTF_EMA55,2.5,2.5,1.6646312110632762,86,0.43,10.05,1.007,0.291
H2,donchian_55+HTF_EMA55,2.0,2.0,1.6637906615220894,205,16.04,20.83,1.102,0.361
M1,supertrend_flip+HTF_EMA55,2.5,3.0,1.6624430367593186,163,25.04,26.9,1.181,0.288
D1,macd_cross,2.0,2.0,1.658045096675693,123,1.78,11.78,1.02,0.341
D1,macd_hist_turn,2.0,2.0,1.658045096675693,123,1.78,11.78,1.02,0.341
M1,adx_donchian_55+HTF_EMA55,2.5,2.5,1.6578042013409087,158,16.09,21.34,1.122,0.316
M5,adx_donchian_20+HTF_EMA55,2.5,2.5,1.6572316639629794,254,21.16,22.82,1.11,0.311
H3,adx_donchian_20_strict+HTF_EMA55,2.0,2.0,1.6565466674706792,132,4.77,14.38,1.053,0.348
M15,adx_donchian_20,2.5,2.5,1.6527085678650062,72,4.16,14.93,1.082,0.306
H4,donchian_20,2.5,3.0,1.6521364612264917,77,1.85,11.62,1.033,0.26
M30,keltner_break+HTF_EMA55,2.5,3.0,1.6501487539302977,35,0.47,10.47,1.018,0.257
H1,di_cross+HTF_EMA55,2.5,2.5,1.6497355077783977,269,11.7,17.0,1.058,0.301
M1,bb_breakout,2.5,2.5,1.6467155468847363,245,11.48,17.08,1.06,0.302
M1,donchian_20+HTF_EMA55,2.5,2.5,1.6461866096201552,269,28.35,26.2,1.116,0.316
H3,supertrend_flip,2.5,2.5,1.6444513476311307,90,-0.12,9.87,0.998,0.289
H1,aroon_cross_25,2.5,3.0,1.643126166464244,199,14.9,19.46,1.091,0.271
M30,macd_cross,2.5,3.0,1.641684856913065,40,-0.59,8.65,0.98,0.25
M30,macd_hist_turn,2.5,3.0,1.641684856913065,40,-0.59,8.65,0.98,0.25
M1,mfi_reversal+HTF_EMA55,2.5,3.0,1.6406863784087231,125,13.89,20.87,1.133,0.28
M30,psar_flip+HTF_EMA55,2.0,2.0,1.6404564832311295,63,-0.62,9.67,0.985,0.333
M5,mfi_reversal+HTF_EMA55,2.0,2.0,1.6403386849137103,257,14.3,19.77,1.083,0.354
M5,adx_rising_break_20+HTF_EMA55,2.5,3.0,1.638734472946948,224,17.93,21.53,1.11,0.272
M3,ichimoku_tk_cross+HTF_EMA55,2.0,2.0,1.6382305134860473,78,2.23,13.28,1.042,0.346
M15,adx_donchian_55+HTF_EMA55,2.5,2.5,1.6376514515825213,71,5.21,16.62,1.105,0.31
M15,adx_donchian_55,2.5,2.5,1.6376514515825213,71,5.21,16.62,1.105,0.31
H3,donchian_10+HTF_EMA55,2.5,3.0,1.6344318274726055,91,3.67,13.64,1.056,0.264
H3,donchian_55,2.5,2.5,1.6306169182907313,99,1.26,11.51,1.017,0.293
M30,ema_12_26+HTF_EMA55,2.5,2.5,1.6257922285200532,25,-0.8,8.23,0.957,0.28
M3,bb_breakout,2.0,2.0,1.6236190666255685,106,0.94,11.84,1.013,0.34
H3,adx_donchian_20_strict,2.5,3.0,1.622563109951326,79,3.85,14.45,1.068,0.266
M1,roc_momentum_12,2.5,2.5,1.6214255450219415,196,24.48,26.16,1.14,0.321
M1,donchian_55+HTF_EMA55,2.5,3.0,1.6160757663754122,208,22.98,24.48,1.121,0.279
M3,adx_rising_break_20,2.5,2.5,1.6150518388516748,49,2.91,15.32,1.085,0.306
H1,triple_ema_pullback+HTF_EMA55,2.0,2.0,1.613592646214815,306,19.55,22.09,1.074,0.356
M5,stoch_cross,2.5,2.5,1.612689079579622,223,12.9,18.66,1.068,0.305
H4,rsi_trend_pullback,2.0,2.0,1.6106365429985035,94,1.06,12.27,1.016,0.34
M30,macd_cross+HTF_EMA55,2.5,2.5,1.609766512922652,47,-2.05,7.3,0.939,0.277
M30,macd_hist_turn+HTF_EMA55,2.5,2.5,1.609766512922652,47,-2.05,7.3,0.939,0.277
H2,bb_breakout+HTF_EMA55,2.5,2.5,1.6090404630033444,172,4.42,13.9,1.034,0.297
M5,sma_50_200+HTF_EMA55,2.5,3.0,1.6084461261788838,84,2.75,13.23,1.042,0.262
H2,williams_r_reversal+HTF_EMA55,2.5,3.0,1.6083363850891175,118,0.23,10.57,1.003,0.254
H2,di_cross,2.0,2.0,1.606307725057043,199,12.7,20.17,1.091,0.357
M3,donchian_10+HTF_EMA55,2.0,2.0,1.6057750362451857,110,12.57,23.16,1.163,0.373
M5,ema_12_26,2.5,3.0,1.604864946712534,177,13.01,19.03,1.08,0.271
M30,adx_donchian_20_strict,2.0,2.0,1.6032759121410785,48,2.54,15.71,1.08,0.354
M15,roc_momentum_12,2.5,3.0,1.6032360153395613,69,1.97,12.77,1.036,0.261
H3,di_cross,2.5,2.5,1.6006848096066009,90,3.41,14.29,1.049,0.3
M15,adx_donchian_20,2.0,2.0,1.5959775927484567,117,8.11,19.12,1.105,0.359
M30,triple_ema_pullback,2.0,2.0,1.5952758872348132,44,-2.4,7.02,0.917,0.318
M5,rsi_trend_pullback+HTF_EMA55,2.5,2.5,1.5943469547055429,210,15.92,21.64,1.102,0.31
H3,roc_momentum_12,2.0,2.0,1.5936344563828597,142,6.77,16.9,1.063,0.352
M1,roc_momentum_12,2.5,3.0,1.5909262491287388,139,7.09,16.2,1.063,0.266
M1,ema_12_26,2.0,2.0,1.5905382903709813,247,5.66,15.21,1.033,0.344
M5,ema_12_26+HTF_EMA55,2.5,2.5,1.5883410485578546,197,11.03,18.7,1.075,0.305
H4,ema_12_26+HTF_EMA55,2.5,3.0,1.581238889298917,47,0.29,11.36,1.008,0.255
H3,ema_21_55,2.0,2.0,1.5811436118132927,93,-0.92,10.76,0.985,0.333
H2,ema_21_55+HTF_EMA55,2.5,3.0,1.5809212950899028,97,1.55,12.46,1.022,0.258
M5,di_cross,2.5,2.5,1.5761421947448244,212,9.73,17.65,1.056,0.302
H1,psar_flip,2.5,3.0,1.5760254347748586,257,16.19,20.87,1.081,0.268
M1,macd_hist_turn,2.5,3.0,1.569744168874604,147,2.81,13.33,1.025,0.259
M1,macd_cross,2.5,3.0,1.569744168874604,147,2.81,13.33,1.025,0.259
H1,rsi50_cross+HTF_EMA55,2.0,2.0,1.5688954889228208,439,20.35,22.52,1.056,0.351
M1,stoch_cross,2.5,2.5,1.5679212911867968,199,12.67,20.67,1.097,0.307
M30,ichimoku_tk_cross+HTF_EMA55,2.5,3.0,1.5679125407673664,29,-1.41,7.89,0.935,0.241
H2,mfi_reversal,2.0,2.0,1.5671289223190006,244,12.2,20.29,1.081,0.352
M5,triple_ema_pullback,2.0,2.0,1.5669941743273783,288,6.28,15.98,1.034,0.344
M1,donchian_10+HTF_EMA55,2.5,2.5,1.5658161140445195,272,28.94,28.0,1.115,0.316
H2,triple_ema_pullback+HTF_EMA55,2.0,2.0,1.565181742968432,139,0.61,12.59,1.007,0.338
M5,rsi50_cross+HTF_EMA55,2.5,2.5,1.5599779541484269,248,20.05,24.23,1.108,0.31
H1,psar_flip+HTF_EMA55,2.5,2.5,1.5581617112447708,307,19.77,22.78,1.074,0.306
H3,roc_momentum_12+HTF_EMA55,2.0,2.0,1.5577974480217558,130,0.7,12.85,1.008,0.338
M30,adx_donchian_55+HTF_EMA55,2.0,2.0,1.5563004581636475,48,-0.48,11.41,0.985,0.333
H4,aroon_cross_25,2.5,3.0,1.5531730982318832,45,-1.64,8.81,0.952,0.244
M30,bb_breakout,2.5,3.0,1.551964104244055,45,-1.64,8.76,0.95,0.244
M30,macd_cross,2.5,2.5,1.5512127964201516,43,-1.51,9.15,0.95,0.279
M30,macd_hist_turn,2.5,2.5,1.5512127964201516,43,-1.51,9.15,0.95,0.279
M30,aroon_cross_25+HTF_EMA55,2.5,2.5,1.5498537010558338,29,-1.34,8.65,0.936,0.276
M30,rsi50_cross+HTF_EMA55,2.5,3.0,1.5495495165286706,28,-0.41,10.52,0.979,0.25
H3,bb_breakout,2.0,2.0,1.5489796860939016,202,3.01,14.48,1.021,0.342
M1,di_cross+HTF_EMA55,2.5,3.0,1.5477689780376678,139,20.61,26.94,1.169,0.288
M1,ema_21_55,2.0,2.0,1.5474806485995933,176,2.26,14.12,1.019,0.341
M1,rsi50_cross+HTF_EMA55,2.5,3.0,1.5470284729994177,127,25.7,31.95,1.24,0.299
M3,cci_100_cross,2.5,3.0,1.545599843433862,58,1.13,13.18,1.026,0.259
H2,volume_spike_break,2.5,2.5,1.5454506903860263,183,3.76,14.64,1.027,0.295
M1,donchian_10,2.5,2.5,1.5386014099066037,314,32.81,30.34,1.121,0.315
H4,roc_momentum_12+HTF_EMA55,2.5,2.5,1.5383392944662033,63,-0.78,11.11,0.983,0.286
M30,cci_100_cross,2.0,2.0,1.5365973273015947,75,-0.74,11.7,0.985,0.333
H4,cci_100_cross+HTF_EMA55,2.5,2.5,1.535381286596802,57,-1.68,9.8,0.959,0.281
H2,ichimoku_tk_cross,2.0,2.0,1.5345363594056873,219,13.6,21.92,1.09,0.356
M5,ema_21_55+HTF_EMA55,2.0,2.0,1.533567607477532,203,8.26,18.51,1.059,0.35
H3,ema_9_21,2.0,2.0,1.5324731071093238,136,6.83,18.38,1.069,0.353
M1,supertrend_flip,2.5,2.5,1.5306889326057216,193,19.67,25.11,1.117,0.316
H4,ichimoku_tk_cross+HTF_EMA55,2.5,2.5,1.5303995309183274,54,1.33,14.14,1.031,0.296
H3,donchian_10,2.0,2.0,1.5293216016397004,277,2.25,14.17,1.012,0.339
H3,donchian_20,2.0,2.0,1.5293016216157476,241,5.72,16.53,1.035,0.344
M3,ema_12_26,2.5,2.5,1.5289778369051443,40,-1.96,8.73,0.934,0.275
M30,donchian_10+HTF_EMA55,2.5,2.5,1.5285675293233751,59,-0.23,12.0,0.995,0.288
H4,aroon_cross_25,2.5,2.5,1.5276040093100476,50,-1.6,9.8,0.955,0.28
M30,ema_12_26,2.5,3.0,1.5266083508209511,29,-1.41,8.65,0.933,0.241
H2,rsi50_cross+HTF_EMA55,2.5,3.0,1.5218818061886497,109,1.37,13.38,1.018,0.257
H1,bb_breakout,2.0,2.0,1.521071513881798,567,16.49,21.27,1.041,0.346
M5,supertrend_flip,2.5,3.0,1.5208397736323744,210,11.35,19.46,1.067,0.267
D1,williams_r_reversal+HTF_EMA55,2.0,2.0,1.520155419020967,97,1.03,14.05,1.016,0.34
M30,ema_12_26+HTF_EMA55,2.5,3.0,1.5185060193293873,25,-1.35,8.7,0.93,0.24
M30,keltner_break,2.5,2.5,1.5173663409101943,47,-2.05,9.15,0.939,0.277
H4,rsi_trend_pullback+HTF_EMA55,2.5,2.5,1.5128778112602759,50,-1.6,10.13,0.956,0.28
M5,aroon_cross_25+HTF_EMA55,2.5,3.0,1.5111637138779186,120,10.63,21.71,1.123,0.275
M1,adx_rising_break_20,2.5,2.5,1.5106957838495663,214,15.29,22.4,1.085,0.308
M30,keltner_break,2.5,3.0,1.5078999287556372,36,-0.53,11.36,0.981,0.25
M30,psar_flip+HTF_EMA55,2.5,3.0,1.5078140606900656,39,0.41,13.13,1.014,0.256
M15,ema_9_21+HTF_EMA55,2.0,2.0,1.5066834480640312,94,1.06,14.4,1.018,0.34
H4,mfi_reversal+HTF_EMA55,2.0,2.0,1.5063725768627032,65,-2.6,9.7,0.941,0.323
M3,donchian_20,2.5,3.0,1.5057899900868812,70,0.95,13.59,1.019,0.257
M30,adx_rising_break_20+HTF_EMA55,2.0,2.0,1.5024595945460015,53,0.47,14.07,1.013,0.34
M30,bb_breakout+HTF_EMA55,2.5,2.5,1.5024082907342087,40,-1.96,9.15,0.931,0.275
H3,rsi_trend_pullback,2.0,2.0,1.4989581814681492,132,-4.21,9.72,0.953,0.326
M3,ema_21_55+HTF_EMA55,2.0,2.0,1.4939243924876429,52,1.48,15.88,1.043,0.346
M1,rsi50_cross,2.5,2.5,1.4910914626746774,203,12.06,20.98,1.073,0.305
H4,psar_flip,2.5,3.0,1.4879737201779033,50,-2.68,8.7,0.928,0.24
M30,williams_r_reversal+HTF_EMA55,2.5,2.5,1.4876213945009473,46,-1.06,11.36,0.968,0.283
M3,ema_21_55,2.0,2.0,1.4873485123240724,55,1.45,15.88,1.04,0.345
H4,mfi_reversal+HTF_EMA55,2.5,3.0,1.4864348260339693,50,-2.68,8.81,0.93,0.24
M5,bb_breakout,2.5,3.0,1.484882707092832,279,18.13,23.22,1.075,0.269
M3,donchian_10,2.5,3.0,1.4836965069385566,60,-0.88,11.68,0.98,0.25
H3,stoch_cross+HTF_EMA55,2.0,2.0,1.4833695193455345,164,-0.63,13.2,0.994,0.335
M30,supertrend_flip,2.0,2.0,1.4828067992945837,50,-2.46,9.67,0.928,0.32
M30,keltner_break+HTF_EMA55,2.0,2.0,1.482005029462404,64,-1.62,11.52,0.963,0.328
M1,rsi_trend_pullback,2.5,3.0,1.4776628537977987,142,17.03,25.59,1.138,0.282
H4,di_cross+HTF_EMA55,2.0,2.0,1.477147457289177,88,-1.85,11.76,0.969,0.33
M15,ema_12_26,2.5,2.5,1.475091294898374,67,-1.32,11.67,0.972,0.284
M5,aroon_cross_25+HTF_EMA55,2.5,2.5,1.4734715829275498,129,9.77,22.06,1.113,0.31
H4,ema_12_26+HTF_EMA55,2.5,2.5,1.4730556436013935,50,-1.6,11.03,0.958,0.28
M5,ema_50_200+HTF_EMA55,2.0,2.0,1.4649474404198655,95,0.05,14.12,1.001,0.337
M1,cci_100_cross,2.0,2.0,1.464633116058283,441,14.49,21.83,1.046,0.347
M3,supertrend_flip+HTF_EMA55,2.0,2.0,1.4567099935140249,56,0.44,14.9,1.012,0.339
M15,aroon_cross_25,2.5,3.0,1.4539152796669783,62,1.07,14.85,1.023,0.258
H2,ema_9_21,2.5,3.0,1.4537737838029567,106,0.41,13.84,1.005,0.255
M15,ichimoku_tk_cross,2.0,2.0,1.4488133966561705,107,-3.01,11.41,0.958,0.327
M5,ichimoku_tk_cross,2.5,2.5,1.4487534895954828,191,6.26,18.17,1.041,0.298
M5,supertrend_flip+HTF_EMA55,2.5,3.0,1.4480594925375656,192,9.46,20.07,1.065,0.266
M15,aroon_cross_25,2.5,2.5,1.4476534128196628,65,0.69,14.85,1.015,0.292
M1,rsi_trend_pullback+HTF_EMA55,2.5,3.0,1.4463526799928748,136,14.83,24.8,1.125,0.279
M15,stoch_cross+HTF_EMA55,2.0,2.0,1.4445705807058247,125,-0.25,14.25,0.997,0.336
H2,bb_breakout,2.5,2.5,1.4410379442271415,188,9.51,20.44,1.061,0.303
H2,roc_momentum_12,2.5,2.5,1.4408696129002316,117,-2.89,11.51,0.967,0.282
H3,di_cross,2.0,2.0,1.4397141685764763,144,1.57,15.86,1.016,0.34
H2,triple_ema_pullback+HTF_EMA55,2.5,3.0,1.4378004211839266,95,-0.42,13.38,0.994,0.253
M5,di_cross,2.5,3.0,1.4370390812070806,175,2.39,15.46,1.017,0.257
H1,ema_50_200,2.0,2.0,1.4367087461296586,112,-4.97,9.8,0.933,0.321
H1,ema_50_200+HTF_EMA55,2.0,2.0,1.4342256850867057,109,-4.94,9.83,0.932,0.321
H3,volume_spike_break,2.0,2.0,1.4327495733703188,192,4.15,17.65,1.03,0.344
M30,di_cross,2.5,3.0,1.4316177970618242,35,0.47,14.9,1.019,0.257
M5,triple_ema_pullback+HTF_EMA55,2.5,3.0,1.4287201047818594,176,14.15,23.95,1.103,0.273
M5,donchian_55,2.0,2.0,1.4283992778746302,434,19.22,24.96,1.058,0.35
M30,adx_donchian_55,2.0,2.0,1.4281824561261292,49,-1.47,12.3,0.955,0.327
M30,adx_rising_break_20,2.5,2.5,1.4279750878046766,36,-1.43,11.44,0.945,0.278
H2,mfi_reversal+HTF_EMA55,2.5,2.5,1.4232291337992191,98,-4.58,9.77,0.933,0.276
M5,ema_9_21,2.5,3.0,1.4223616263079557,164,14.36,23.86,1.095,0.274
M3,williams_r_reversal,2.0,2.0,1.4220517480394759,72,-0.71,14.02,0.985,0.333
M5,roc_momentum_12+HTF_EMA55,2.5,3.0,1.418511910179729,204,13.68,23.27,1.087,0.27
M1,ichimoku_tk_cross,2.0,2.0,1.4173663620601287,286,11.73,21.92,1.052,0.35
H2,supertrend_flip,2.5,3.0,1.4129619310849235,110,4.41,18.26,1.053,0.264
M15,cci_100_cross,2.5,3.0,1.411741277509592,86,0.71,15.06,1.011,0.256
M1,adx_donchian_55,2.5,2.5,1.4100094836977557,164,9.3,21.34,1.069,0.305
M1,cci_100_cross,2.5,2.5,1.409240699474544,238,4.08,17.29,1.023,0.294
M15,rsi50_cross,2.0,2.0,1.4082330718041731,127,-2.23,13.23,0.974,0.331
H4,bb_breakout+HTF_EMA55,2.5,3.0,1.4071667838310313,75,-4.0,9.88,0.931,0.24
H4,psar_flip,2.0,2.0,1.4048163229675703,139,-2.35,13.28,0.975,0.331
H4,triple_ema_pullback+HTF_EMA55,2.5,3.0,1.404611459521652,35,-3.43,7.78,0.874,0.229
H2,supertrend_flip+HTF_EMA55,2.5,2.5,1.4039359797041397,105,-1.29,13.6,0.983,0.286
H1,keltner_break,2.0,2.0,1.403830401250485,530,21.67,26.34,1.056,0.349
M1,cci_100_cross+HTF_EMA55,2.5,3.0,1.403807375380314,211,19.33,26.38,1.099,0.275
M15,roc_momentum_12+HTF_EMA55,2.5,2.5,1.4035038134318565,69,0.14,15.0,1.003,0.29
H4,rsi_trend_pullback+HTF_EMA55,2.5,3.0,1.4032088530390703,47,-3.6,8.81,0.899,0.234
M15,williams_r_reversal,2.5,3.0,1.4027714977347137,47,0.29,14.96,1.008,0.255
H4,rsi_trend_pullback+HTF_EMA55,2.0,2.0,1.399496570011777,89,-2.83,12.27,0.953,0.326
H2,ichimoku_tk_cross,2.5,2.5,1.397850509923798,133,-1.63,13.55,0.983,0.286
H1,ema_9_21,2.0,2.0,1.3977679289677991,401,23.24,27.77,1.072,0.354
H2,triple_ema_pullback,2.5,3.0,1.3904668528108162,96,-1.41,13.38,0.981,0.25
M30,macd_cross+HTF_EMA55,2.5,3.0,1.3901646841914206,43,-3.54,8.81,0.893,0.233
M30,macd_hist_turn+HTF_EMA55,2.5,3.0,1.3901646841914206,43,-3.54,8.81,0.893,0.233
H2,williams_r_reversal,2.5,3.0,1.3845956466760552,109,-2.57,12.51,0.969,0.248
M30,adx_rising_break_20,2.0,2.0,1.3796497386559652,54,-0.54,14.93,0.985,0.333
H2,ema_21_55+HTF_EMA55,2.0,2.0,1.3738594455767115,150,1.51,17.09,1.014,0.34
M30,roc_momentum_12,2.0,2.0,1.371854010983728,64,-4.51,9.72,0.896,0.312
M30,donchian_55+HTF_EMA55,2.5,2.5,1.370341224612714,40,-1.96,11.84,0.932,0.275
M3,ema_12_26,2.5,3.0,1.369274135540677,38,-2.51,10.57,0.915,0.237
D1,rsi50_cross,2.5,2.5,1.3672342346015691,57,-1.68,13.2,0.96,0.281
M1,ema_9_21+HTF_EMA55,2.5,3.0,1.3660956090705887,124,10.57,23.59,1.098,0.274
M30,aroon_cross_25+HTF_EMA55,2.0,2.0,1.3622529411940159,34,-4.23,6.82,0.82,0.294
M30,adx_donchian_20+HTF_EMA55,2.5,2.5,1.3608534997323771,41,0.49,16.55,1.016,0.293
H2,volume_spike_break+HTF_EMA55,2.0,2.0,1.3592449101158575,255,6.63,20.36,1.036,0.345
H2,rsi_trend_pullback,2.5,2.5,1.3544294645261965,144,1.2,16.77,1.011,0.292
M5,ichimoku_tk_cross,2.0,2.0,1.3534324832588052,394,20.89,27.19,1.059,0.353
M5,mfi_reversal+HTF_EMA55,2.5,3.0,1.3528151477823163,178,11.88,24.04,1.091,0.27
H1,mfi_reversal,2.5,3.0,1.3501435298475117,213,8.05,20.78,1.048,0.263
M15,supertrend_flip,2.0,2.0,1.3481283354465243,116,-3.09,13.44,0.959,0.328
H3,adx_donchian_20_strict,2.0,2.0,1.3478756687320497,141,1.6,17.75,1.017,0.34
H2,rsi_trend_pullback+HTF_EMA55,2.5,3.0,1.3463070483300779,116,2.27,17.58,1.025,0.259
M30,donchian_55,2.5,2.5,1.3458841857212884,40,-1.96,12.32,0.932,0.275
H3,rsi50_cross+HTF_EMA55,2.5,3.0,1.3448438623382875,68,-1.0,14.4,0.98,0.25
M15,cci_100_cross,2.0,2.0,1.340950289944394,163,0.37,16.85,1.004,0.337
M30,aroon_cross_25,2.0,2.0,1.3347737490682128,43,-4.31,8.7,0.852,0.302
M5,aroon_cross_25,2.5,3.0,1.3321072242187257,161,4.65,19.46,1.041,0.261
H1,aroon_cross_25,2.0,2.0,1.3317545968572373,282,3.22,18.7,1.016,0.34
M30,ema_9_21,2.0,2.0,1.3283858547394074,54,-3.46,11.41,0.905,0.315
M5,rsi50_cross,2.0,2.0,1.3270900647309762,472,19.96,27.03,1.052,0.35
M3,donchian_20+HTF_EMA55,2.0,2.0,1.3249973032266473,108,8.2,24.8,1.11,0.361
M3,williams_r_reversal,2.5,3.0,1.3246403320910096,37,-1.53,13.23,0.947,0.243
H2,triple_ema_pullback,2.0,2.0,1.3242924269674299,143,-3.35,14.05,0.965,0.329
M1,ema_12_26+HTF_EMA55,2.0,2.0,1.3235591672420834,170,-0.69,16.36,0.994,0.335
M1,supertrend_flip+HTF_EMA55,2.0,2.0,1.3219600039764658,225,6.95,21.64,1.046,0.347
M30,triple_ema_pullback,2.5,2.5,1.3215361043181357,36,-4.79,6.87,0.818,0.25
M5,supertrend_flip+HTF_EMA55,2.5,2.5,1.3204762674621204,215,2.84,18.4,1.019,0.293
M1,keltner_break+HTF_EMA55,2.0,2.0,1.3200528601801673,323,13.56,24.62,1.053,0.35
M30,supertrend_flip+HTF_EMA55,2.0,2.0,1.3150192659254392,34,-4.23,7.89,0.824,0.294
M30,adx_rising_break_20+HTF_EMA55,2.5,3.0,1.3149680629967273,33,-1.47,13.18,0.941,0.242
M30,keltner_break,2.0,2.0,1.3146810755269493,69,-3.6,12.4,0.924,0.319
H3,keltner_break+HTF_EMA55,2.5,3.0,1.3137250129942943,100,-1.47,14.9,0.982,0.25
M1,aroon_cross_25,2.5,3.0,1.3137152624878468,104,6.59,22.31,1.081,0.269
H2,donchian_55,2.5,3.0,1.3130590481830542,136,1.97,17.82,1.018,0.257
H1,ema_21_55+HTF_EMA55,2.5,2.5,1.31214399341036,195,5.68,20.64,1.041,0.297
H3,supertrend_flip+HTF_EMA55,2.5,3.0,1.3114933154708868,58,-2.8,12.46,0.935,0.241
M5,ema_21_55,2.5,3.0,1.3069169606353972,152,-2.23,14.7,0.981,0.25
H4,triple_ema_pullback+HTF_EMA55,2.0,2.0,1.3052348454661171,45,-3.37,11.41,0.894,0.311
M30,rsi_trend_pullback+HTF_EMA55,2.0,2.0,1.304830303172452,45,-3.37,11.41,0.894,0.311
H4,mfi_reversal+HTF_EMA55,2.5,2.5,1.3042095757449774,53,-4.52,10.13,0.885,0.264
M15,adx_donchian_55,2.5,3.0,1.3024435211241445,59,0.12,16.65,1.003,0.254
M15,adx_donchian_55+HTF_EMA55,2.5,3.0,1.3024435211241445,59,0.12,16.65,1.003,0.254
M5,keltner_break,2.0,2.0,1.302206606945568,471,14.15,24.69,1.04,0.346
M1,ema_12_26,2.5,3.0,1.3001860241958183,143,-1.12,15.66,0.99,0.252
M15,mfi_reversal,2.0,2.0,1.2996811912997428,109,-2.06,15.31,0.971,0.33
H1,donchian_20+HTF_EMA55,2.5,3.0,1.298914423535536,368,15.44,24.93,1.052,0.264
M1,ema_9_21+HTF_EMA55,2.5,2.5,1.2964293833051492,151,8.39,23.33,1.071,0.305
M5,sma_50_200+HTF_EMA55,2.5,2.5,1.2939043496042737,84,-4.41,12.23,0.928,0.274
H2,stoch_cross,2.5,3.0,1.2932699627131132,132,-1.94,15.06,0.98,0.25
M5,williams_r_reversal,2.5,3.0,1.2879827365863183,152,10.11,24.13,1.079,0.27
M3,roc_momentum_12,2.0,2.0,1.2855255076442142,78,-3.69,13.33,0.933,0.321
H4,ema_9_21,2.5,2.5,1.282995304215849,66,-3.72,12.32,0.919,0.273
H1,ema_21_55,2.5,2.5,1.2824661542199476,212,9.73,23.75,1.062,0.302
H4,di_cross,2.0,2.0,1.2773800785226508,110,-0.1,17.73,0.999,0.336
M5,adx_rising_break_20,2.5,3.0,1.274822103991602,248,12.94,25.15,1.07,0.266
M5,ema_9_21,2.5,2.5,1.274793797753313,204,18.92,29.23,1.101,0.314
H2,ema_9_21,2.5,2.5,1.274451168599834,117,0.54,17.88,1.006,0.291
M5,mfi_reversal,2.0,2.0,1.273990113560055,373,10.77,23.85,1.039,0.346
M3,triple_ema_pullback+HTF_EMA55,2.5,2.5,1.2731137993149366,35,-3.83,9.56,0.85,0.257
H2,supertrend_flip+HTF_EMA55,2.5,3.0,1.2713303407252539,96,-1.41,15.76,0.981,0.25
W1,stoch_cross,2.5,2.5,1.2673970539560342,17,-3.14,5.93,0.755,0.235
M5,ema_50_200,2.0,2.0,1.2664367969639334,98,-2.92,14.98,0.955,0.327
M1,ichimoku_tk_cross+HTF_EMA55,2.5,2.5,1.2629292116416306,156,3.08,19.91,1.025,0.295
M5,macd_hist_turn+HTF_EMA55,2.5,2.5,1.2592688568376422,281,6.13,21.39,1.029,0.295
M5,macd_cross+HTF_EMA55,2.5,2.5,1.2592688568376422,281,6.13,21.39,1.029,0.295
H2,supertrend_flip,2.5,2.5,1.258720018113431,130,1.38,18.87,1.014,0.292
H3,rsi50_cross+HTF_EMA55,2.0,2.0,1.2537687983630819,136,-7.98,11.42,0.913,0.316
H2,ema_21_55,2.5,3.0,1.2495942442533317,103,-4.4,13.33,0.941,0.243
M30,triple_ema_pullback+HTF_EMA55,2.5,2.5,1.2485237820512753,33,-5.23,6.79,0.786,0.242
H3,williams_r_reversal+HTF_EMA55,2.5,3.0,1.2469844845159994,74,-3.03,14.1,0.945,0.243
H2,rsi50_cross,2.5,3.0,1.2448007432539476,114,-3.6,14.5,0.96,0.246
M3,macd_cross+HTF_EMA55,2.5,3.0,1.2413384455468977,46,-2.63,13.33,0.92,0.239
M3,macd_hist_turn+HTF_EMA55,2.5,3.0,1.2413384455468977,46,-2.63,13.33,0.92,0.239
H3,volume_spike_break,2.5,3.0,1.2391915659151822,120,-1.76,16.2,0.98,0.25
H4,bb_breakout,2.0,2.0,1.238474714517562,162,-4.49,15.06,0.959,0.327
H2,williams_r_reversal+HTF_EMA55,2.5,2.5,1.2376294331617026,130,-5.43,13.48,0.941,0.277
M30,ema_21_55+HTF_EMA55,2.5,3.0,1.2371624661473228,27,-3.31,9.72,0.839,0.222
M5,adx_donchian_20,2.5,3.0,1.235072431662772,248,12.94,25.94,1.07,0.266
M30,macd_cross+HTF_EMA55,2.0,2.0,1.2323764401317179,61,-4.48,12.3,0.891,0.311
M30,macd_hist_turn+HTF_EMA55,2.0,2.0,1.2323764401317179,61,-4.48,12.3,0.891,0.311
H2,donchian_55+HTF_EMA55,2.5,3.0,1.231751467015021,137,0.95,18.64,1.009,0.255
M15,supertrend_flip+HTF_EMA55,2.5,3.0,1.2316098068660966,54,-2.74,13.99,0.933,0.241
H2,mfi_reversal+HTF_EMA55,2.5,3.0,1.230787719444526,93,-6.13,11.73,0.911,0.237
H2,mfi_reversal,2.5,3.0,1.2269628481321768,114,0.29,18.26,1.003,0.254
M30,psar_flip,2.0,2.0,1.2224760054687382,60,-6.36,9.88,0.847,0.3
H2,ema_50_200+HTF_EMA55,2.5,3.0,1.2184835505392204,43,-3.54,12.25,0.893,0.233
H3,rsi_trend_pullback+HTF_EMA55,2.0,2.0,1.2180094239250128,105,-6.77,12.27,0.905,0.314
M30,ema_9_21,2.5,3.0,1.2172683422520454,28,-4.28,7.94,0.796,0.214
M1,psar_flip+HTF_EMA55,2.5,2.5,1.2165061024340829,182,8.51,24.49,1.06,0.302
M5,triple_ema_pullback,2.5,3.0,1.2151592051758082,193,8.37,23.95,1.057,0.264
H2,ichimoku_tk_cross+HTF_EMA55,2.0,2.0,1.2137609574538117,168,1.32,20.1,1.011,0.339
H3,macd_hist_turn,2.0,2.0,1.210139975861173,164,2.38,20.95,1.02,0.341
H3,macd_cross,2.0,2.0,1.210139975861173,164,2.38,20.95,1.02,0.341
M30,rsi50_cross,2.5,3.0,1.2064633170461918,36,-4.39,9.72,0.835,0.222
M5,keltner_break,2.5,2.5,1.2061283676113608,290,3.93,21.12,1.018,0.293
M3,macd_hist_turn+HTF_EMA55,2.0,2.0,1.20464183913842,84,-3.75,15.03,0.935,0.321
M3,macd_cross+HTF_EMA55,2.0,2.0,1.20464183913842,84,-3.75,15.03,0.935,0.321
M1,di_cross+HTF_EMA55,2.5,2.5,1.2034139952611624,146,6.33,23.68,1.055,0.301
M3,rsi50_cross,2.5,2.5,1.2009695831132503,50,-4.96,11.36,0.869,0.26
M1,supertrend_flip,2.0,2.0,1.1993964392032008,339,-0.38,19.15,0.998,0.336
H2,rsi50_cross+HTF_EMA55,2.0,2.0,1.1989042031830603,213,-4.97,15.93,0.965,0.329
M1,aroon_cross_25,2.5,2.5,1.198801441882519,113,4.66,23.06,1.054,0.301
H1,mfi_reversal,2.5,2.5,1.1929149753150772,263,6.9,23.34,1.037,0.297
H1,rsi50_cross+HTF_EMA55,2.5,3.0,1.1921574197171478,276,3.91,20.97,1.017,0.257
H1,macd_cross,2.5,3.0,1.191243234455969,251,5.33,22.13,1.031,0.259
H1,macd_hist_turn,2.5,3.0,1.191243234455969,251,5.33,22.13,1.031,0.259
H4,triple_ema_pullback+HTF_EMA55,2.5,2.5,1.1909049769681845,37,-5.75,8.04,0.793,0.243
H2,ema_21_55,2.5,2.5,1.190092055896451,116,-1.91,17.36,0.977,0.284
M30,donchian_10,2.5,2.5,1.1861443284774809,49,-4.0,12.88,0.889,0.265
M30,ema_9_21+HTF_EMA55,2.5,3.0,1.1859634590961154,24,-4.22,7.78,0.778,0.208
H2,supertrend_flip,2.0,2.0,1.1856944130158609,184,0.16,19.77,1.001,0.337
M15,ema_12_26+HTF_EMA55,2.5,3.0,1.1832758616860308,51,-3.66,13.33,0.903,0.235
M5,ichimoku_tk_cross+HTF_EMA55,2.5,3.0,1.1813293828946676,177,-7.29,13.64,0.944,0.243
H3,keltner_break,2.5,3.0,1.181320736886984,103,-4.4,14.9,0.947,0.243
M30,rsi50_cross+HTF_EMA55,2.0,2.0,1.1718525796043118,57,-6.33,10.55,0.838,0.298
M1,ichimoku_tk_cross+HTF_EMA55,2.0,2.0,1.1703889561224228,200,-3.9,17.22,0.972,0.33
M30,ema_21_55,2.0,2.0,1.170274139965945,39,-3.32,13.2,0.871,0.308
H3,cci_100_cross,2.0,2.0,1.1697117850552639,223,-0.23,19.82,0.999,0.336
M15,sma_50_200,2.0,2.0,1.1686583881066523,34,-4.23,10.6,0.818,0.294
H4,triple_ema_pullback,2.0,2.0,1.1681035840474576,66,-6.41,11.49,0.86,0.303
H3,di_cross+HTF_EMA55,2.0,2.0,1.1668911962609325,121,-5.05,15.31,0.936,0.322
H3,ichimoku_tk_cross+HTF_EMA55,2.5,2.5,1.160136587514451,78,-1.94,17.6,0.969,0.282
H1,mfi_reversal+HTF_EMA55,2.5,3.0,1.1592041892819966,177,0.35,19.6,1.003,0.254
H4,cci_100_cross,2.5,3.0,1.159177530369304,65,-1.93,16.8,0.957,0.246
H2,psar_flip,2.5,2.5,1.157152574321083,125,-7.23,13.35,0.917,0.272
H4,psar_flip+HTF_EMA55,2.5,2.5,1.1485410909585,78,-5.29,13.97,0.909,0.269
M15,rsi50_cross,2.5,3.0,1.1482302982637702,79,-4.06,15.11,0.932,0.241
H2,roc_momentum_12,2.5,3.0,1.1473335402174973,102,-3.43,16.45,0.958,0.245
H2,ema_50_200,2.5,3.0,1.1458868088842658,44,-4.51,12.25,0.867,0.227
M1,donchian_55,2.5,3.0,1.1435072953170193,217,12.35,27.29,1.064,0.267
M5,rsi_trend_pullback+HTF_EMA55,2.5,3.0,1.1408558432671085,187,6.34,24.13,1.045,0.262
M5,sma_50_200,2.5,3.0,1.140639710504493,88,-5.13,14.45,0.923,0.239
M15,sma_50_200+HTF_EMA55,2.0,2.0,1.1374053720036514,31,-4.2,10.57,0.802,0.29
M5,supertrend_flip,2.0,2.0,1.1370623068357222,390,5.21,23.52,1.019,0.341
H1,ema_21_55+HTF_EMA55,2.5,3.0,1.133453604833019,188,1.18,20.69,1.008,0.255
M1,ema_12_26,2.5,2.5,1.1294210231783859,162,-2.95,18.1,0.976,0.284
M3,stoch_cross,2.0,2.0,1.1282876404688515,86,-5.66,14.28,0.899,0.314
M30,ema_21_55+HTF_EMA55,2.5,2.5,1.127993105842401,25,-4.19,9.22,0.777,0.24
M30,adx_donchian_55+HTF_EMA55,2.5,2.5,1.1228196414469214,37,-2.41,15.71,0.911,0.27
H4,rsi_trend_pullback,2.5,3.0,1.1210559609950563,50,-6.46,10.47,0.832,0.22
H4,keltner_break+HTF_EMA55,2.5,3.0,1.1167392669008978,61,-5.69,12.71,0.876,0.23
M5,rsi_trend_pullback,2.5,2.5,1.1158513861623434,224,4.26,23.39,1.026,0.295
H3,psar_flip,2.5,2.5,1.1135553911855383,87,-7.25,12.88,0.885,0.264
M15,ema_12_26,2.0,2.0,1.1129635189573712,110,-5.89,15.23,0.917,0.318
H3,donchian_20,2.5,2.5,1.1124752997330691,154,-1.89,19.15,0.982,0.286
H4,williams_r_reversal,2.0,2.0,1.1113833356816087,156,-7.24,15.23,0.929,0.321
M5,adx_donchian_20_strict+HTF_EMA55,2.0,2.0,1.1113428417004536,330,5.84,24.67,1.028,0.342
H2,stoch_cross,2.5,2.5,1.110867686459717,172,-2.59,18.68,0.977,0.285
M30,ema_12_26,2.5,2.5,1.110443932021523,29,-4.71,9.3,0.775,0.241
M1,donchian_55+HTF_EMA55,2.5,2.5,1.1101346881729655,215,10.24,27.21,1.057,0.302
H2,donchian_10+HTF_EMA55,2.5,2.5,1.1097010238647202,211,-3.54,18.34,0.978,0.284
H2,williams_r_reversal+HTF_EMA55,2.0,2.0,1.1090150935677199,179,-9.28,14.2,0.923,0.318
H1,williams_r_reversal,2.0,2.0,1.1075129066891773,634,7.93,25.18,1.019,0.341
H2,donchian_20,2.5,3.0,1.1070257231913236,188,1.18,21.2,1.008,0.255
H3,donchian_20+HTF_EMA55,2.5,2.5,1.1031427905400264,150,-4.72,17.07,0.956,0.28
D1,di_cross,2.5,3.0,1.102883691254061,54,-2.74,16.7,0.936,0.241
M5,donchian_10,2.5,3.0,1.0962401373689155,297,6.71,24.57,1.031,0.259
M15,williams_r_reversal,2.5,2.5,1.0947924415764267,66,-3.72,16.24,0.922,0.273
H3,ichimoku_tk_cross+HTF_EMA55,2.5,3.0,1.0943827706155478,69,-1.99,18.4,0.966,0.246
M3,rsi50_cross,2.0,2.0,1.0941064433897816,73,-4.6,15.91,0.912,0.315
M30,adx_rising_break_20,2.5,3.0,1.085085598946138,35,-3.43,14.05,0.871,0.229
M30,ema_9_21+HTF_EMA55,2.5,2.5,1.083573455435616,26,-5.15,8.23,0.741,0.231
M15,ichimoku_tk_cross+HTF_EMA55,2.5,3.0,1.0829532072865655,48,-4.56,14.05,0.881,0.229
M1,ema_50_200+HTF_EMA55,2.5,2.5,1.081551159728216,70,-4.25,15.92,0.914,0.271
H2,donchian_20+HTF_EMA55,2.0,2.0,1.0793977889004647,325,4.85,24.53,1.019,0.342
H4,psar_flip+HTF_EMA55,2.0,2.0,1.0774397851601405,129,-7.0,15.66,0.921,0.318
M5,stoch_cross,2.5,3.0,1.0749475634983043,187,-5.58,17.19,0.962,0.246
M30,rsi_trend_pullback,2.0,2.0,1.0729235243349,56,-5.38,14.07,0.866,0.304
M30,ema_9_21,2.5,2.5,1.0716854347448919,30,-5.66,8.39,0.744,0.233
M5,ema_12_26,2.5,2.5,1.0710731727697662,201,3.02,23.44,1.018,0.294
H4,williams_r_reversal,2.5,2.5,1.0698738668840235,66,-7.01,12.4,0.851,0.258
M5,mfi_reversal+HTF_EMA55,2.5,2.5,1.0695865401892661,192,5.2,25.18,1.038,0.297
H4,di_cross,2.5,2.5,1.0693772127133492,57,-8.28,9.62,0.797,0.246
M1,psar_flip,2.5,3.0,1.0677913867739786,116,2.27,23.09,1.024,0.259
M15,adx_rising_break_20,2.5,2.5,1.0677409169350078,83,-0.03,21.5,0.999,0.289
M15,adx_rising_break_20+HTF_EMA55,2.5,2.5,1.0677409169350074,83,-0.03,21.5,0.999,0.289
D1,triple_ema_pullback+HTF_EMA55,2.0,2.0,1.0674983418509096,46,-7.15,9.83,0.78,0.283
H3,ema_9_21,2.5,3.0,1.0653145424501993,55,-7.45,10.68,0.82,0.218
H1,roc_momentum_12+HTF_EMA55,2.5,3.0,1.064596362470566,285,-5.08,18.26,0.977,0.249
M3,roc_momentum_12,2.5,3.0,1.06387624975556,45,-5.46,12.51,0.844,0.222
M15,supertrend_flip+HTF_EMA55,2.0,2.0,1.063683126260023,73,-7.4,12.51,0.843,0.301
M1,macd_hist_turn+HTF_EMA55,2.5,2.5,1.0621924252712065,197,11.03,29.05,1.071,0.305
M1,macd_cross+HTF_EMA55,2.5,2.5,1.0621924252712065,197,11.03,29.05,1.071,0.305
H2,keltner_break+HTF_EMA55,2.0,2.0,1.0584507070953282,246,0.54,22.54,1.003,0.337
M5,triple_ema_pullback,2.5,2.5,1.058204308809591,216,-1.67,20.6,0.989,0.287
M15,psar_flip,2.5,3.0,1.054012673763052,60,-4.73,15.21,0.896,0.233
M30,adx_donchian_55+HTF_EMA55,2.5,3.0,1.0533862328784351,34,-2.45,16.55,0.906,0.235
H2,donchian_20,2.0,2.0,1.05158972917589,337,7.89,26.75,1.03,0.344
H1,roc_momentum_12,2.5,3.0,1.0512060804310424,205,3.97,24.17,1.026,0.259
M5,supertrend_flip,2.5,2.5,1.0510375352936048,229,2.66,23.55,1.015,0.293
M5,roc_momentum_12+HTF_EMA55,2.0,2.0,1.0472576559036835,409,10.37,28.08,1.036,0.345
H4,psar_flip+HTF_EMA55,2.5,3.0,1.0417863701293155,72,-4.9,16.1,0.913,0.236
M1,sma_50_200+HTF_EMA55,2.0,2.0,1.039326982198192,60,-3.52,17.6,0.916,0.317
H4,rsi_trend_pullback,2.5,2.5,1.0387246687242755,55,-6.42,12.8,0.84,0.255
H4,keltner_break+HTF_EMA55,2.5,2.5,1.0351526449856379,68,-5.64,15.22,0.888,0.265
H2,volume_spike_break,2.0,2.0,1.032886858870487,269,1.32,23.52,1.007,0.338
H3,triple_ema_pullback,2.5,3.0,1.0312377783622564,58,-6.57,13.13,0.853,0.224
M15,volume_spike_break+HTF_EMA55,2.5,3.0,1.0283060557398298,64,-4.79,15.95,0.902,0.234
M5,mfi_reversal,2.5,3.0,1.0250822407208733,168,-2.46,20.31,0.982,0.25
M1,ema_50_200,2.5,2.5,1.0204127181622247,71,-5.21,16.07,0.897,0.268
H3,donchian_10,2.5,2.5,1.0201031852005098,139,-4.12,19.08,0.958,0.281
M15,adx_rising_break_20,2.5,3.0,1.0096575699814219,65,-1.93,19.93,0.961,0.246
M1,ema_50_200,2.0,2.0,1.0086321607445643,76,-4.63,17.6,0.912,0.316
H1,williams_r_reversal,2.5,3.0,1.008543528153204,212,-3.09,20.26,0.979,0.25
M30,adx_donchian_20,2.5,2.5,1.006019065821183,45,-3.47,17.0,0.896,0.267
M30,mfi_reversal+HTF_EMA55,2.0,2.0,1.0011828514358219,20,-5.04,6.85,0.66,0.25
H2,mfi_reversal+HTF_EMA55,2.0,2.0,1.0005753060418234,117,-9.62,14.3,0.877,0.308
M1,donchian_10,2.0,2.0,0.9992170561482042,596,-1.92,22.42,0.995,0.336
H4,volume_spike_break,2.0,2.0,0.9968577609732165,146,-6.22,18.33,0.938,0.322
M30,adx_donchian_55,2.5,2.5,0.99347065443923,38,-3.39,16.55,0.879,0.263
H3,ichimoku_tk_cross,2.5,3.0,0.9894593813533061,68,-8.54,12.51,0.838,0.221
D1,ichimoku_tk_cross,2.5,3.0,0.9881496761238155,45,-5.46,14.05,0.844,0.222
M5,bb_breakout,2.5,2.5,0.9881388583293057,330,13.08,30.24,1.044,0.3
M15,supertrend_flip,2.5,3.0,0.9870540543647018,68,-4.85,16.89,0.906,0.235
M1,ema_50_200+HTF_EMA55,2.0,2.0,0.9850418424565459,72,-3.63,19.08,0.926,0.319
H1,roc_momentum_12+HTF_EMA55,2.5,2.5,0.9807507884940074,321,-2.94,21.6,0.988,0.287
M30,supertrend_flip+HTF_EMA55,2.5,3.0,0.9798941177585889,29,-5.24,11.47,0.777,0.207
H3,triple_ema_pullback+HTF_EMA55,2.5,3.0,0.9730225365109597,54,-6.52,13.99,0.846,0.222
H4,stoch_cross,2.0,2.0,0.971669826410753,175,-8.34,17.6,0.929,0.32
H4,volume_spike_break,2.5,2.5,0.9711677988315017,91,-7.76,15.44,0.883,0.264
M1,aroon_cross_25,2.0,2.0,0.9691043754232411,166,-2.61,21.95,0.976,0.331
H3,ema_21_55,2.5,3.0,0.9689898294167072,64,-8.49,12.4,0.825,0.219
H2,keltner_break+HTF_EMA55,2.5,2.5,0.9680366004162171,167,-4.45,20.18,0.963,0.281
H3,triple_ema_pullback,2.0,2.0,0.9675366690406296,93,-9.41,14.07,0.854,0.301
H3,triple_ema_pullback+HTF_EMA55,2.0,2.0,0.9665039720540192,89,-8.47,14.9,0.865,0.303
D1,macd_hist_turn,2.5,3.0,0.9661929500049207,48,-8.27,10.47,0.775,0.208
D1,macd_cross,2.5,3.0,0.9661929500049207,48,-8.27,10.47,0.775,0.208
H1,supertrend_flip,2.0,2.0,0.9620782197884077,391,7.32,28.13,1.025,0.343
D1,triple_ema_pullback,2.0,2.0,0.9612648812244717,59,-8.19,12.48,0.803,0.288
H1,mfi_reversal,2.0,2.0,0.9603189404970658,474,7.5,28.08,1.022,0.342
H2,rsi50_cross,2.5,2.5,0.9581435208645029,152,0.1,23.81,1.001,0.289
D1,stoch_cross+HTF_EMA55,2.0,2.0,0.9568805976859138,120,-6.91,17.75,0.912,0.317
H3,williams_r_reversal+HTF_EMA55,2.5,2.5,0.9529942790877163,83,-9.93,12.8,0.833,0.253
M1,di_cross,2.0,2.0,0.9511994495185375,307,5.03,27.31,1.023,0.342
M1,keltner_break,2.0,2.0,0.9510462473259997,385,4.22,26.62,1.014,0.34
M3,cci_100_cross+HTF_EMA55,2.0,2.0,0.9485013039300906,121,-2.17,22.45,0.975,0.331
M1,macd_hist_turn+HTF_EMA55,2.0,2.0,0.9484054377275051,284,4.23,26.97,1.021,0.342
M1,macd_cross+HTF_EMA55,2.0,2.0,0.9484054377275051,284,4.23,26.97,1.021,0.342
H4,supertrend_flip+HTF_EMA55,2.5,3.0,0.9478850556761147,47,-7.34,12.3,0.802,0.213
M15,roc_momentum_12,2.5,2.5,0.9429277577215645,74,-4.77,18.56,0.916,0.27
M30,ichimoku_tk_cross,2.5,3.0,0.942762737869663,34,-6.24,11.57,0.772,0.206
M30,aroon_cross_25,2.5,2.5,0.9418940004884186,36,-8.04,8.31,0.704,0.222
M15,psar_flip,2.5,2.5,0.941206611789766,66,-7.01,15.15,0.855,0.258
W1,mfi_reversal,2.0,2.0,0.9398707179269388,9,-3.03,4.93,0.568,0.222
M30,cci_100_cross,2.5,3.0,0.937808382813278,46,-6.41,13.28,0.811,0.217
M15,ema_12_26,2.5,3.0,0.9363915129284145,60,-4.73,17.38,0.892,0.233
M3,cci_100_cross,2.0,2.0,0.9326048485952001,132,-4.21,21.09,0.954,0.326
H3,supertrend_flip,2.5,3.0,0.9285434602797503,75,-4.0,19.17,0.924,0.24
M5,ema_50_200+HTF_EMA55,2.5,3.0,0.9270044035163366,69,-1.99,21.62,0.962,0.246
M1,di_cross,2.5,3.0,0.9242683589975099,149,-3.15,21.66,0.973,0.248
M30,adx_donchian_55,2.5,3.0,0.9230500196669382,35,-3.43,17.38,0.873,0.229
M1,rsi50_cross+HTF_EMA55,2.5,2.5,0.9221115867896001,161,8.8,30.92,1.07,0.304
M30,psar_flip,2.5,2.5,0.9152764060864885,38,-6.69,11.84,0.761,0.237
W1,williams_r_reversal,2.0,2.0,0.9147227337564587,13,-4.03,5.85,0.586,0.231
M15,adx_rising_break_20+HTF_EMA55,2.5,3.0,0.9104739526753477,66,-2.91,20.73,0.942,0.242
W1,stoch_cross,2.0,2.0,0.9094427543077057,20,-5.04,8.7,0.66,0.25
M3,triple_ema_pullback,2.5,2.5,0.9086327686137006,38,-6.69,11.92,0.76,0.237
H2,donchian_10+HTF_EMA55,2.5,3.0,0.8901787579123839,179,-5.47,20.92,0.961,0.246
M15,ema_9_21,2.0,2.0,0.8877110018725509,118,-13.16,13.16,0.83,0.297
M30,mfi_reversal,2.0,2.0,0.8820716900227932,54,-9.06,11.65,0.753,0.278
M5,ema_21_55,2.5,2.5,0.8789665708732506,170,-7.28,20.0,0.943,0.276
M5,adx_donchian_20_strict,2.5,2.5,0.8756757115686953,228,-3.26,23.24,0.98,0.285
H1,williams_r_reversal,2.5,2.5,0.8748980732633367,280,-6.7,21.17,0.963,0.282
M30,rsi_trend_pullback,2.5,3.0,0.8696504802543811,39,-7.23,12.3,0.763,0.205
H2,donchian_10,2.5,2.5,0.8671426451663004,171,-8.21,19.54,0.936,0.275
D1,mfi_reversal+HTF_EMA55,2.0,2.0,0.8660437844705553,13,-4.03,6.79,0.585,0.231
M30,adx_donchian_20+HTF_EMA55,2.5,3.0,0.8650336530120166,40,-4.45,17.38,0.855,0.225
H2,donchian_20+HTF_EMA55,2.5,3.0,0.8627580958506501,184,-6.47,20.83,0.956,0.245
H2,di_cross+HTF_EMA55,2.5,2.5,0.8615860281777703,116,-8.5,18.12,0.902,0.267
M30,stoch_cross,2.5,3.0,0.8524851639583014,35,-7.18,11.41,0.733,0.2
M5,macd_hist_turn,2.0,2.0,0.8518604863302811,442,-10.74,20.49,0.963,0.328
M5,macd_cross,2.0,2.0,0.8518604863302811,442,-10.74,20.49,0.963,0.328
M1,roc_momentum_12+HTF_EMA55,2.5,3.0,0.8448803154596051,146,3.85,28.48,1.031,0.26
M15,stoch_cross,2.0,2.0,0.8443952262859413,144,-12.52,15.98,0.871,0.306
H3,di_cross+HTF_EMA55,2.5,2.5,0.8345363481716706,67,-7.94,16.24,0.839,0.254
H1,ichimoku_tk_cross,2.0,2.0,0.834320100243467,428,-0.27,26.54,0.999,0.336
H2,keltner_break,2.0,2.0,0.8337719349049637,265,-3.56,24.5,0.982,0.332
M3,ema_9_21,2.5,2.5,0.8293553318899523,43,-8.12,12.48,0.75,0.233
H4,stoch_cross,2.5,3.0,0.827826993215895,61,-9.35,13.59,0.794,0.213
M15,roc_momentum_12,2.0,2.0,0.8266470189220364,112,-10.47,16.92,0.865,0.304
M1,supertrend_flip+HTF_EMA55,2.5,2.5,0.8223886000113267,172,4.42,29.64,1.034,0.297
M5,ema_50_200,2.5,3.0,0.8136625385928552,71,-3.94,21.62,0.927,0.239
M30,stoch_cross,2.5,2.5,0.812093436144589,43,-8.12,12.4,0.739,0.233
M5,adx_donchian_20,2.0,2.0,0.8093283766972839,464,2.38,28.45,1.007,0.338
D1,ichimoku_tk_cross,2.5,2.5,0.8087109903455535,47,-8.62,12.95,0.756,0.234
W1,macd_cross,2.0,2.0,0.8078297863366061,10,-4.0,4.0,0.494,0.2
W1,macd_hist_turn,2.0,2.0,0.8078297863366061,10,-4.0,4.0,0.494,0.2
M5,volume_spike_break+HTF_EMA55,2.5,3.0,0.8074121838265165,190,-0.83,25.81,0.994,0.253
M5,triple_ema_pullback+HTF_EMA55,2.5,2.5,0.8042258051327817,196,-2.4,25.11,0.983,0.286
M5,rsi50_cross+HTF_EMA55,2.5,3.0,0.7995838354403002,204,5.02,30.03,1.035,0.26
H2,keltner_break+HTF_EMA55,2.5,3.0,0.794700944896938,154,-4.17,23.41,0.962,0.247
D1,aroon_cross_25,2.0,2.0,0.794352008092508,76,-10.15,15.03,0.802,0.289
H2,rsi_trend_pullback+HTF_EMA55,2.5,2.5,0.7926848774164476,123,-11.7,16.82,0.869,0.26
H3,donchian_20,2.5,3.0,0.7899410973760665,114,-3.6,23.41,0.955,0.246
H3,di_cross+HTF_EMA55,2.5,3.0,0.7833181953387838,64,-8.49,16.05,0.823,0.219
M5,sma_50_200,2.5,2.5,0.7785453444668939,88,-11.32,15.22,0.82,0.25
M30,ichimoku_tk_cross+HTF_EMA55,2.5,2.5,0.7777610351272126,32,-7.54,11.03,0.685,0.219
H2,keltner_break,2.5,2.5,0.776658169798486,177,-7.37,22.0,0.943,0.277
M30,roc_momentum_12+HTF_EMA55,2.5,3.0,0.7738143605401318,36,-8.11,11.41,0.705,0.194
H4,sma_50_200,2.0,2.0,0.771201609658811,28,-6.99,10.6,0.658,0.25
H4,keltner_break,2.5,3.0,0.7669539868679228,82,-10.52,15.61,0.824,0.22
M15,ichimoku_tk_cross,2.5,2.5,0.7593565874777028,61,-11.9,11.9,0.739,0.23
H3,williams_r_reversal+HTF_EMA55,2.0,2.0,0.7578265641961126,111,-12.23,16.13,0.83,0.297
M15,psar_flip,2.0,2.0,0.7570125825729334,118,-10.53,18.55,0.871,0.305
H3,keltner_break,2.5,2.5,0.7534599242648526,115,-7.57,21.26,0.916,0.27
M30,rsi_trend_pullback,2.5,2.5,0.7509743170396197,44,-9.04,12.73,0.727,0.227
H3,supertrend_flip,2.0,2.0,0.7469692010107545,135,-7.05,22.47,0.926,0.319
H3,triple_ema_pullback,2.5,2.5,0.7419067880650455,75,-12.05,14.07,0.783,0.24
M30,aroon_cross_25+HTF_EMA55,2.5,3.0,0.7400044697204669,26,-6.13,12.35,0.692,0.192
H4,keltner_break,2.0,2.0,0.7376607536073394,123,-9.68,20.03,0.889,0.309
M3,triple_ema_pullback+HTF_EMA55,2.0,2.0,0.7375699505252402,52,-7.21,17.51,0.806,0.288
M15,rsi50_cross,2.5,2.5,0.7360097321693602,83,-9.93,17.15,0.833,0.253
H1,mfi_reversal+HTF_EMA55,2.0,2.0,0.7351504266245318,218,-4.07,25.82,0.971,0.33
M3,triple_ema_pullback,2.0,2.0,0.7308947492907056,56,-8.16,16.7,0.793,0.286
M5,volume_spike_break+HTF_EMA55,2.5,2.5,0.7283434241128222,201,-7.18,23.26,0.948,0.279
M30,roc_momentum_12+HTF_EMA55,2.5,2.5,0.727289450188032,37,-8.96,10.95,0.673,0.216
H1,ema_21_55,2.5,3.0,0.7142165369083672,200,-10.31,21.15,0.929,0.24
M1,sma_50_200,2.0,2.0,0.7084458231361233,69,-6.44,20.87,0.864,0.304
H3,keltner_break+HTF_EMA55,2.5,2.5,0.7028586087639713,112,-11.14,18.84,0.869,0.259
M1,williams_r_reversal,2.0,2.0,0.702729097180834,395,-11.21,22.83,0.953,0.327
M30,bb_breakout,2.0,2.0,0.6976251919731932,72,-9.22,17.68,0.81,0.292
H3,triple_ema_pullback+HTF_EMA55,2.5,2.5,0.689030653207986,71,-11.57,15.32,0.783,0.239
M1,ema_21_55+HTF_EMA55,2.5,2.5,0.6814983437303892,114,-9.83,20.55,0.887,0.263
M3,ema_9_21,2.5,3.0,0.6806528190100906,40,-8.16,14.9,0.745,0.2
M30,bb_breakout,2.5,2.5,0.6804014992913873,48,-9.54,13.82,0.724,0.229
M3,ema_21_55+HTF_EMA55,2.5,2.5,0.6779038951018475,47,-5.39,20.71,0.847,0.255
M1,macd_cross,2.5,2.5,0.6765128457631894,194,-13.34,19.73,0.898,0.268
M1,macd_hist_turn,2.5,2.5,0.6765128457631894,194,-13.34,19.73,0.898,0.268
M30,triple_ema_pullback,2.5,3.0,0.6747586536631475,33,-8.97,10.68,0.649,0.182
H2,ema_21_55,2.0,2.0,0.6734815704358098,155,-9.06,22.7,0.916,0.316
H2,mfi_reversal,2.5,2.5,0.6700950928610847,133,-11.37,19.7,0.876,0.263
M1,ema_50_200+HTF_EMA55,2.5,3.0,0.670024188718594,70,-6.74,20.97,0.869,0.229
H4,ema_21_55,2.5,3.0,0.6637715567382958,37,-9.03,12.51,0.688,0.189
M30,ema_21_55+HTF_EMA55,2.0,2.0,0.6635805022990112,35,-7.97,13.25,0.679,0.257
H2,aroon_cross_25,2.5,3.0,0.6562362168926317,99,-11.63,17.97,0.838,0.222
H2,donchian_20,2.5,2.5,0.6562218193249898,216,-8.27,24.17,0.946,0.278
M15,ema_9_21,2.5,2.5,0.6548935320304037,91,-13.95,15.05,0.783,0.242
M30,williams_r_reversal+HTF_EMA55,2.5,3.0,0.6526118733997673,37,-9.03,12.46,0.681,0.189
D1,williams_r_reversal,2.0,2.0,0.6511692393900814,138,-12.46,19.7,0.867,0.304
M30,adx_donchian_20,2.5,3.0,0.6486253655638796,43,-7.29,17.43,0.781,0.209
H3,ema_12_26,2.5,3.0,0.636886836949991,73,-9.51,18.31,0.816,0.219
M30,psar_flip,2.5,3.0,0.6319637882120924,36,-8.11,14.1,0.701,0.194
W1,ema_9_21,2.5,3.0,0.6254320335503465,8,-4.0,4.0,0.421,0.125
M3,williams_r_reversal,2.5,2.5,0.6240853729928879,40,-8.55,15.32,0.724,0.225
M5,aroon_cross_25,2.5,2.5,0.6213532559613909,175,-8.71,23.81,0.925,0.274
M5,rsi_trend_pullback,2.5,3.0,0.60722999538452,202,-4.85,27.07,0.967,0.248
H2,williams_r_reversal,2.0,2.0,0.607101114876893,300,-11.25,24.07,0.937,0.323
H2,psar_flip,2.5,3.0,0.6060760233373428,103,-11.68,19.22,0.844,0.223
H3,ema_21_55+HTF_EMA55,2.5,3.0,0.6025109524085364,59,-11.1,15.71,0.754,0.203
H1,roc_momentum_12+HTF_EMA55,2.0,2.0,0.6017170741105828,479,-3.69,29.44,0.99,0.334
H2,donchian_20+HTF_EMA55,2.5,2.5,0.5932924838759098,216,-11.4,23.31,0.925,0.273
M1,donchian_55,2.5,2.5,0.588973282100467,229,-0.85,30.58,0.995,0.288
M1,ema_12_26+HTF_EMA55,2.5,3.0,0.5818328844536806,130,-3.83,27.8,0.963,0.246
M1,williams_r_reversal,2.5,2.5,0.580854805375563,186,-15.38,19.86,0.875,0.263
M30,supertrend_flip,2.5,3.0,0.5714889212484141,34,-9.88,11.62,0.631,0.176
M3,rsi50_cross,2.5,3.0,0.5700231388084345,48,-11.83,13.23,0.687,0.188
H4,stoch_cross,2.5,2.5,0.5667623186745633,73,-13.33,15.39,0.743,0.233
M30,supertrend_flip+HTF_EMA55,2.5,2.5,0.5604404184939723,30,-8.89,12.32,0.627,0.2
M5,adx_donchian_20,2.5,2.5,0.5559684224613237,274,-0.91,31.22,0.995,0.288
H4,triple_ema_pullback,2.5,3.0,0.5470598195059202,48,-11.83,13.54,0.683,0.188
M3,donchian_20,2.0,2.0,0.5469374954715396,121,-5.05,27.76,0.937,0.322
H4,triple_ema_pullback,2.5,2.5,0.5438632195476523,51,-12.23,13.5,0.678,0.216
H2,keltner_break,2.5,3.0,0.5428000071413556,161,-10.68,23.54,0.908,0.236
M1,ema_12_26+HTF_EMA55,2.5,2.5,0.5396419213705992,134,-5.94,27.28,0.942,0.276
M1,rsi50_cross+HTF_EMA55,2.0,2.0,0.5372251177064843,296,7.26,36.87,1.032,0.345
M5,macd_hist_turn+HTF_EMA55,2.5,3.0,0.5292043459632312,260,-11.1,25.15,0.944,0.242
M5,macd_cross+HTF_EMA55,2.5,3.0,0.5292043459632312,260,-11.1,25.15,0.944,0.242
D1,di_cross,2.5,2.5,0.5236519456879634,55,-9.62,18.87,0.771,0.236
H2,rsi_trend_pullback,2.0,2.0,0.5203150590170033,197,-12.11,24.15,0.906,0.315
H3,mfi_reversal,2.0,2.0,0.5134541638879884,159,-15.22,20.83,0.854,0.302
M5,rsi50_cross,2.5,2.5,0.5016957845043184,198,-7.61,27.73,0.951,0.278
M1,ema_21_55+HTF_EMA55,2.5,3.0,0.4908983713909786,114,-10.94,23.31,0.881,0.228
M30,triple_ema_pullback+HTF_EMA55,2.5,3.0,0.47894924054354976,30,-9.83,11.52,0.584,0.167
M5,donchian_20,2.5,3.0,0.4751643675029748,310,-6.36,29.32,0.972,0.248
H2,rsi50_cross,2.0,2.0,0.4737189739272825,253,-9.04,27.91,0.944,0.324
D1,stoch_cross,2.5,3.0,0.468062897410044,78,-10.47,21.57,0.824,0.218
H1,ema_12_26+HTF_EMA55,2.0,2.0,0.45780348349304634,280,-11.96,26.45,0.929,0.321
M5,psar_flip,2.0,2.0,0.457787286106657,499,-18.84,24.11,0.939,0.323
M5,aroon_cross_25+HTF_EMA55,2.0,2.0,0.4573078633260043,179,-11.95,24.73,0.888,0.313
H3,psar_flip,2.5,3.0,0.4569309215551722,70,-10.36,21.48,0.815,0.214
W1,ema_9_21,2.5,2.5,0.4543017429816164,8,-4.46,4.46,0.352,0.125
M5,williams_r_reversal,2.5,2.5,0.44990837043421983,210,0.88,34.46,1.005,0.29
W1,mfi_reversal,2.5,2.5,0.44972301148623706,8,-4.46,4.46,0.35,0.125
M3,ema_21_55,2.5,2.5,0.4448433428728794,50,-8.2,21.5,0.782,0.24
M5,donchian_10,2.5,2.5,0.4394218056223265,309,2.15,35.34,1.009,0.291
W1,rsi50_cross,2.5,2.5,0.42327342177521954,8,-4.46,4.9,0.348,0.125
H3,stoch_cross,2.5,3.0,0.42161153774186677,77,-13.08,19.6,0.78,0.208
M5,roc_momentum_12,2.5,2.5,0.4206356196655262,167,-10.86,26.6,0.917,0.269
H3,bb_breakout,2.5,3.0,0.420629055272819,137,-13.84,22.63,0.858,0.226
H3,di_cross,2.5,3.0,0.419353307118367,74,-13.89,18.4,0.758,0.203
H2,donchian_10,2.5,3.0,0.41458806250492375,171,-9.03,27.97,0.937,0.24
H4,ema_12_26,2.5,3.0,0.411352167556847,53,-12.77,16.1,0.689,0.189
M1,psar_flip,2.5,2.5,0.4031798904464332,165,-5.84,30.48,0.952,0.279
H1,roc_momentum_12,2.5,2.5,0.40137797164663547,254,-5.0,31.71,0.973,0.283
H4,ema_9_21,2.5,3.0,0.3998430365833584,57,-12.82,16.99,0.705,0.193
M30,rsi50_cross,2.5,2.5,0.38799278585229513,40,-11.67,13.67,0.603,0.2
M3,ema_21_55,2.5,3.0,0.3480265965427206,50,-10.1,20.73,0.743,0.2
M1,mfi_reversal,2.5,3.0,0.34706315304646107,116,-16.11,21.34,0.814,0.216
M30,roc_momentum_12,2.5,3.0,0.3402493177628191,39,-10.84,15.81,0.629,0.179
H3,williams_r_reversal,2.0,2.0,0.3303948541509709,192,-12.93,27.07,0.893,0.312
M15,di_cross,2.5,2.5,0.32655959649048116,78,-14.66,19.45,0.738,0.231
M1,roc_momentum_12,2.0,2.0,0.3227001863866159,361,-15.23,28.13,0.936,0.321
M1,williams_r_reversal,2.5,3.0,0.31833108237357904,150,-14.86,24.31,0.859,0.227
M5,ichimoku_tk_cross,2.5,3.0,0.31102401347800335,164,-9.83,29.41,0.93,0.238
D1,roc_momentum_12,2.5,3.0,0.3046946335851136,40,-11.73,15.95,0.625,0.175
M30,macd_hist_turn,2.0,2.0,0.29426323198499615,67,-15.28,16.95,0.66,0.254
M30,macd_cross,2.0,2.0,0.29426323198499615,67,-15.28,16.95,0.66,0.254
M30,rsi50_cross+HTF_EMA55,2.5,2.5,0.2864463759117867,41,-12.55,14.68,0.587,0.195
W1,ema_9_21,2.0,2.0,0.2824006054208127,8,-4.93,4.93,0.282,0.125
H1,mfi_reversal+HTF_EMA55,2.5,2.5,0.2735047805390095,183,-15.76,25.76,0.873,0.262
H4,ema_21_55,2.5,2.5,0.2720633893804628,37,-12.07,14.61,0.575,0.189
M5,macd_cross+HTF_EMA55,2.0,2.0,0.2681167298477447,423,-6.94,34.25,0.977,0.331
M5,macd_hist_turn+HTF_EMA55,2.0,2.0,0.2681167298477447,423,-6.94,34.25,0.977,0.331
M1,cci_100_cross+HTF_EMA55,2.5,2.5,0.26684040537594256,235,-9.84,31.26,0.944,0.277
H4,mfi_reversal,2.5,3.0,0.258255493564715,51,-14.45,16.1,0.632,0.176
W1,stoch_cross,2.5,3.0,0.25679527740445524,10,-5.91,6.79,0.332,0.1
H2,aroon_cross_25,2.0,2.0,0.25620004211484515,135,-15.01,25.16,0.833,0.296
H2,rsi_trend_pullback+HTF_EMA55,2.0,2.0,0.25367366534987956,153,-15.17,26.01,0.854,0.301
H2,di_cross+HTF_EMA55,2.5,3.0,0.24548655207327796,99,-15.06,23.27,0.802,0.212
H4,volume_spike_break,2.5,3.0,0.24466824063051823,96,-15.86,21.66,0.77,0.208
D1,psar_flip,2.5,3.0,0.24261998245285366,45,-12.66,17.58,0.643,0.178
H1,cci_100_cross,2.0,2.0,0.24132088743597632,610,-6.81,35.09,0.983,0.333
M5,volume_spike_break,2.5,2.5,0.2337119046619151,227,-14.96,28.21,0.905,0.269
M5,psar_flip,2.5,2.5,0.23329861144394728,211,-10.02,31.71,0.941,0.275
M5,ema_21_55,2.0,2.0,0.23149662527940387,270,-10.99,31.61,0.935,0.322
M3,ichimoku_tk_cross,2.0,2.0,0.23131005268250276,91,-15.49,21.9,0.749,0.275
H2,di_cross+HTF_EMA55,2.0,2.0,0.22166880377439346,162,-17.73,25.0,0.839,0.296
H2,stoch_cross,2.0,2.0,0.20522350539822592,339,-11.59,32.25,0.944,0.324
M30,rsi_trend_pullback+HTF_EMA55,2.5,2.5,0.20105048313377616,39,-13.82,13.82,0.539,0.179
M5,volume_spike_break,2.5,3.0,0.19696750695651816,213,-11.37,30.97,0.927,0.239
H1,stoch_cross,2.0,2.0,0.1758972094067183,707,-13.92,32.97,0.969,0.33
H4,sma_50_200+HTF_EMA55,2.0,2.0,0.1572688502665865,18,-8.73,10.52,0.387,0.167
M30,rsi_trend_pullback+HTF_EMA55,2.5,3.0,0.15221914685345755,34,-13.38,13.38,0.508,0.147
M1,rsi50_cross,2.0,2.0,0.1443966281840733,359,-23.24,26.72,0.895,0.312
M3,stoch_cross,2.5,2.5,0.1340336351210875,59,-16.14,18.12,0.631,0.203
M3,ema_21_55+HTF_EMA55,2.5,3.0,0.13192327756682778,47,-10.94,23.04,0.704,0.191
D1,stoch_cross,2.0,2.0,0.1218032118138005,161,-19.35,25.31,0.814,0.292
H2,williams_r_reversal,2.5,2.5,0.12101623569416951,136,-19.77,23.64,0.789,0.243
H1,stoch_cross,2.5,2.5,0.11410510927880216,312,-19.53,28.93,0.908,0.269
M1,roc_momentum_12+HTF_EMA55,2.0,2.0,0.11404742578550217,298,-9.45,35.33,0.953,0.326
D1,psar_flip,2.5,2.5,0.10384008783265966,50,-14.37,18.87,0.617,0.2
M30,cci_100_cross,2.5,2.5,0.09657887227287189,46,-13.9,17.83,0.584,0.196
H4,sma_50_200,2.5,3.0,0.0893442573271758,28,-11.57,14.15,0.478,0.143
H1,rsi50_cross,2.0,2.0,0.08355886828127049,466,-13.57,34.62,0.961,0.326
H1,donchian_20,2.0,2.0,0.05468137945214108,693,-12.06,36.28,0.972,0.33
M1,psar_flip+HTF_EMA55,2.0,2.0,0.04056765170758947,303,-13.89,34.15,0.933,0.32
M5,volume_spike_break,2.0,2.0,0.016863422487111812,297,-18.83,31.19,0.898,0.313
M5,adx_donchian_20_strict,2.0,2.0,0.006690916759727467,360,-14.37,34.56,0.93,0.322
M30,williams_r_reversal,2.0,2.0,0.002282011110138704,84,-19.53,21.11,0.662,0.25
D1,rsi50_cross,2.5,3.0,-0.0008121552533946891,41,-12.61,20.78,0.603,0.171
M30,ichimoku_tk_cross,2.5,2.5,-0.005615292296518831,40,-14.68,16.69,0.518,0.175
M15,williams_r_reversal,2.0,2.0,-0.006355035255329378,145,-20.81,26.04,0.785,0.283
H2,aroon_cross_25,2.5,2.5,-0.008672032549209022,110,-21.1,23.02,0.725,0.227
M30,supertrend_flip,2.5,2.5,-0.011615268557615119,36,-14.22,15.85,0.491,0.167
D1,mfi_reversal+HTF_EMA55,2.5,3.0,-0.025368088907024043,12,-7.78,8.65,0.26,0.083
M15,rsi50_cross+HTF_EMA55,2.0,2.0,-0.0315485449417828,132,-17.49,28.08,0.789,0.288
M5,sma_50_200,2.0,2.0,-0.037263651280682986,105,-22.06,22.06,0.689,0.257
M15,di_cross,2.0,2.0,-0.04987297503836971,123,-19.84,26.49,0.767,0.276
M15,ichimoku_tk_cross,2.5,3.0,-0.05236114095695754,59,-17.87,20.12,0.613,0.169
M3,stoch_cross,2.5,3.0,-0.0545641172850385,49,-16.1,19.98,0.592,0.163
M1,ema_50_200,2.5,3.0,-0.05872331736113909,70,-13.84,26.99,0.734,0.2
H4,bb_breakout,2.5,3.0,-0.07173001953215856,96,-19.12,24.48,0.718,0.198
H1,roc_momentum_12,2.0,2.0,-0.08771048587910729,497,-19.63,34.62,0.937,0.322
H1,di_cross,2.5,3.0,-0.0935184567924289,249,-15.26,34.82,0.917,0.237
H4,keltner_break,2.5,2.5,-0.10228451371419839,90,-18.91,24.98,0.707,0.222
D1,williams_r_reversal,2.5,2.5,-0.11333215907842704,80,-19.22,23.81,0.678,0.212
D1,mfi_reversal+HTF_EMA55,2.5,2.5,-0.12077642355574322,12,-8.23,8.65,0.217,0.083
M5,sma_50_200+HTF_EMA55,2.0,2.0,-0.13363809414074002,96,-21.99,23.27,0.672,0.25
M30,roc_momentum_12,2.5,2.5,-0.141218382737112,41,-15.54,17.98,0.491,0.171
M30,aroon_cross_25,2.5,3.0,-0.15145090943955042,32,-15.06,15.06,0.42,0.125
D1,williams_r_reversal,2.5,3.0,-0.15965949606736934,54,-16.99,21.76,0.592,0.167
H4,sma_50_200,2.5,2.5,-0.16751120211213874,28,-13.28,15.39,0.398,0.143
H3,stoch_cross,2.0,2.0,-0.17072494631307208,224,-26.72,28.0,0.809,0.29
H1,stoch_cross,2.5,3.0,-0.17546511386712027,229,-24.53,29.91,0.85,0.223
H1,rsi50_cross,2.5,3.0,-0.191185341140038,210,-18.89,34.01,0.886,0.229
M15,ema_9_21,2.5,3.0,-0.2036716269522435,85,-19.79,24.75,0.668,0.188
M5,cci_100_cross,2.5,3.0,-0.2627780303067054,273,-25.02,32.03,0.863,0.227
M5,mfi_reversal,2.5,2.5,-0.30256154140742203,196,-17.96,36.57,0.877,0.26
D1,stoch_cross,2.5,2.5,-0.3042980220661796,101,-22.18,27.28,0.697,0.218
H1,di_cross,2.0,2.0,-0.341224578287261,446,-23.9,36.79,0.909,0.316
H1,ema_12_26,2.0,2.0,-0.42423571816722977,383,-21.11,39.49,0.907,0.316
M5,cci_100_cross,2.5,2.5,-0.46384964653393723,301,-29.53,33.54,0.838,0.256
D1,mfi_reversal,2.0,2.0,-0.47065392556734303,70,-22.56,24.08,0.539,0.214
M15,di_cross,2.5,3.0,-0.4725506623756671,73,-22.77,24.97,0.575,0.164
M5,rsi50_cross,2.5,3.0,-0.5339558548069268,144,-25.81,32.51,0.754,0.201
M30,stoch_cross,2.0,2.0,-0.5372214847569978,89,-25.73,25.73,0.576,0.225
H1,psar_flip,2.0,2.0,-0.5425327457713104,541,-28.28,39.22,0.913,0.316
M1,ema_21_55,2.5,2.5,-0.6378115834370481,145,-29.22,31.89,0.715,0.221
M5,macd_hist_turn,2.5,2.5,-0.6459928794947757,192,-25.68,37.94,0.821,0.245
M5,macd_cross,2.5,2.5,-0.6459928794947757,192,-25.68,37.94,0.821,0.245
M1,mfi_reversal,2.5,2.5,-0.6549262445883645,157,-30.36,31.71,0.713,0.223
H4,sma_50_200+HTF_EMA55,2.5,3.0,-0.6990158991137437,18,-13.18,15.71,0.161,0.056
H4,sma_50_200+HTF_EMA55,2.5,2.5,-0.7611165606839084,18,-13.6,15.71,0.134,0.056
M1,ema_21_55,2.5,3.0,-0.778933975016618,142,-30.07,34.01,0.714,0.19
M5,aroon_cross_25,2.0,2.0,-0.8060050711381272,253,-32.52,36.97,0.775,0.285
D1,mfi_reversal,2.5,2.5,-0.8338518177409276,49,-22.06,25.82,0.413,0.143
M1,macd_cross,2.0,2.0,-0.8821418000802,389,-36.02,39.89,0.842,0.298
M1,macd_hist_turn,2.0,2.0,-0.8821418000802,389,-36.02,39.89,0.842,0.298
M1,mfi_reversal,2.0,2.0,-0.8866225846776776,240,-31.76,38.57,0.768,0.283
D1,mfi_reversal,2.5,3.0,-0.9436584075116492,42,-23.18,23.18,0.316,0.095
M5,psar_flip,2.5,3.0,-0.9833651080080029,182,-33.18,37.98,0.74,0.198
M5,bb_breakout,2.0,2.0,-1000000000.0,531,13.47,40.5,1.029,0.345
M15,bb_mean_revert+HTF_EMA55,2.0,2.0,-1000000000.0,0,0.0,0.0,0.0,0.0
W1,ichimoku_tk_cross,2.0,2.0,-1000000000.0,7,-6.79,6.79,0.0,0.0
M15,bb_mean_revert,2.5,3.0,-1000000000.0,0,0.0,0.0,0.0,0.0
W1,bb_mean_revert,2.5,3.0,-1000000000.0,0,0.0,0.0,0.0,0.0
W1,rsi50_cross,2.5,3.0,-1000000000.0,5,-4.9,4.9,0.0,0.0
W1,bb_mean_revert,2.0,2.0,-1000000000.0,0,0.0,0.0,0.0,0.0
W1,bb_mean_revert,2.5,2.5,-1000000000.0,0,0.0,0.0,0.0,0.0
W1,rsi_trend_pullback,2.5,2.5,-1000000000.0,4,-0.54,1.99,0.82,0.25
W1,macd_hist_turn,2.5,3.0,-1000000000.0,4,-3.94,3.94,0.0,0.0
W1,di_cross,2.5,2.5,-1000000000.0,7,-3.5,3.94,0.412,0.143
W1,rsi_trend_pullback,2.5,3.0,-1000000000.0,4,-0.06,1.99,0.98,0.25
W1,roc_momentum_12,2.5,2.5,-1000000000.0,6,-2.52,3.94,0.488,0.167
W1,keltner_break,2.5,2.5,-1000000000.0,6,4.49,1.99,2.487,0.5
W1,keltner_break,2.5,3.0,-1000000000.0,6,1.91,1.99,1.471,0.333
W1,roc_momentum_12,2.5,3.0,-1000000000.0,4,-3.94,3.94,0.0,0.0
M30,sma_50_200,2.0,2.0,-1000000000.0,14,3.92,3.94,1.486,0.429
M30,mfi_reversal+HTF_EMA55,2.5,3.0,-1000000000.0,19,0.71,6.79,1.049,0.263
M30,mfi_reversal+HTF_EMA55,2.5,2.5,-1000000000.0,19,-1.71,6.79,0.879,0.263
W1,keltner_break,2.0,2.0,-1000000000.0,7,1.94,1.99,1.48,0.429
M30,ema_50_200+HTF_EMA55,2.5,3.0,-1000000000.0,17,2.76,7.73,1.228,0.294
M30,ema_50_200,2.5,3.0,-1000000000.0,17,2.76,7.73,1.228,0.294
M30,ema_50_200+HTF_EMA55,2.0,2.0,-1000000000.0,17,7.03,3.94,1.758,0.471
M5,bb_mean_revert,2.0,2.0,-1000000000.0,1,2.0,0.0,200000000000.0,1.0
M30,ema_50_200,2.0,2.0,-1000000000.0,17,7.03,3.94,1.758,0.471
M5,stoch_cross,2.0,2.0,-1000000000.0,619,-14.87,45.16,0.968,0.328
M5,bb_mean_revert+HTF_EMA55,2.5,3.0,-1000000000.0,0,0.0,0.0,0.0,0.0
M30,ema_50_200,2.5,2.5,-1000000000.0,17,7.5,3.94,1.742,0.412
M5,bb_mean_revert+HTF_EMA55,2.5,2.5,-1000000000.0,0,0.0,0.0,0.0,0.0
M5,bb_mean_revert,2.5,2.5,-1000000000.0,1,-1.0,1.0,0.0,0.0
M5,bb_mean_revert,2.5,3.0,-1000000000.0,1,-1.0,1.0,0.0,0.0
M5,bb_mean_revert+HTF_EMA55,2.0,2.0,-1000000000.0,0,0.0,0.0,0.0,0.0
H2,bb_mean_revert+HTF_EMA55,2.5,3.0,-1000000000.0,0,0.0,0.0,0.0,0.0
H2,bb_mean_revert+HTF_EMA55,2.5,2.5,-1000000000.0,0,0.0,0.0,0.0,0.0
M3,mfi_reversal+HTF_EMA55,2.5,3.0,-1000000000.0,27,0.59,5.85,1.03,0.259
M5,macd_hist_turn,2.5,3.0,-1000000000.0,172,-34.4,42.7,0.736,0.192
M30,bb_mean_revert,2.0,2.0,-1000000000.0,1,-1.0,1.0,0.0,0.0
M30,bb_mean_revert,2.5,2.5,-1000000000.0,1,2.5,0.0,249999999999.998,1.0
M3,sma_50_200+HTF_EMA55,2.0,2.0,-1000000000.0,15,-5.94,7.75,0.488,0.2
M3,sma_50_200+HTF_EMA55,2.5,2.5,-1000000000.0,15,2.32,4.02,1.235,0.333
M30,sma_50_200,2.5,2.5,-1000000000.0,13,0.84,5.42,1.095,0.308
M30,sma_50_200,2.5,3.0,-1000000000.0,13,-1.18,4.96,0.88,0.231
M30,sma_50_200+HTF_EMA55,2.0,2.0,-1000000000.0,14,3.92,3.94,1.486,0.429
M30,sma_50_200+HTF_EMA55,2.5,2.5,-1000000000.0,13,0.84,5.42,1.095,0.308
M1,bb_mean_revert,2.0,2.0,-1000000000.0,0,0.0,0.0,0.0,0.0
W1,ema_50_200,2.0,2.0,-1000000000.0,2,0.98,1.0,1.98,0.5
W1,ema_21_55,2.5,3.0,-1000000000.0,3,0.95,1.0,1.471,0.333
W1,ema_21_55,2.5,2.5,-1000000000.0,3,0.46,1.0,1.228,0.333
M1,bb_mean_revert+HTF_EMA55,2.5,3.0,-1000000000.0,0,0.0,0.0,0.0,0.0
M1,bb_mean_revert+HTF_EMA55,2.5,2.5,-1000000000.0,0,0.0,0.0,0.0,0.0
W1,adx_rising_break_20,2.5,2.5,-1000000000.0,7,-0.09,4.9,0.983,0.286
W1,aroon_cross_25,2.5,3.0,-1000000000.0,4,-3.94,3.94,0.0,0.0
W1,williams_r_reversal,2.5,2.5,-1000000000.0,7,-3.5,5.85,0.402,0.143
W1,volume_spike_break,2.5,3.0,-1000000000.0,4,-3.94,3.94,0.0,0.0
W1,volume_spike_break,2.5,2.5,-1000000000.0,4,-0.54,2.97,0.817,0.25
W1,aroon_cross_25,2.0,2.0,-1000000000.0,5,0.95,1.99,1.316,0.4
M1,bb_mean_revert+HTF_EMA55,2.0,2.0,-1000000000.0,0,0.0,0.0,0.0,0.0
M1,bb_mean_revert,2.5,3.0,-1000000000.0,0,0.0,0.0,0.0,0.0
M1,bb_mean_revert,2.5,2.5,-1000000000.0,0,0.0,0.0,0.0,0.0
W1,volume_spike_break,2.0,2.0,-1000000000.0,4,-1.03,2.97,0.653,0.25
W1,ichimoku_tk_cross,2.5,3.0,-1000000000.0,6,-5.85,5.85,0.0,0.0
W1,williams_r_reversal,2.5,3.0,-1000000000.0,6,-5.85,5.85,0.0,0.0
W1,aroon_cross_25,2.5,2.5,-1000000000.0,5,1.94,1.99,1.643,0.4
W1,ichimoku_tk_cross,2.5,2.5,-1000000000.0,6,-5.85,5.85,0.0,0.0
M3,volume_spike_break,2.5,3.0,-1000000000.0,24,12.22,6.85,1.786,0.375
M3,volume_spike_break,2.5,2.5,-1000000000.0,27,11.72,7.3,1.715,0.407
M5,donchian_20,2.5,2.5,-1000000000.0,342,0.23,41.2,1.001,0.289
H2,bb_mean_revert+HTF_EMA55,2.0,2.0,-1000000000.0,0,0.0,0.0,0.0,0.0
H2,bb_mean_revert,2.5,3.0,-1000000000.0,0,0.0,0.0,0.0,0.0
H2,bb_mean_revert,2.5,2.5,-1000000000.0,0,0.0,0.0,0.0,0.0
H2,bb_mean_revert,2.0,2.0,-1000000000.0,0,0.0,0.0,0.0,0.0
M5,cci_100_cross,2.0,2.0,-1000000000.0,580,-32.7,52.96,0.915,0.314
M15,bb_mean_revert,2.5,2.5,-1000000000.0,0,0.0,0.0,0.0,0.0
M15,bb_mean_revert,2.0,2.0,-1000000000.0,0,0.0,0.0,0.0,0.0
W1,ema_12_26,2.0,2.0,-1000000000.0,6,-3.0,3.0,0.393,0.167
W1,adx_rising_break_20,2.5,3.0,-1000000000.0,7,0.89,4.9,1.171,0.286
M5,macd_cross,2.5,3.0,-1000000000.0,172,-34.4,42.7,0.736,0.192
H4,bb_mean_revert,2.0,2.0,-1000000000.0,1,-1.0,1.0,0.0,0.0
M15,bb_mean_revert+HTF_EMA55,2.5,2.5,-1000000000.0,0,0.0,0.0,0.0,0.0
M15,bb_mean_revert+HTF_EMA55,2.5,3.0,-1000000000.0,0,0.0,0.0,0.0,0.0
H1,bb_mean_revert+HTF_EMA55,2.5,3.0,-1000000000.0,0,0.0,0.0,0.0,0.0
M15,ema_50_200+HTF_EMA55,2.5,3.0,-1000000000.0,24,12.22,4.96,1.791,0.375
M15,ema_50_200+HTF_EMA55,2.5,2.5,-1000000000.0,24,23.42,2.97,2.92,0.542
M30,ema_50_200+HTF_EMA55,2.5,2.5,-1000000000.0,17,7.5,3.94,1.742,0.412
M3,sma_50_200,2.5,2.5,-1000000000.0,15,2.32,4.02,1.235,0.333
M3,sma_50_200,2.5,3.0,-1000000000.0,15,0.77,4.9,1.071,0.267
M3,sma_50_200,2.0,2.0,-1000000000.0,15,-5.94,7.75,0.488,0.2
H1,bb_mean_revert+HTF_EMA55,2.5,2.5,-1000000000.0,0,0.0,0.0,0.0,0.0
H1,bb_mean_revert+HTF_EMA55,2.0,2.0,-1000000000.0,0,0.0,0.0,0.0,0.0
M3,sma_50_200+HTF_EMA55,2.5,3.0,-1000000000.0,15,0.77,4.9,1.071,0.267
M3,ema_9_21+HTF_EMA55,2.5,3.0,-1000000000.0,33,6.66,7.73,1.29,0.303
M5,donchian_20,2.0,2.0,-1000000000.0,630,-19.09,43.05,0.953,0.325
M3,aroon_cross_25,2.5,2.5,-1000000000.0,26,12.85,4.9,1.84,0.423
H1,bb_mean_revert,2.0,2.0,-1000000000.0,1,-1.0,1.0,0.0,0.0
M3,williams_r_reversal+HTF_EMA55,2.5,3.0,-1000000000.0,29,11.03,10.47,1.545,0.345
M3,volume_spike_break+HTF_EMA55,2.5,2.5,-1000000000.0,24,11.21,6.36,1.778,0.417
M3,bb_mean_revert+HTF_EMA55,2.5,3.0,-1000000000.0,0,0.0,0.0,0.0,0.0
M3,bb_mean_revert+HTF_EMA55,2.5,2.5,-1000000000.0,0,0.0,0.0,0.0,0.0
M3,bb_mean_revert+HTF_EMA55,2.0,2.0,-1000000000.0,0,0.0,0.0,0.0,0.0
M3,bb_mean_revert,2.5,3.0,-1000000000.0,0,0.0,0.0,0.0,0.0
M3,supertrend_flip,2.5,3.0,-1000000000.0,34,-2.45,5.85,0.903,0.235
M3,rsi_trend_pullback,2.5,3.0,-1000000000.0,32,3.55,7.94,1.155,0.281
M3,roc_momentum_12+HTF_EMA55,2.5,3.0,-1000000000.0,31,0.53,7.78,1.024,0.258
M3,keltner_break+HTF_EMA55,2.5,3.0,-1000000000.0,34,14.29,10.47,1.617,0.353
M3,rsi50_cross+HTF_EMA55,2.5,2.5,-1000000000.0,28,18.56,4.9,2.16,0.464
M3,mfi_reversal+HTF_EMA55,2.0,2.0,-1000000000.0,32,3.73,5.04,1.18,0.375
M3,mfi_reversal+HTF_EMA55,2.5,2.5,-1000000000.0,27,4.22,5.42,1.226,0.333
M3,stoch_cross+HTF_EMA55,2.5,3.0,-1000000000.0,33,6.66,8.65,1.282,0.303
M3,di_cross,2.5,2.5,-1000000000.0,30,1.12,9.64,1.051,0.3
M3,di_cross,2.5,3.0,-1000000000.0,30,-2.4,15.71,0.901,0.233
M3,rsi_trend_pullback+HTF_EMA55,2.5,3.0,-1000000000.0,33,2.51,9.78,1.106,0.273
M3,volume_spike_break+HTF_EMA55,2.5,3.0,-1000000000.0,22,14.5,5.91,2.074,0.409
H3,bb_mean_revert+HTF_EMA55,2.5,3.0,-1000000000.0,0,0.0,0.0,0.0,0.0
H3,bb_mean_revert+HTF_EMA55,2.5,2.5,-1000000000.0,0,0.0,0.0,0.0,0.0
M30,bb_mean_revert,2.5,3.0,-1000000000.0,1,3.0,0.0,300000000000.0,1.0
H1,rsi50_cross,2.5,2.5,-1000000000.0,264,-19.85,41.25,0.898,0.265
M30,bb_mean_revert+HTF_EMA55,2.0,2.0,-1000000000.0,0,0.0,0.0,0.0,0.0
M30,bb_mean_revert+HTF_EMA55,2.5,2.5,-1000000000.0,0,0.0,0.0,0.0,0.0
M30,bb_mean_revert+HTF_EMA55,2.5,3.0,-1000000000.0,0,0.0,0.0,0.0,0.0
H3,bb_mean_revert,2.0,2.0,-1000000000.0,0,0.0,0.0,0.0,0.0
H3,bb_mean_revert,2.5,2.5,-1000000000.0,0,0.0,0.0,0.0,0.0
M3,rsi50_cross+HTF_EMA55,2.5,3.0,-1000000000.0,22,5.78,6.79,1.39,0.318
M3,bb_mean_revert,2.0,2.0,-1000000000.0,0,0.0,0.0,0.0,0.0
M3,bb_mean_revert,2.5,2.5,-1000000000.0,0,0.0,0.0,0.0,0.0
H3,bb_mean_revert,2.5,3.0,-1000000000.0,0,0.0,0.0,0.0,0.0
H3,bb_mean_revert+HTF_EMA55,2.0,2.0,-1000000000.0,0,0.0,0.0,0.0,0.0
H1,bb_mean_revert,2.5,2.5,-1000000000.0,1,-1.0,1.0,0.0,0.0
H1,bb_mean_revert,2.5,3.0,-1000000000.0,1,-1.0,1.0,0.0,0.0
M3,ema_50_200,2.5,3.0,-1000000000.0,13,2.82,4.0,1.308,0.308
M3,ema_50_200,2.5,2.5,-1000000000.0,13,8.09,2.97,2.118,0.462
M3,adx_donchian_55+HTF_EMA55,2.5,2.5,-1000000000.0,31,15.04,6.36,1.784,0.419
M3,adx_donchian_55+HTF_EMA55,2.5,3.0,-1000000000.0,26,19.05,8.65,2.187,0.423
M3,adx_donchian_55,2.5,3.0,-1000000000.0,26,19.05,8.65,2.187,0.423
M3,adx_donchian_55,2.5,2.5,-1000000000.0,31,15.04,6.36,1.784,0.419
M3,mfi_reversal,2.5,3.0,-1000000000.0,27,4.66,5.01,1.237,0.296
M3,adx_donchian_20+HTF_EMA55,2.5,3.0,-1000000000.0,26,19.05,6.79,2.213,0.423
M3,psar_flip+HTF_EMA55,2.5,2.5,-1000000000.0,32,6.24,6.79,1.289,0.344
M3,aroon_cross_25+HTF_EMA55,2.5,3.0,-1000000000.0,16,12.35,3.94,2.324,0.438
M3,mfi_reversal,2.5,2.5,-1000000000.0,28,6.82,5.42,1.364,0.357
M3,psar_flip+HTF_EMA55,2.5,3.0,-1000000000.0,28,7.8,6.79,1.403,0.321
M3,aroon_cross_25+HTF_EMA55,2.5,2.5,-1000000000.0,18,14.09,3.94,2.462,0.5
M3,aroon_cross_25+HTF_EMA55,2.0,2.0,-1000000000.0,30,19.26,3.03,2.245,0.533
M3,di_cross+HTF_EMA55,2.5,2.5,-1000000000.0,34,11.62,5.85,1.522,0.382
M3,aroon_cross_25,2.5,3.0,-1000000000.0,22,5.78,4.9,1.382,0.318
M3,di_cross+HTF_EMA55,2.5,3.0,-1000000000.0,29,11.03,6.79,1.54,0.345
W1,psar_flip,2.5,3.0,-1000000000.0,3,-2.97,2.97,0.0,0.0
M15,ema_50_200,2.5,2.5,-1000000000.0,24,23.42,2.97,2.92,0.542
W1,sma_50_200,2.5,3.0,-1000000000.0,2,1.97,1.0,2.97,0.5
W1,sma_50_200,2.0,2.0,-1000000000.0,2,0.98,1.0,1.98,0.5
W1,sma_50_200,2.5,2.5,-1000000000.0,2,1.48,1.0,2.475,0.5
W1,ema_12_26,2.5,3.0,-1000000000.0,6,-2.05,2.97,0.587,0.167
M3,ema_50_200+HTF_EMA55,2.0,2.0,-1000000000.0,13,4.97,3.94,1.709,0.462
M3,ema_12_26+HTF_EMA55,2.5,3.0,-1000000000.0,30,14.36,4.9,1.713,0.367
W1,mfi_reversal,2.5,3.0,-1000000000.0,7,-3.03,3.94,0.488,0.143
M3,ema_50_200+HTF_EMA55,2.5,3.0,-1000000000.0,13,2.82,4.0,1.308,0.308
M3,ema_50_200+HTF_EMA55,2.5,2.5,-1000000000.0,13,8.09,2.97,2.118,0.462
M3,triple_ema_pullback+HTF_EMA55,2.5,3.0,-1000000000.0,29,-1.41,10.57,0.935,0.241
M3,adx_donchian_20,2.5,3.0,-1000000000.0,29,15.52,7.73,1.834,0.379
M3,ema_12_26+HTF_EMA55,2.5,2.5,-1000000000.0,34,15.57,4.9,1.719,0.412
M3,triple_ema_pullback,2.5,3.0,-1000000000.0,31,-3.37,12.35,0.855,0.226
D1,bb_mean_revert,2.0,2.0,-1000000000.0,0,0.0,0.0,0.0,0.0
M3,ema_50_200,2.0,2.0,-1000000000.0,13,4.97,3.94,1.709,0.462
H4,bb_mean_revert+HTF_EMA55,2.5,3.0,-1000000000.0,0,0.0,0.0,0.0,0.0
H4,bb_mean_revert+HTF_EMA55,2.5,2.5,-1000000000.0,0,0.0,0.0,0.0,0.0
H4,bb_mean_revert,2.5,3.0,-1000000000.0,1,-1.0,1.0,0.0,0.0
H4,bb_mean_revert+HTF_EMA55,2.0,2.0,-1000000000.0,0,0.0,0.0,0.0,0.0
H4,bb_mean_revert,2.5,2.5,-1000000000.0,1,-1.0,1.0,0.0,0.0
H1,stoch_cross+HTF_EMA55,2.0,2.0,-1000000000.0,513,3.93,40.96,1.009,0.339
M5,donchian_10,2.0,2.0,-1000000000.0,676,-1.73,40.62,0.997,0.336
M15,ema_50_200,2.5,3.0,-1000000000.0,24,12.22,4.96,1.791,0.375
D1,bb_mean_revert+HTF_EMA55,2.0,2.0,-1000000000.0,0,0.0,0.0,0.0,0.0
W1,triple_ema_pullback,2.5,3.0,-1000000000.0,6,1.91,1.99,1.474,0.333
D1,bb_mean_revert+HTF_EMA55,2.5,3.0,-1000000000.0,0,0.0,0.0,0.0,0.0
D1,bb_mean_revert,2.5,3.0,-1000000000.0,0,0.0,0.0,0.0,0.0
D1,bb_mean_revert+HTF_EMA55,2.5,2.5,-1000000000.0,0,0.0,0.0,0.0,0.0
D1,bb_mean_revert,2.5,2.5,-1000000000.0,0,0.0,0.0,0.0,0.0
W1,ema_50_200,2.5,2.5,-1000000000.0,2,1.48,1.0,2.475,0.5
W1,psar_flip,2.5,2.5,-1000000000.0,6,-2.52,2.97,0.49,0.167
W1,macd_cross,2.5,2.5,-1000000000.0,4,-3.94,3.94,0.0,0.0
W1,macd_cross,2.5,3.0,-1000000000.0,4,-3.94,3.94,0.0,0.0
W1,triple_ema_pullback,2.5,2.5,-1000000000.0,6,0.92,1.99,1.23,0.333
M30,sma_50_200+HTF_EMA55,2.5,3.0,-1000000000.0,13,-1.18,4.96,0.88,0.231
W1,triple_ema_pullback,2.0,2.0,-1000000000.0,6,-0.06,1.99,0.985,0.333
W1,ema_50_200,2.5,3.0,-1000000000.0,2,1.97,1.0,2.97,0.5
W1,macd_hist_turn,2.5,2.5,-1000000000.0,4,-3.94,3.94,0.0,0.0
W1,ema_12_26,2.5,2.5,-1000000000.0,6,-2.52,2.97,0.49,0.167
W1,supertrend_flip,2.5,2.5,-1000000000.0,5,-1.54,2.97,0.612,0.2
W1,supertrend_flip,2.5,3.0,-1000000000.0,5,-1.06,2.97,0.733,0.2
W1,supertrend_flip,2.0,2.0,-1000000000.0,5,-2.02,2.97,0.49,0.2
M1,psar_flip,2.0,2.0,-1000000000.0,420,-43.96,50.75,0.819,0.29
W1,di_cross,2.5,3.0,-1000000000.0,7,-3.03,3.94,0.493,0.143
W1,ema_21_55,2.0,2.0,-1000000000.0,3,-0.03,1.0,0.985,0.333
